ERROR - 2026-08-07 03:04:44 --> Unknown column 'id_sekolah' in 'order clause'
in SYSTEMPATH\Database\MySQLi\Connection.php on line 300.
 1 SYSTEMPATH\Database\MySQLi\Connection.php(300): mysqli->query('SELECT *
FROM `sekolah`
ORDER BY `id_sekolah` DESC
 LIMIT 10', 0)
 2 SYSTEMPATH\Database\BaseConnection.php(908): CodeIgniter\Database\MySQLi\Connection->execute('SELECT *
FROM `sekolah`
ORDER BY `id_sekolah` DESC
 LIMIT 10')
 3 SYSTEMPATH\Database\BaseConnection.php(825): CodeIgniter\Database\BaseConnection->simpleQuery('SELECT *
FROM `sekolah`
ORDER BY `id_sekolah` DESC
 LIMIT 10')
 4 SYSTEMPATH\Database\BaseBuilder.php(1655): CodeIgniter\Database\BaseConnection->query('SELECT *
FROM `sekolah`
ORDER BY `id_sekolah` DESC
 LIMIT 10', [], false)
 5 SYSTEMPATH\Model.php(255): CodeIgniter\Database\BaseBuilder->get()
 6 SYSTEMPATH\BaseModel.php(676): CodeIgniter\Model->doFindAll(10, 0)
 7 SYSTEMPATH\BaseModel.php(1337): CodeIgniter\BaseModel->findAll(10, 0)
 8 APPPATH\Controllers\Admin\Sekolah.php(46): CodeIgniter\BaseModel->paginate(10, 'sekolah')
 9 SYSTEMPATH\CodeIgniter.php(974): App\Controllers\Admin\Sekolah->index()
10 SYSTEMPATH\CodeIgniter.php(520): CodeIgniter\CodeIgniter->runController(Object(App\Controllers\Admin\Sekolah))
11 SYSTEMPATH\CodeIgniter.php(363): CodeIgniter\CodeIgniter->handleRequest(null, Object(Config\Cache), false)
12 SYSTEMPATH\Boot.php(417): CodeIgniter\CodeIgniter->run()
13 SYSTEMPATH\Boot.php(68): CodeIgniter\Boot::runCodeIgniter(Object(CodeIgniter\CodeIgniter))
14 FCPATH\index.php(59): CodeIgniter\Boot::bootWeb(Object(Config\Paths))
CRITICAL - 2026-08-07 03:04:44 --> CodeIgniter\Database\Exceptions\DatabaseException: Unknown column 'id_sekolah' in 'order clause'
[Method: GET, Route: admin/sekolah]
in SYSTEMPATH\Database\BaseConnection.php on line 863.
 1 SYSTEMPATH\Database\BaseBuilder.php(1655): CodeIgniter\Database\BaseConnection->query('SELECT *
FROM `sekolah`
ORDER BY `id_sekolah` DESC
 LIMIT 10', [], false)
 2 SYSTEMPATH\Model.php(255): CodeIgniter\Database\BaseBuilder->get()
 3 SYSTEMPATH\BaseModel.php(676): CodeIgniter\Model->doFindAll(10, 0)
 4 SYSTEMPATH\BaseModel.php(1337): CodeIgniter\BaseModel->findAll(10, 0)
 5 APPPATH\Controllers\Admin\Sekolah.php(46): CodeIgniter\BaseModel->paginate(10, 'sekolah')
 6 SYSTEMPATH\CodeIgniter.php(974): App\Controllers\Admin\Sekolah->index()
 7 SYSTEMPATH\CodeIgniter.php(520): CodeIgniter\CodeIgniter->runController(Object(App\Controllers\Admin\Sekolah))
 8 SYSTEMPATH\CodeIgniter.php(363): CodeIgniter\CodeIgniter->handleRequest(null, Object(Config\Cache), false)
 9 SYSTEMPATH\Boot.php(417): CodeIgniter\CodeIgniter->run()
10 SYSTEMPATH\Boot.php(68): CodeIgniter\Boot::runCodeIgniter(Object(CodeIgniter\CodeIgniter))
11 FCPATH\index.php(59): CodeIgniter\Boot::bootWeb(Object(Config\Paths))
CRITICAL - 2026-08-07 03:04:44 --> [Caused by] CodeIgniter\Database\Exceptions\DatabaseException: Unknown column 'id_sekolah' in 'order clause'
in SYSTEMPATH\Database\MySQLi\Connection.php on line 310.
 1 SYSTEMPATH\Database\BaseConnection.php(908): CodeIgniter\Database\MySQLi\Connection->execute('SELECT *
FROM `sekolah`
ORDER BY `id_sekolah` DESC
 LIMIT 10')
 2 SYSTEMPATH\Database\BaseConnection.php(825): CodeIgniter\Database\BaseConnection->simpleQuery('SELECT *
FROM `sekolah`
ORDER BY `id_sekolah` DESC
 LIMIT 10')
 3 SYSTEMPATH\Database\BaseBuilder.php(1655): CodeIgniter\Database\BaseConnection->query('SELECT *
FROM `sekolah`
ORDER BY `id_sekolah` DESC
 LIMIT 10', [], false)
 4 SYSTEMPATH\Model.php(255): CodeIgniter\Database\BaseBuilder->get()
 5 SYSTEMPATH\BaseModel.php(676): CodeIgniter\Model->doFindAll(10, 0)
 6 SYSTEMPATH\BaseModel.php(1337): CodeIgniter\BaseModel->findAll(10, 0)
 7 APPPATH\Controllers\Admin\Sekolah.php(46): CodeIgniter\BaseModel->paginate(10, 'sekolah')
 8 SYSTEMPATH\CodeIgniter.php(974): App\Controllers\Admin\Sekolah->index()
 9 SYSTEMPATH\CodeIgniter.php(520): CodeIgniter\CodeIgniter->runController(Object(App\Controllers\Admin\Sekolah))
10 SYSTEMPATH\CodeIgniter.php(363): CodeIgniter\CodeIgniter->handleRequest(null, Object(Config\Cache), false)
11 SYSTEMPATH\Boot.php(417): CodeIgniter\CodeIgniter->run()
12 SYSTEMPATH\Boot.php(68): CodeIgniter\Boot::runCodeIgniter(Object(CodeIgniter\CodeIgniter))
13 FCPATH\index.php(59): CodeIgniter\Boot::bootWeb(Object(Config\Paths))
CRITICAL - 2026-08-07 03:04:44 --> [Caused by] mysqli_sql_exception: Unknown column 'id_sekolah' in 'order clause'
in SYSTEMPATH\Database\MySQLi\Connection.php on line 300.
 1 SYSTEMPATH\Database\MySQLi\Connection.php(300): mysqli->query('SELECT *
FROM `sekolah`
ORDER BY `id_sekolah` DESC
 LIMIT 10', 0)
 2 SYSTEMPATH\Database\BaseConnection.php(908): CodeIgniter\Database\MySQLi\Connection->execute('SELECT *
FROM `sekolah`
ORDER BY `id_sekolah` DESC
 LIMIT 10')
 3 SYSTEMPATH\Database\BaseConnection.php(825): CodeIgniter\Database\BaseConnection->simpleQuery('SELECT *
FROM `sekolah`
ORDER BY `id_sekolah` DESC
 LIMIT 10')
 4 SYSTEMPATH\Database\BaseBuilder.php(1655): CodeIgniter\Database\BaseConnection->query('SELECT *
FROM `sekolah`
ORDER BY `id_sekolah` DESC
 LIMIT 10', [], false)
 5 SYSTEMPATH\Model.php(255): CodeIgniter\Database\BaseBuilder->get()
 6 SYSTEMPATH\BaseModel.php(676): CodeIgniter\Model->doFindAll(10, 0)
 7 SYSTEMPATH\BaseModel.php(1337): CodeIgniter\BaseModel->findAll(10, 0)
 8 APPPATH\Controllers\Admin\Sekolah.php(46): CodeIgniter\BaseModel->paginate(10, 'sekolah')
 9 SYSTEMPATH\CodeIgniter.php(974): App\Controllers\Admin\Sekolah->index()
10 SYSTEMPATH\CodeIgniter.php(520): CodeIgniter\CodeIgniter->runController(Object(App\Controllers\Admin\Sekolah))
11 SYSTEMPATH\CodeIgniter.php(363): CodeIgniter\CodeIgniter->handleRequest(null, Object(Config\Cache), false)
12 SYSTEMPATH\Boot.php(417): CodeIgniter\CodeIgniter->run()
13 SYSTEMPATH\Boot.php(68): CodeIgniter\Boot::runCodeIgniter(Object(CodeIgniter\CodeIgniter))
14 FCPATH\index.php(59): CodeIgniter\Boot::bootWeb(Object(Config\Paths))
ERROR - 2026-08-07 03:05:12 --> Unknown column 'id_sekolah' in 'order clause'
in SYSTEMPATH\Database\MySQLi\Connection.php on line 300.
 1 SYSTEMPATH\Database\MySQLi\Connection.php(300): mysqli->query('SELECT *
FROM `sekolah`
ORDER BY `id_sekolah` DESC
 LIMIT 10', 0)
 2 SYSTEMPATH\Database\BaseConnection.php(908): CodeIgniter\Database\MySQLi\Connection->execute('SELECT *
FROM `sekolah`
ORDER BY `id_sekolah` DESC
 LIMIT 10')
 3 SYSTEMPATH\Database\BaseConnection.php(825): CodeIgniter\Database\BaseConnection->simpleQuery('SELECT *
FROM `sekolah`
ORDER BY `id_sekolah` DESC
 LIMIT 10')
 4 SYSTEMPATH\Database\BaseBuilder.php(1655): CodeIgniter\Database\BaseConnection->query('SELECT *
FROM `sekolah`
ORDER BY `id_sekolah` DESC
 LIMIT 10', [], false)
 5 SYSTEMPATH\Model.php(255): CodeIgniter\Database\BaseBuilder->get()
 6 SYSTEMPATH\BaseModel.php(676): CodeIgniter\Model->doFindAll(10, 0)
 7 SYSTEMPATH\BaseModel.php(1337): CodeIgniter\BaseModel->findAll(10, 0)
 8 APPPATH\Controllers\Admin\Sekolah.php(46): CodeIgniter\BaseModel->paginate(10, 'sekolah')
 9 SYSTEMPATH\CodeIgniter.php(974): App\Controllers\Admin\Sekolah->index()
10 SYSTEMPATH\CodeIgniter.php(520): CodeIgniter\CodeIgniter->runController(Object(App\Controllers\Admin\Sekolah))
11 SYSTEMPATH\CodeIgniter.php(363): CodeIgniter\CodeIgniter->handleRequest(null, Object(Config\Cache), false)
12 SYSTEMPATH\Boot.php(417): CodeIgniter\CodeIgniter->run()
13 SYSTEMPATH\Boot.php(68): CodeIgniter\Boot::runCodeIgniter(Object(CodeIgniter\CodeIgniter))
14 FCPATH\index.php(59): CodeIgniter\Boot::bootWeb(Object(Config\Paths))
CRITICAL - 2026-08-07 03:05:12 --> CodeIgniter\Database\Exceptions\DatabaseException: Unknown column 'id_sekolah' in 'order clause'
[Method: GET, Route: admin/sekolah]
in SYSTEMPATH\Database\BaseConnection.php on line 863.
 1 SYSTEMPATH\Database\BaseBuilder.php(1655): CodeIgniter\Database\BaseConnection->query('SELECT *
FROM `sekolah`
ORDER BY `id_sekolah` DESC
 LIMIT 10', [], false)
 2 SYSTEMPATH\Model.php(255): CodeIgniter\Database\BaseBuilder->get()
 3 SYSTEMPATH\BaseModel.php(676): CodeIgniter\Model->doFindAll(10, 0)
 4 SYSTEMPATH\BaseModel.php(1337): CodeIgniter\BaseModel->findAll(10, 0)
 5 APPPATH\Controllers\Admin\Sekolah.php(46): CodeIgniter\BaseModel->paginate(10, 'sekolah')
 6 SYSTEMPATH\CodeIgniter.php(974): App\Controllers\Admin\Sekolah->index()
 7 SYSTEMPATH\CodeIgniter.php(520): CodeIgniter\CodeIgniter->runController(Object(App\Controllers\Admin\Sekolah))
 8 SYSTEMPATH\CodeIgniter.php(363): CodeIgniter\CodeIgniter->handleRequest(null, Object(Config\Cache), false)
 9 SYSTEMPATH\Boot.php(417): CodeIgniter\CodeIgniter->run()
10 SYSTEMPATH\Boot.php(68): CodeIgniter\Boot::runCodeIgniter(Object(CodeIgniter\CodeIgniter))
11 FCPATH\index.php(59): CodeIgniter\Boot::bootWeb(Object(Config\Paths))
CRITICAL - 2026-08-07 03:05:12 --> [Caused by] CodeIgniter\Database\Exceptions\DatabaseException: Unknown column 'id_sekolah' in 'order clause'
in SYSTEMPATH\Database\MySQLi\Connection.php on line 310.
 1 SYSTEMPATH\Database\BaseConnection.php(908): CodeIgniter\Database\MySQLi\Connection->execute('SELECT *
FROM `sekolah`
ORDER BY `id_sekolah` DESC
 LIMIT 10')
 2 SYSTEMPATH\Database\BaseConnection.php(825): CodeIgniter\Database\BaseConnection->simpleQuery('SELECT *
FROM `sekolah`
ORDER BY `id_sekolah` DESC
 LIMIT 10')
 3 SYSTEMPATH\Database\BaseBuilder.php(1655): CodeIgniter\Database\BaseConnection->query('SELECT *
FROM `sekolah`
ORDER BY `id_sekolah` DESC
 LIMIT 10', [], false)
 4 SYSTEMPATH\Model.php(255): CodeIgniter\Database\BaseBuilder->get()
 5 SYSTEMPATH\BaseModel.php(676): CodeIgniter\Model->doFindAll(10, 0)
 6 SYSTEMPATH\BaseModel.php(1337): CodeIgniter\BaseModel->findAll(10, 0)
 7 APPPATH\Controllers\Admin\Sekolah.php(46): CodeIgniter\BaseModel->paginate(10, 'sekolah')
 8 SYSTEMPATH\CodeIgniter.php(974): App\Controllers\Admin\Sekolah->index()
 9 SYSTEMPATH\CodeIgniter.php(520): CodeIgniter\CodeIgniter->runController(Object(App\Controllers\Admin\Sekolah))
10 SYSTEMPATH\CodeIgniter.php(363): CodeIgniter\CodeIgniter->handleRequest(null, Object(Config\Cache), false)
11 SYSTEMPATH\Boot.php(417): CodeIgniter\CodeIgniter->run()
12 SYSTEMPATH\Boot.php(68): CodeIgniter\Boot::runCodeIgniter(Object(CodeIgniter\CodeIgniter))
13 FCPATH\index.php(59): CodeIgniter\Boot::bootWeb(Object(Config\Paths))
CRITICAL - 2026-08-07 03:05:12 --> [Caused by] mysqli_sql_exception: Unknown column 'id_sekolah' in 'order clause'
in SYSTEMPATH\Database\MySQLi\Connection.php on line 300.
 1 SYSTEMPATH\Database\MySQLi\Connection.php(300): mysqli->query('SELECT *
FROM `sekolah`
ORDER BY `id_sekolah` DESC
 LIMIT 10', 0)
 2 SYSTEMPATH\Database\BaseConnection.php(908): CodeIgniter\Database\MySQLi\Connection->execute('SELECT *
FROM `sekolah`
ORDER BY `id_sekolah` DESC
 LIMIT 10')
 3 SYSTEMPATH\Database\BaseConnection.php(825): CodeIgniter\Database\BaseConnection->simpleQuery('SELECT *
FROM `sekolah`
ORDER BY `id_sekolah` DESC
 LIMIT 10')
 4 SYSTEMPATH\Database\BaseBuilder.php(1655): CodeIgniter\Database\BaseConnection->query('SELECT *
FROM `sekolah`
ORDER BY `id_sekolah` DESC
 LIMIT 10', [], false)
 5 SYSTEMPATH\Model.php(255): CodeIgniter\Database\BaseBuilder->get()
 6 SYSTEMPATH\BaseModel.php(676): CodeIgniter\Model->doFindAll(10, 0)
 7 SYSTEMPATH\BaseModel.php(1337): CodeIgniter\BaseModel->findAll(10, 0)
 8 APPPATH\Controllers\Admin\Sekolah.php(46): CodeIgniter\BaseModel->paginate(10, 'sekolah')
 9 SYSTEMPATH\CodeIgniter.php(974): App\Controllers\Admin\Sekolah->index()
10 SYSTEMPATH\CodeIgniter.php(520): CodeIgniter\CodeIgniter->runController(Object(App\Controllers\Admin\Sekolah))
11 SYSTEMPATH\CodeIgniter.php(363): CodeIgniter\CodeIgniter->handleRequest(null, Object(Config\Cache), false)
12 SYSTEMPATH\Boot.php(417): CodeIgniter\CodeIgniter->run()
13 SYSTEMPATH\Boot.php(68): CodeIgniter\Boot::runCodeIgniter(Object(CodeIgniter\CodeIgniter))
14 FCPATH\index.php(59): CodeIgniter\Boot::bootWeb(Object(Config\Paths))
ERROR - 2026-08-07 03:05:29 --> Unknown column 'id_sekolah' in 'order clause'
in SYSTEMPATH\Database\MySQLi\Connection.php on line 300.
 1 SYSTEMPATH\Database\MySQLi\Connection.php(300): mysqli->query('SELECT *
FROM `sekolah`
ORDER BY `id_sekolah` DESC
 LIMIT 10', 0)
 2 SYSTEMPATH\Database\BaseConnection.php(908): CodeIgniter\Database\MySQLi\Connection->execute('SELECT *
FROM `sekolah`
ORDER BY `id_sekolah` DESC
 LIMIT 10')
 3 SYSTEMPATH\Database\BaseConnection.php(825): CodeIgniter\Database\BaseConnection->simpleQuery('SELECT *
FROM `sekolah`
ORDER BY `id_sekolah` DESC
 LIMIT 10')
 4 SYSTEMPATH\Database\BaseBuilder.php(1655): CodeIgniter\Database\BaseConnection->query('SELECT *
FROM `sekolah`
ORDER BY `id_sekolah` DESC
 LIMIT 10', [], false)
 5 SYSTEMPATH\Model.php(255): CodeIgniter\Database\BaseBuilder->get()
 6 SYSTEMPATH\BaseModel.php(676): CodeIgniter\Model->doFindAll(10, 0)
 7 SYSTEMPATH\BaseModel.php(1337): CodeIgniter\BaseModel->findAll(10, 0)
 8 APPPATH\Controllers\Admin\Sekolah.php(46): CodeIgniter\BaseModel->paginate(10, 'sekolah')
 9 SYSTEMPATH\CodeIgniter.php(974): App\Controllers\Admin\Sekolah->index()
10 SYSTEMPATH\CodeIgniter.php(520): CodeIgniter\CodeIgniter->runController(Object(App\Controllers\Admin\Sekolah))
11 SYSTEMPATH\CodeIgniter.php(363): CodeIgniter\CodeIgniter->handleRequest(null, Object(Config\Cache), false)
12 SYSTEMPATH\Boot.php(417): CodeIgniter\CodeIgniter->run()
13 SYSTEMPATH\Boot.php(68): CodeIgniter\Boot::runCodeIgniter(Object(CodeIgniter\CodeIgniter))
14 FCPATH\index.php(59): CodeIgniter\Boot::bootWeb(Object(Config\Paths))
CRITICAL - 2026-08-07 03:05:29 --> CodeIgniter\Database\Exceptions\DatabaseException: Unknown column 'id_sekolah' in 'order clause'
[Method: GET, Route: admin/sekolah]
in SYSTEMPATH\Database\BaseConnection.php on line 863.
 1 SYSTEMPATH\Database\BaseBuilder.php(1655): CodeIgniter\Database\BaseConnection->query('SELECT *
FROM `sekolah`
ORDER BY `id_sekolah` DESC
 LIMIT 10', [], false)
 2 SYSTEMPATH\Model.php(255): CodeIgniter\Database\BaseBuilder->get()
 3 SYSTEMPATH\BaseModel.php(676): CodeIgniter\Model->doFindAll(10, 0)
 4 SYSTEMPATH\BaseModel.php(1337): CodeIgniter\BaseModel->findAll(10, 0)
 5 APPPATH\Controllers\Admin\Sekolah.php(46): CodeIgniter\BaseModel->paginate(10, 'sekolah')
 6 SYSTEMPATH\CodeIgniter.php(974): App\Controllers\Admin\Sekolah->index()
 7 SYSTEMPATH\CodeIgniter.php(520): CodeIgniter\CodeIgniter->runController(Object(App\Controllers\Admin\Sekolah))
 8 SYSTEMPATH\CodeIgniter.php(363): CodeIgniter\CodeIgniter->handleRequest(null, Object(Config\Cache), false)
 9 SYSTEMPATH\Boot.php(417): CodeIgniter\CodeIgniter->run()
10 SYSTEMPATH\Boot.php(68): CodeIgniter\Boot::runCodeIgniter(Object(CodeIgniter\CodeIgniter))
11 FCPATH\index.php(59): CodeIgniter\Boot::bootWeb(Object(Config\Paths))
CRITICAL - 2026-08-07 03:05:29 --> [Caused by] CodeIgniter\Database\Exceptions\DatabaseException: Unknown column 'id_sekolah' in 'order clause'
in SYSTEMPATH\Database\MySQLi\Connection.php on line 310.
 1 SYSTEMPATH\Database\BaseConnection.php(908): CodeIgniter\Database\MySQLi\Connection->execute('SELECT *
FROM `sekolah`
ORDER BY `id_sekolah` DESC
 LIMIT 10')
 2 SYSTEMPATH\Database\BaseConnection.php(825): CodeIgniter\Database\BaseConnection->simpleQuery('SELECT *
FROM `sekolah`
ORDER BY `id_sekolah` DESC
 LIMIT 10')
 3 SYSTEMPATH\Database\BaseBuilder.php(1655): CodeIgniter\Database\BaseConnection->query('SELECT *
FROM `sekolah`
ORDER BY `id_sekolah` DESC
 LIMIT 10', [], false)
 4 SYSTEMPATH\Model.php(255): CodeIgniter\Database\BaseBuilder->get()
 5 SYSTEMPATH\BaseModel.php(676): CodeIgniter\Model->doFindAll(10, 0)
 6 SYSTEMPATH\BaseModel.php(1337): CodeIgniter\BaseModel->findAll(10, 0)
 7 APPPATH\Controllers\Admin\Sekolah.php(46): CodeIgniter\BaseModel->paginate(10, 'sekolah')
 8 SYSTEMPATH\CodeIgniter.php(974): App\Controllers\Admin\Sekolah->index()
 9 SYSTEMPATH\CodeIgniter.php(520): CodeIgniter\CodeIgniter->runController(Object(App\Controllers\Admin\Sekolah))
10 SYSTEMPATH\CodeIgniter.php(363): CodeIgniter\CodeIgniter->handleRequest(null, Object(Config\Cache), false)
11 SYSTEMPATH\Boot.php(417): CodeIgniter\CodeIgniter->run()
12 SYSTEMPATH\Boot.php(68): CodeIgniter\Boot::runCodeIgniter(Object(CodeIgniter\CodeIgniter))
13 FCPATH\index.php(59): CodeIgniter\Boot::bootWeb(Object(Config\Paths))
CRITICAL - 2026-08-07 03:05:29 --> [Caused by] mysqli_sql_exception: Unknown column 'id_sekolah' in 'order clause'
in SYSTEMPATH\Database\MySQLi\Connection.php on line 300.
 1 SYSTEMPATH\Database\MySQLi\Connection.php(300): mysqli->query('SELECT *
FROM `sekolah`
ORDER BY `id_sekolah` DESC
 LIMIT 10', 0)
 2 SYSTEMPATH\Database\BaseConnection.php(908): CodeIgniter\Database\MySQLi\Connection->execute('SELECT *
FROM `sekolah`
ORDER BY `id_sekolah` DESC
 LIMIT 10')
 3 SYSTEMPATH\Database\BaseConnection.php(825): CodeIgniter\Database\BaseConnection->simpleQuery('SELECT *
FROM `sekolah`
ORDER BY `id_sekolah` DESC
 LIMIT 10')
 4 SYSTEMPATH\Database\BaseBuilder.php(1655): CodeIgniter\Database\BaseConnection->query('SELECT *
FROM `sekolah`
ORDER BY `id_sekolah` DESC
 LIMIT 10', [], false)
 5 SYSTEMPATH\Model.php(255): CodeIgniter\Database\BaseBuilder->get()
 6 SYSTEMPATH\BaseModel.php(676): CodeIgniter\Model->doFindAll(10, 0)
 7 SYSTEMPATH\BaseModel.php(1337): CodeIgniter\BaseModel->findAll(10, 0)
 8 APPPATH\Controllers\Admin\Sekolah.php(46): CodeIgniter\BaseModel->paginate(10, 'sekolah')
 9 SYSTEMPATH\CodeIgniter.php(974): App\Controllers\Admin\Sekolah->index()
10 SYSTEMPATH\CodeIgniter.php(520): CodeIgniter\CodeIgniter->runController(Object(App\Controllers\Admin\Sekolah))
11 SYSTEMPATH\CodeIgniter.php(363): CodeIgniter\CodeIgniter->handleRequest(null, Object(Config\Cache), false)
12 SYSTEMPATH\Boot.php(417): CodeIgniter\CodeIgniter->run()
13 SYSTEMPATH\Boot.php(68): CodeIgniter\Boot::runCodeIgniter(Object(CodeIgniter\CodeIgniter))
14 FCPATH\index.php(59): CodeIgniter\Boot::bootWeb(Object(Config\Paths))
ERROR - 2026-08-07 03:05:59 --> Unknown column 'id_sekolah' in 'order clause'
in SYSTEMPATH\Database\MySQLi\Connection.php on line 300.
 1 SYSTEMPATH\Database\MySQLi\Connection.php(300): mysqli->query('SELECT *
FROM `sekolah`
ORDER BY `id_sekolah` DESC
 LIMIT 10', 0)
 2 SYSTEMPATH\Database\BaseConnection.php(908): CodeIgniter\Database\MySQLi\Connection->execute('SELECT *
FROM `sekolah`
ORDER BY `id_sekolah` DESC
 LIMIT 10')
 3 SYSTEMPATH\Database\BaseConnection.php(825): CodeIgniter\Database\BaseConnection->simpleQuery('SELECT *
FROM `sekolah`
ORDER BY `id_sekolah` DESC
 LIMIT 10')
 4 SYSTEMPATH\Database\BaseBuilder.php(1655): CodeIgniter\Database\BaseConnection->query('SELECT *
FROM `sekolah`
ORDER BY `id_sekolah` DESC
 LIMIT 10', [], false)
 5 SYSTEMPATH\Model.php(255): CodeIgniter\Database\BaseBuilder->get()
 6 SYSTEMPATH\BaseModel.php(676): CodeIgniter\Model->doFindAll(10, 0)
 7 SYSTEMPATH\BaseModel.php(1337): CodeIgniter\BaseModel->findAll(10, 0)
 8 APPPATH\Controllers\Admin\Sekolah.php(46): CodeIgniter\BaseModel->paginate(10, 'sekolah')
 9 SYSTEMPATH\CodeIgniter.php(974): App\Controllers\Admin\Sekolah->index()
10 SYSTEMPATH\CodeIgniter.php(520): CodeIgniter\CodeIgniter->runController(Object(App\Controllers\Admin\Sekolah))
11 SYSTEMPATH\CodeIgniter.php(363): CodeIgniter\CodeIgniter->handleRequest(null, Object(Config\Cache), false)
12 SYSTEMPATH\Boot.php(417): CodeIgniter\CodeIgniter->run()
13 SYSTEMPATH\Boot.php(68): CodeIgniter\Boot::runCodeIgniter(Object(CodeIgniter\CodeIgniter))
14 FCPATH\index.php(59): CodeIgniter\Boot::bootWeb(Object(Config\Paths))
CRITICAL - 2026-08-07 03:05:59 --> CodeIgniter\Database\Exceptions\DatabaseException: Unknown column 'id_sekolah' in 'order clause'
[Method: GET, Route: admin/sekolah]
in SYSTEMPATH\Database\BaseConnection.php on line 863.
 1 SYSTEMPATH\Database\BaseBuilder.php(1655): CodeIgniter\Database\BaseConnection->query('SELECT *
FROM `sekolah`
ORDER BY `id_sekolah` DESC
 LIMIT 10', [], false)
 2 SYSTEMPATH\Model.php(255): CodeIgniter\Database\BaseBuilder->get()
 3 SYSTEMPATH\BaseModel.php(676): CodeIgniter\Model->doFindAll(10, 0)
 4 SYSTEMPATH\BaseModel.php(1337): CodeIgniter\BaseModel->findAll(10, 0)
 5 APPPATH\Controllers\Admin\Sekolah.php(46): CodeIgniter\BaseModel->paginate(10, 'sekolah')
 6 SYSTEMPATH\CodeIgniter.php(974): App\Controllers\Admin\Sekolah->index()
 7 SYSTEMPATH\CodeIgniter.php(520): CodeIgniter\CodeIgniter->runController(Object(App\Controllers\Admin\Sekolah))
 8 SYSTEMPATH\CodeIgniter.php(363): CodeIgniter\CodeIgniter->handleRequest(null, Object(Config\Cache), false)
 9 SYSTEMPATH\Boot.php(417): CodeIgniter\CodeIgniter->run()
10 SYSTEMPATH\Boot.php(68): CodeIgniter\Boot::runCodeIgniter(Object(CodeIgniter\CodeIgniter))
11 FCPATH\index.php(59): CodeIgniter\Boot::bootWeb(Object(Config\Paths))
CRITICAL - 2026-08-07 03:05:59 --> [Caused by] CodeIgniter\Database\Exceptions\DatabaseException: Unknown column 'id_sekolah' in 'order clause'
in SYSTEMPATH\Database\MySQLi\Connection.php on line 310.
 1 SYSTEMPATH\Database\BaseConnection.php(908): CodeIgniter\Database\MySQLi\Connection->execute('SELECT *
FROM `sekolah`
ORDER BY `id_sekolah` DESC
 LIMIT 10')
 2 SYSTEMPATH\Database\BaseConnection.php(825): CodeIgniter\Database\BaseConnection->simpleQuery('SELECT *
FROM `sekolah`
ORDER BY `id_sekolah` DESC
 LIMIT 10')
 3 SYSTEMPATH\Database\BaseBuilder.php(1655): CodeIgniter\Database\BaseConnection->query('SELECT *
FROM `sekolah`
ORDER BY `id_sekolah` DESC
 LIMIT 10', [], false)
 4 SYSTEMPATH\Model.php(255): CodeIgniter\Database\BaseBuilder->get()
 5 SYSTEMPATH\BaseModel.php(676): CodeIgniter\Model->doFindAll(10, 0)
 6 SYSTEMPATH\BaseModel.php(1337): CodeIgniter\BaseModel->findAll(10, 0)
 7 APPPATH\Controllers\Admin\Sekolah.php(46): CodeIgniter\BaseModel->paginate(10, 'sekolah')
 8 SYSTEMPATH\CodeIgniter.php(974): App\Controllers\Admin\Sekolah->index()
 9 SYSTEMPATH\CodeIgniter.php(520): CodeIgniter\CodeIgniter->runController(Object(App\Controllers\Admin\Sekolah))
10 SYSTEMPATH\CodeIgniter.php(363): CodeIgniter\CodeIgniter->handleRequest(null, Object(Config\Cache), false)
11 SYSTEMPATH\Boot.php(417): CodeIgniter\CodeIgniter->run()
12 SYSTEMPATH\Boot.php(68): CodeIgniter\Boot::runCodeIgniter(Object(CodeIgniter\CodeIgniter))
13 FCPATH\index.php(59): CodeIgniter\Boot::bootWeb(Object(Config\Paths))
CRITICAL - 2026-08-07 03:05:59 --> [Caused by] mysqli_sql_exception: Unknown column 'id_sekolah' in 'order clause'
in SYSTEMPATH\Database\MySQLi\Connection.php on line 300.
 1 SYSTEMPATH\Database\MySQLi\Connection.php(300): mysqli->query('SELECT *
FROM `sekolah`
ORDER BY `id_sekolah` DESC
 LIMIT 10', 0)
 2 SYSTEMPATH\Database\BaseConnection.php(908): CodeIgniter\Database\MySQLi\Connection->execute('SELECT *
FROM `sekolah`
ORDER BY `id_sekolah` DESC
 LIMIT 10')
 3 SYSTEMPATH\Database\BaseConnection.php(825): CodeIgniter\Database\BaseConnection->simpleQuery('SELECT *
FROM `sekolah`
ORDER BY `id_sekolah` DESC
 LIMIT 10')
 4 SYSTEMPATH\Database\BaseBuilder.php(1655): CodeIgniter\Database\BaseConnection->query('SELECT *
FROM `sekolah`
ORDER BY `id_sekolah` DESC
 LIMIT 10', [], false)
 5 SYSTEMPATH\Model.php(255): CodeIgniter\Database\BaseBuilder->get()
 6 SYSTEMPATH\BaseModel.php(676): CodeIgniter\Model->doFindAll(10, 0)
 7 SYSTEMPATH\BaseModel.php(1337): CodeIgniter\BaseModel->findAll(10, 0)
 8 APPPATH\Controllers\Admin\Sekolah.php(46): CodeIgniter\BaseModel->paginate(10, 'sekolah')
 9 SYSTEMPATH\CodeIgniter.php(974): App\Controllers\Admin\Sekolah->index()
10 SYSTEMPATH\CodeIgniter.php(520): CodeIgniter\CodeIgniter->runController(Object(App\Controllers\Admin\Sekolah))
11 SYSTEMPATH\CodeIgniter.php(363): CodeIgniter\CodeIgniter->handleRequest(null, Object(Config\Cache), false)
12 SYSTEMPATH\Boot.php(417): CodeIgniter\CodeIgniter->run()
13 SYSTEMPATH\Boot.php(68): CodeIgniter\Boot::runCodeIgniter(Object(CodeIgniter\CodeIgniter))
14 FCPATH\index.php(59): CodeIgniter\Boot::bootWeb(Object(Config\Paths))
ERROR - 2026-08-07 03:06:46 --> Unknown column 'id_sekolah' in 'order clause'
in SYSTEMPATH\Database\MySQLi\Connection.php on line 300.
 1 SYSTEMPATH\Database\MySQLi\Connection.php(300): mysqli->query('SELECT *
FROM `sekolah`
ORDER BY `id_sekolah` DESC
 LIMIT 10', 0)
 2 SYSTEMPATH\Database\BaseConnection.php(908): CodeIgniter\Database\MySQLi\Connection->execute('SELECT *
FROM `sekolah`
ORDER BY `id_sekolah` DESC
 LIMIT 10')
 3 SYSTEMPATH\Database\BaseConnection.php(825): CodeIgniter\Database\BaseConnection->simpleQuery('SELECT *
FROM `sekolah`
ORDER BY `id_sekolah` DESC
 LIMIT 10')
 4 SYSTEMPATH\Database\BaseBuilder.php(1655): CodeIgniter\Database\BaseConnection->query('SELECT *
FROM `sekolah`
ORDER BY `id_sekolah` DESC
 LIMIT 10', [], false)
 5 SYSTEMPATH\Model.php(255): CodeIgniter\Database\BaseBuilder->get()
 6 SYSTEMPATH\BaseModel.php(676): CodeIgniter\Model->doFindAll(10, 0)
 7 SYSTEMPATH\BaseModel.php(1337): CodeIgniter\BaseModel->findAll(10, 0)
 8 APPPATH\Controllers\Admin\Sekolah.php(49): CodeIgniter\BaseModel->paginate(10, 'sekolah')
 9 SYSTEMPATH\CodeIgniter.php(974): App\Controllers\Admin\Sekolah->index()
10 SYSTEMPATH\CodeIgniter.php(520): CodeIgniter\CodeIgniter->runController(Object(App\Controllers\Admin\Sekolah))
11 SYSTEMPATH\CodeIgniter.php(363): CodeIgniter\CodeIgniter->handleRequest(null, Object(Config\Cache), false)
12 SYSTEMPATH\Boot.php(417): CodeIgniter\CodeIgniter->run()
13 SYSTEMPATH\Boot.php(68): CodeIgniter\Boot::runCodeIgniter(Object(CodeIgniter\CodeIgniter))
14 FCPATH\index.php(59): CodeIgniter\Boot::bootWeb(Object(Config\Paths))
CRITICAL - 2026-08-07 03:06:46 --> CodeIgniter\Database\Exceptions\DatabaseException: Unknown column 'id_sekolah' in 'order clause'
[Method: GET, Route: admin/sekolah]
in SYSTEMPATH\Database\BaseConnection.php on line 863.
 1 SYSTEMPATH\Database\BaseBuilder.php(1655): CodeIgniter\Database\BaseConnection->query('SELECT *
FROM `sekolah`
ORDER BY `id_sekolah` DESC
 LIMIT 10', [], false)
 2 SYSTEMPATH\Model.php(255): CodeIgniter\Database\BaseBuilder->get()
 3 SYSTEMPATH\BaseModel.php(676): CodeIgniter\Model->doFindAll(10, 0)
 4 SYSTEMPATH\BaseModel.php(1337): CodeIgniter\BaseModel->findAll(10, 0)
 5 APPPATH\Controllers\Admin\Sekolah.php(49): CodeIgniter\BaseModel->paginate(10, 'sekolah')
 6 SYSTEMPATH\CodeIgniter.php(974): App\Controllers\Admin\Sekolah->index()
 7 SYSTEMPATH\CodeIgniter.php(520): CodeIgniter\CodeIgniter->runController(Object(App\Controllers\Admin\Sekolah))
 8 SYSTEMPATH\CodeIgniter.php(363): CodeIgniter\CodeIgniter->handleRequest(null, Object(Config\Cache), false)
 9 SYSTEMPATH\Boot.php(417): CodeIgniter\CodeIgniter->run()
10 SYSTEMPATH\Boot.php(68): CodeIgniter\Boot::runCodeIgniter(Object(CodeIgniter\CodeIgniter))
11 FCPATH\index.php(59): CodeIgniter\Boot::bootWeb(Object(Config\Paths))
CRITICAL - 2026-08-07 03:06:46 --> [Caused by] CodeIgniter\Database\Exceptions\DatabaseException: Unknown column 'id_sekolah' in 'order clause'
in SYSTEMPATH\Database\MySQLi\Connection.php on line 310.
 1 SYSTEMPATH\Database\BaseConnection.php(908): CodeIgniter\Database\MySQLi\Connection->execute('SELECT *
FROM `sekolah`
ORDER BY `id_sekolah` DESC
 LIMIT 10')
 2 SYSTEMPATH\Database\BaseConnection.php(825): CodeIgniter\Database\BaseConnection->simpleQuery('SELECT *
FROM `sekolah`
ORDER BY `id_sekolah` DESC
 LIMIT 10')
 3 SYSTEMPATH\Database\BaseBuilder.php(1655): CodeIgniter\Database\BaseConnection->query('SELECT *
FROM `sekolah`
ORDER BY `id_sekolah` DESC
 LIMIT 10', [], false)
 4 SYSTEMPATH\Model.php(255): CodeIgniter\Database\BaseBuilder->get()
 5 SYSTEMPATH\BaseModel.php(676): CodeIgniter\Model->doFindAll(10, 0)
 6 SYSTEMPATH\BaseModel.php(1337): CodeIgniter\BaseModel->findAll(10, 0)
 7 APPPATH\Controllers\Admin\Sekolah.php(49): CodeIgniter\BaseModel->paginate(10, 'sekolah')
 8 SYSTEMPATH\CodeIgniter.php(974): App\Controllers\Admin\Sekolah->index()
 9 SYSTEMPATH\CodeIgniter.php(520): CodeIgniter\CodeIgniter->runController(Object(App\Controllers\Admin\Sekolah))
10 SYSTEMPATH\CodeIgniter.php(363): CodeIgniter\CodeIgniter->handleRequest(null, Object(Config\Cache), false)
11 SYSTEMPATH\Boot.php(417): CodeIgniter\CodeIgniter->run()
12 SYSTEMPATH\Boot.php(68): CodeIgniter\Boot::runCodeIgniter(Object(CodeIgniter\CodeIgniter))
13 FCPATH\index.php(59): CodeIgniter\Boot::bootWeb(Object(Config\Paths))
CRITICAL - 2026-08-07 03:06:46 --> [Caused by] mysqli_sql_exception: Unknown column 'id_sekolah' in 'order clause'
in SYSTEMPATH\Database\MySQLi\Connection.php on line 300.
 1 SYSTEMPATH\Database\MySQLi\Connection.php(300): mysqli->query('SELECT *
FROM `sekolah`
ORDER BY `id_sekolah` DESC
 LIMIT 10', 0)
 2 SYSTEMPATH\Database\BaseConnection.php(908): CodeIgniter\Database\MySQLi\Connection->execute('SELECT *
FROM `sekolah`
ORDER BY `id_sekolah` DESC
 LIMIT 10')
 3 SYSTEMPATH\Database\BaseConnection.php(825): CodeIgniter\Database\BaseConnection->simpleQuery('SELECT *
FROM `sekolah`
ORDER BY `id_sekolah` DESC
 LIMIT 10')
 4 SYSTEMPATH\Database\BaseBuilder.php(1655): CodeIgniter\Database\BaseConnection->query('SELECT *
FROM `sekolah`
ORDER BY `id_sekolah` DESC
 LIMIT 10', [], false)
 5 SYSTEMPATH\Model.php(255): CodeIgniter\Database\BaseBuilder->get()
 6 SYSTEMPATH\BaseModel.php(676): CodeIgniter\Model->doFindAll(10, 0)
 7 SYSTEMPATH\BaseModel.php(1337): CodeIgniter\BaseModel->findAll(10, 0)
 8 APPPATH\Controllers\Admin\Sekolah.php(49): CodeIgniter\BaseModel->paginate(10, 'sekolah')
 9 SYSTEMPATH\CodeIgniter.php(974): App\Controllers\Admin\Sekolah->index()
10 SYSTEMPATH\CodeIgniter.php(520): CodeIgniter\CodeIgniter->runController(Object(App\Controllers\Admin\Sekolah))
11 SYSTEMPATH\CodeIgniter.php(363): CodeIgniter\CodeIgniter->handleRequest(null, Object(Config\Cache), false)
12 SYSTEMPATH\Boot.php(417): CodeIgniter\CodeIgniter->run()
13 SYSTEMPATH\Boot.php(68): CodeIgniter\Boot::runCodeIgniter(Object(CodeIgniter\CodeIgniter))
14 FCPATH\index.php(59): CodeIgniter\Boot::bootWeb(Object(Config\Paths))
ERROR - 2026-08-07 03:08:42 --> Unknown column 'id_sekolah' in 'order clause'
in SYSTEMPATH\Database\MySQLi\Connection.php on line 300.
 1 SYSTEMPATH\Database\MySQLi\Connection.php(300): mysqli->query('SELECT *
FROM `sekolah`
ORDER BY `id_sekolah` DESC
 LIMIT 10', 0)
 2 SYSTEMPATH\Database\BaseConnection.php(908): CodeIgniter\Database\MySQLi\Connection->execute('SELECT *
FROM `sekolah`
ORDER BY `id_sekolah` DESC
 LIMIT 10')
 3 SYSTEMPATH\Database\BaseConnection.php(825): CodeIgniter\Database\BaseConnection->simpleQuery('SELECT *
FROM `sekolah`
ORDER BY `id_sekolah` DESC
 LIMIT 10')
 4 SYSTEMPATH\Database\BaseBuilder.php(1655): CodeIgniter\Database\BaseConnection->query('SELECT *
FROM `sekolah`
ORDER BY `id_sekolah` DESC
 LIMIT 10', [], false)
 5 SYSTEMPATH\Model.php(255): CodeIgniter\Database\BaseBuilder->get()
 6 SYSTEMPATH\BaseModel.php(676): CodeIgniter\Model->doFindAll(10, 0)
 7 SYSTEMPATH\BaseModel.php(1337): CodeIgniter\BaseModel->findAll(10, 0)
 8 APPPATH\Controllers\Admin\Sekolah.php(49): CodeIgniter\BaseModel->paginate(10, 'sekolah')
 9 SYSTEMPATH\CodeIgniter.php(974): App\Controllers\Admin\Sekolah->index()
10 SYSTEMPATH\CodeIgniter.php(520): CodeIgniter\CodeIgniter->runController(Object(App\Controllers\Admin\Sekolah))
11 SYSTEMPATH\CodeIgniter.php(363): CodeIgniter\CodeIgniter->handleRequest(null, Object(Config\Cache), false)
12 SYSTEMPATH\Boot.php(417): CodeIgniter\CodeIgniter->run()
13 SYSTEMPATH\Boot.php(68): CodeIgniter\Boot::runCodeIgniter(Object(CodeIgniter\CodeIgniter))
14 FCPATH\index.php(59): CodeIgniter\Boot::bootWeb(Object(Config\Paths))
CRITICAL - 2026-08-07 03:08:42 --> CodeIgniter\Database\Exceptions\DatabaseException: Unknown column 'id_sekolah' in 'order clause'
[Method: GET, Route: admin/sekolah]
in SYSTEMPATH\Database\BaseConnection.php on line 863.
 1 SYSTEMPATH\Database\BaseBuilder.php(1655): CodeIgniter\Database\BaseConnection->query('SELECT *
FROM `sekolah`
ORDER BY `id_sekolah` DESC
 LIMIT 10', [], false)
 2 SYSTEMPATH\Model.php(255): CodeIgniter\Database\BaseBuilder->get()
 3 SYSTEMPATH\BaseModel.php(676): CodeIgniter\Model->doFindAll(10, 0)
 4 SYSTEMPATH\BaseModel.php(1337): CodeIgniter\BaseModel->findAll(10, 0)
 5 APPPATH\Controllers\Admin\Sekolah.php(49): CodeIgniter\BaseModel->paginate(10, 'sekolah')
 6 SYSTEMPATH\CodeIgniter.php(974): App\Controllers\Admin\Sekolah->index()
 7 SYSTEMPATH\CodeIgniter.php(520): CodeIgniter\CodeIgniter->runController(Object(App\Controllers\Admin\Sekolah))
 8 SYSTEMPATH\CodeIgniter.php(363): CodeIgniter\CodeIgniter->handleRequest(null, Object(Config\Cache), false)
 9 SYSTEMPATH\Boot.php(417): CodeIgniter\CodeIgniter->run()
10 SYSTEMPATH\Boot.php(68): CodeIgniter\Boot::runCodeIgniter(Object(CodeIgniter\CodeIgniter))
11 FCPATH\index.php(59): CodeIgniter\Boot::bootWeb(Object(Config\Paths))
CRITICAL - 2026-08-07 03:08:42 --> [Caused by] CodeIgniter\Database\Exceptions\DatabaseException: Unknown column 'id_sekolah' in 'order clause'
in SYSTEMPATH\Database\MySQLi\Connection.php on line 310.
 1 SYSTEMPATH\Database\BaseConnection.php(908): CodeIgniter\Database\MySQLi\Connection->execute('SELECT *
FROM `sekolah`
ORDER BY `id_sekolah` DESC
 LIMIT 10')
 2 SYSTEMPATH\Database\BaseConnection.php(825): CodeIgniter\Database\BaseConnection->simpleQuery('SELECT *
FROM `sekolah`
ORDER BY `id_sekolah` DESC
 LIMIT 10')
 3 SYSTEMPATH\Database\BaseBuilder.php(1655): CodeIgniter\Database\BaseConnection->query('SELECT *
FROM `sekolah`
ORDER BY `id_sekolah` DESC
 LIMIT 10', [], false)
 4 SYSTEMPATH\Model.php(255): CodeIgniter\Database\BaseBuilder->get()
 5 SYSTEMPATH\BaseModel.php(676): CodeIgniter\Model->doFindAll(10, 0)
 6 SYSTEMPATH\BaseModel.php(1337): CodeIgniter\BaseModel->findAll(10, 0)
 7 APPPATH\Controllers\Admin\Sekolah.php(49): CodeIgniter\BaseModel->paginate(10, 'sekolah')
 8 SYSTEMPATH\CodeIgniter.php(974): App\Controllers\Admin\Sekolah->index()
 9 SYSTEMPATH\CodeIgniter.php(520): CodeIgniter\CodeIgniter->runController(Object(App\Controllers\Admin\Sekolah))
10 SYSTEMPATH\CodeIgniter.php(363): CodeIgniter\CodeIgniter->handleRequest(null, Object(Config\Cache), false)
11 SYSTEMPATH\Boot.php(417): CodeIgniter\CodeIgniter->run()
12 SYSTEMPATH\Boot.php(68): CodeIgniter\Boot::runCodeIgniter(Object(CodeIgniter\CodeIgniter))
13 FCPATH\index.php(59): CodeIgniter\Boot::bootWeb(Object(Config\Paths))
CRITICAL - 2026-08-07 03:08:42 --> [Caused by] mysqli_sql_exception: Unknown column 'id_sekolah' in 'order clause'
in SYSTEMPATH\Database\MySQLi\Connection.php on line 300.
 1 SYSTEMPATH\Database\MySQLi\Connection.php(300): mysqli->query('SELECT *
FROM `sekolah`
ORDER BY `id_sekolah` DESC
 LIMIT 10', 0)
 2 SYSTEMPATH\Database\BaseConnection.php(908): CodeIgniter\Database\MySQLi\Connection->execute('SELECT *
FROM `sekolah`
ORDER BY `id_sekolah` DESC
 LIMIT 10')
 3 SYSTEMPATH\Database\BaseConnection.php(825): CodeIgniter\Database\BaseConnection->simpleQuery('SELECT *
FROM `sekolah`
ORDER BY `id_sekolah` DESC
 LIMIT 10')
 4 SYSTEMPATH\Database\BaseBuilder.php(1655): CodeIgniter\Database\BaseConnection->query('SELECT *
FROM `sekolah`
ORDER BY `id_sekolah` DESC
 LIMIT 10', [], false)
 5 SYSTEMPATH\Model.php(255): CodeIgniter\Database\BaseBuilder->get()
 6 SYSTEMPATH\BaseModel.php(676): CodeIgniter\Model->doFindAll(10, 0)
 7 SYSTEMPATH\BaseModel.php(1337): CodeIgniter\BaseModel->findAll(10, 0)
 8 APPPATH\Controllers\Admin\Sekolah.php(49): CodeIgniter\BaseModel->paginate(10, 'sekolah')
 9 SYSTEMPATH\CodeIgniter.php(974): App\Controllers\Admin\Sekolah->index()
10 SYSTEMPATH\CodeIgniter.php(520): CodeIgniter\CodeIgniter->runController(Object(App\Controllers\Admin\Sekolah))
11 SYSTEMPATH\CodeIgniter.php(363): CodeIgniter\CodeIgniter->handleRequest(null, Object(Config\Cache), false)
12 SYSTEMPATH\Boot.php(417): CodeIgniter\CodeIgniter->run()
13 SYSTEMPATH\Boot.php(68): CodeIgniter\Boot::runCodeIgniter(Object(CodeIgniter\CodeIgniter))
14 FCPATH\index.php(59): CodeIgniter\Boot::bootWeb(Object(Config\Paths))
DEBUG - 2026-08-07 03:10:36 --> Session: Class initialized using 'CodeIgniter\Session\Handlers\FileHandler' driver.
DEBUG - 2026-08-07 03:11:10 --> Session: Class initialized using 'CodeIgniter\Session\Handlers\FileHandler' driver.
DEBUG - 2026-08-07 03:11:18 --> Session: Class initialized using 'CodeIgniter\Session\Handlers\FileHandler' driver.
DEBUG - 2026-08-07 03:11:34 --> Session: Class initialized using 'CodeIgniter\Session\Handlers\FileHandler' driver.
ERROR - 2026-08-07 03:12:38 --> Unknown column 'telepon' in 'field list'
in SYSTEMPATH\Database\MySQLi\Connection.php on line 300.
 1 SYSTEMPATH\Database\MySQLi\Connection.php(300): mysqli->query('INSERT INTO `sekolah` (`nama_sekolah`, `npsn`, `jenjang`, `akreditasi`, `kabupaten_kota`, `kecamatan`, `alamat`, `kepala_sekolah`, `telepon`, `email`, `website`, `foto`) VALUES (\'SMKS Muhamadiyah\', \'000\', \'SMA\', \'A\', \'Kab. Polewali Mandar\', \'Wonomulyo\', \'sdd\', \'Ir. Agung\', \'0888\', \'feff@gmail.com\', \'https://www.dad.or.id\', NULL)', 0)
 2 SYSTEMPATH\Database\BaseConnection.php(908): CodeIgniter\Database\MySQLi\Connection->execute('INSERT INTO `sekolah` (`nama_sekolah`, `npsn`, `jenjang`, `akreditasi`, `kabupaten_kota`, `kecamatan`, `alamat`, `kepala_sekolah`, `telepon`, `email`, `website`, `foto`) VALUES (\'SMKS Muhamadiyah\', \'000\', \'SMA\', \'A\', \'Kab. Polewali Mandar\', \'Wonomulyo\', \'sdd\', \'Ir. Agung\', \'0888\', \'feff@gmail.com\', \'https://www.dad.or.id\', NULL)')
 3 SYSTEMPATH\Database\BaseConnection.php(825): CodeIgniter\Database\BaseConnection->simpleQuery('INSERT INTO `sekolah` (`nama_sekolah`, `npsn`, `jenjang`, `akreditasi`, `kabupaten_kota`, `kecamatan`, `alamat`, `kepala_sekolah`, `telepon`, `email`, `website`, `foto`) VALUES (\'SMKS Muhamadiyah\', \'000\', \'SMA\', \'A\', \'Kab. Polewali Mandar\', \'Wonomulyo\', \'sdd\', \'Ir. Agung\', \'0888\', \'feff@gmail.com\', \'https://www.dad.or.id\', NULL)')
 4 SYSTEMPATH\Database\BaseBuilder.php(2351): CodeIgniter\Database\BaseConnection->query('INSERT INTO `sekolah` (`nama_sekolah`, `npsn`, `jenjang`, `akreditasi`, `kabupaten_kota`, `kecamatan`, `alamat`, `kepala_sekolah`, `telepon`, `email`, `website`, `foto`) VALUES (:nama_sekolah:, :npsn:, :jenjang:, :akreditasi:, :kabupaten_kota:, :kecamatan:, :alamat:, :kepala_sekolah:, :telepon:, :email:, :website:, :foto:)', [...], false)
 5 SYSTEMPATH\Model.php(357): CodeIgniter\Database\BaseBuilder->insert()
 6 SYSTEMPATH\BaseModel.php(899): CodeIgniter\Model->doInsert([...])
 7 SYSTEMPATH\Model.php(670): CodeIgniter\BaseModel->insert([...], false)
 8 SYSTEMPATH\BaseModel.php(752): CodeIgniter\Model->insert([...], false)
 9 APPPATH\Controllers\Admin\Sekolah.php(108): CodeIgniter\BaseModel->save([...])
10 SYSTEMPATH\CodeIgniter.php(974): App\Controllers\Admin\Sekolah->simpan()
11 SYSTEMPATH\CodeIgniter.php(520): CodeIgniter\CodeIgniter->runController(Object(App\Controllers\Admin\Sekolah))
12 SYSTEMPATH\CodeIgniter.php(363): CodeIgniter\CodeIgniter->handleRequest(null, Object(Config\Cache), false)
13 SYSTEMPATH\Boot.php(417): CodeIgniter\CodeIgniter->run()
14 SYSTEMPATH\Boot.php(68): CodeIgniter\Boot::runCodeIgniter(Object(CodeIgniter\CodeIgniter))
15 FCPATH\index.php(59): CodeIgniter\Boot::bootWeb(Object(Config\Paths))
CRITICAL - 2026-08-07 03:12:38 --> CodeIgniter\Database\Exceptions\DatabaseException: Unknown column 'telepon' in 'field list'
[Method: POST, Route: admin/sekolah/simpan]
in SYSTEMPATH\Database\BaseConnection.php on line 863.
 1 SYSTEMPATH\Database\BaseBuilder.php(2351): CodeIgniter\Database\BaseConnection->query('INSERT INTO `sekolah` (`nama_sekolah`, `npsn`, `jenjang`, `akreditasi`, `kabupaten_kota`, `kecamatan`, `alamat`, `kepala_sekolah`, `telepon`, `email`, `website`, `foto`) VALUES (:nama_sekolah:, :npsn:, :jenjang:, :akreditasi:, :kabupaten_kota:, :kecamatan:, :alamat:, :kepala_sekolah:, :telepon:, :email:, :website:, :foto:)', [...], false)
 2 SYSTEMPATH\Model.php(357): CodeIgniter\Database\BaseBuilder->insert()
 3 SYSTEMPATH\BaseModel.php(899): CodeIgniter\Model->doInsert([...])
 4 SYSTEMPATH\Model.php(670): CodeIgniter\BaseModel->insert([...], false)
 5 SYSTEMPATH\BaseModel.php(752): CodeIgniter\Model->insert([...], false)
 6 APPPATH\Controllers\Admin\Sekolah.php(108): CodeIgniter\BaseModel->save([...])
 7 SYSTEMPATH\CodeIgniter.php(974): App\Controllers\Admin\Sekolah->simpan()
 8 SYSTEMPATH\CodeIgniter.php(520): CodeIgniter\CodeIgniter->runController(Object(App\Controllers\Admin\Sekolah))
 9 SYSTEMPATH\CodeIgniter.php(363): CodeIgniter\CodeIgniter->handleRequest(null, Object(Config\Cache), false)
10 SYSTEMPATH\Boot.php(417): CodeIgniter\CodeIgniter->run()
11 SYSTEMPATH\Boot.php(68): CodeIgniter\Boot::runCodeIgniter(Object(CodeIgniter\CodeIgniter))
12 FCPATH\index.php(59): CodeIgniter\Boot::bootWeb(Object(Config\Paths))
CRITICAL - 2026-08-07 03:12:38 --> [Caused by] CodeIgniter\Database\Exceptions\DatabaseException: Unknown column 'telepon' in 'field list'
in SYSTEMPATH\Database\MySQLi\Connection.php on line 310.
 1 SYSTEMPATH\Database\BaseConnection.php(908): CodeIgniter\Database\MySQLi\Connection->execute('INSERT INTO `sekolah` (`nama_sekolah`, `npsn`, `jenjang`, `akreditasi`, `kabupaten_kota`, `kecamatan`, `alamat`, `kepala_sekolah`, `telepon`, `email`, `website`, `foto`) VALUES (\'SMKS Muhamadiyah\', \'000\', \'SMA\', \'A\', \'Kab. Polewali Mandar\', \'Wonomulyo\', \'sdd\', \'Ir. Agung\', \'0888\', \'feff@gmail.com\', \'https://www.dad.or.id\', NULL)')
 2 SYSTEMPATH\Database\BaseConnection.php(825): CodeIgniter\Database\BaseConnection->simpleQuery('INSERT INTO `sekolah` (`nama_sekolah`, `npsn`, `jenjang`, `akreditasi`, `kabupaten_kota`, `kecamatan`, `alamat`, `kepala_sekolah`, `telepon`, `email`, `website`, `foto`) VALUES (\'SMKS Muhamadiyah\', \'000\', \'SMA\', \'A\', \'Kab. Polewali Mandar\', \'Wonomulyo\', \'sdd\', \'Ir. Agung\', \'0888\', \'feff@gmail.com\', \'https://www.dad.or.id\', NULL)')
 3 SYSTEMPATH\Database\BaseBuilder.php(2351): CodeIgniter\Database\BaseConnection->query('INSERT INTO `sekolah` (`nama_sekolah`, `npsn`, `jenjang`, `akreditasi`, `kabupaten_kota`, `kecamatan`, `alamat`, `kepala_sekolah`, `telepon`, `email`, `website`, `foto`) VALUES (:nama_sekolah:, :npsn:, :jenjang:, :akreditasi:, :kabupaten_kota:, :kecamatan:, :alamat:, :kepala_sekolah:, :telepon:, :email:, :website:, :foto:)', [...], false)
 4 SYSTEMPATH\Model.php(357): CodeIgniter\Database\BaseBuilder->insert()
 5 SYSTEMPATH\BaseModel.php(899): CodeIgniter\Model->doInsert([...])
 6 SYSTEMPATH\Model.php(670): CodeIgniter\BaseModel->insert([...], false)
 7 SYSTEMPATH\BaseModel.php(752): CodeIgniter\Model->insert([...], false)
 8 APPPATH\Controllers\Admin\Sekolah.php(108): CodeIgniter\BaseModel->save([...])
 9 SYSTEMPATH\CodeIgniter.php(974): App\Controllers\Admin\Sekolah->simpan()
10 SYSTEMPATH\CodeIgniter.php(520): CodeIgniter\CodeIgniter->runController(Object(App\Controllers\Admin\Sekolah))
11 SYSTEMPATH\CodeIgniter.php(363): CodeIgniter\CodeIgniter->handleRequest(null, Object(Config\Cache), false)
12 SYSTEMPATH\Boot.php(417): CodeIgniter\CodeIgniter->run()
13 SYSTEMPATH\Boot.php(68): CodeIgniter\Boot::runCodeIgniter(Object(CodeIgniter\CodeIgniter))
14 FCPATH\index.php(59): CodeIgniter\Boot::bootWeb(Object(Config\Paths))
CRITICAL - 2026-08-07 03:12:38 --> [Caused by] mysqli_sql_exception: Unknown column 'telepon' in 'field list'
in SYSTEMPATH\Database\MySQLi\Connection.php on line 300.
 1 SYSTEMPATH\Database\MySQLi\Connection.php(300): mysqli->query('INSERT INTO `sekolah` (`nama_sekolah`, `npsn`, `jenjang`, `akreditasi`, `kabupaten_kota`, `kecamatan`, `alamat`, `kepala_sekolah`, `telepon`, `email`, `website`, `foto`) VALUES (\'SMKS Muhamadiyah\', \'000\', \'SMA\', \'A\', \'Kab. Polewali Mandar\', \'Wonomulyo\', \'sdd\', \'Ir. Agung\', \'0888\', \'feff@gmail.com\', \'https://www.dad.or.id\', NULL)', 0)
 2 SYSTEMPATH\Database\BaseConnection.php(908): CodeIgniter\Database\MySQLi\Connection->execute('INSERT INTO `sekolah` (`nama_sekolah`, `npsn`, `jenjang`, `akreditasi`, `kabupaten_kota`, `kecamatan`, `alamat`, `kepala_sekolah`, `telepon`, `email`, `website`, `foto`) VALUES (\'SMKS Muhamadiyah\', \'000\', \'SMA\', \'A\', \'Kab. Polewali Mandar\', \'Wonomulyo\', \'sdd\', \'Ir. Agung\', \'0888\', \'feff@gmail.com\', \'https://www.dad.or.id\', NULL)')
 3 SYSTEMPATH\Database\BaseConnection.php(825): CodeIgniter\Database\BaseConnection->simpleQuery('INSERT INTO `sekolah` (`nama_sekolah`, `npsn`, `jenjang`, `akreditasi`, `kabupaten_kota`, `kecamatan`, `alamat`, `kepala_sekolah`, `telepon`, `email`, `website`, `foto`) VALUES (\'SMKS Muhamadiyah\', \'000\', \'SMA\', \'A\', \'Kab. Polewali Mandar\', \'Wonomulyo\', \'sdd\', \'Ir. Agung\', \'0888\', \'feff@gmail.com\', \'https://www.dad.or.id\', NULL)')
 4 SYSTEMPATH\Database\BaseBuilder.php(2351): CodeIgniter\Database\BaseConnection->query('INSERT INTO `sekolah` (`nama_sekolah`, `npsn`, `jenjang`, `akreditasi`, `kabupaten_kota`, `kecamatan`, `alamat`, `kepala_sekolah`, `telepon`, `email`, `website`, `foto`) VALUES (:nama_sekolah:, :npsn:, :jenjang:, :akreditasi:, :kabupaten_kota:, :kecamatan:, :alamat:, :kepala_sekolah:, :telepon:, :email:, :website:, :foto:)', [...], false)
 5 SYSTEMPATH\Model.php(357): CodeIgniter\Database\BaseBuilder->insert()
 6 SYSTEMPATH\BaseModel.php(899): CodeIgniter\Model->doInsert([...])
 7 SYSTEMPATH\Model.php(670): CodeIgniter\BaseModel->insert([...], false)
 8 SYSTEMPATH\BaseModel.php(752): CodeIgniter\Model->insert([...], false)
 9 APPPATH\Controllers\Admin\Sekolah.php(108): CodeIgniter\BaseModel->save([...])
10 SYSTEMPATH\CodeIgniter.php(974): App\Controllers\Admin\Sekolah->simpan()
11 SYSTEMPATH\CodeIgniter.php(520): CodeIgniter\CodeIgniter->runController(Object(App\Controllers\Admin\Sekolah))
12 SYSTEMPATH\CodeIgniter.php(363): CodeIgniter\CodeIgniter->handleRequest(null, Object(Config\Cache), false)
13 SYSTEMPATH\Boot.php(417): CodeIgniter\CodeIgniter->run()
14 SYSTEMPATH\Boot.php(68): CodeIgniter\Boot::runCodeIgniter(Object(CodeIgniter\CodeIgniter))
15 FCPATH\index.php(59): CodeIgniter\Boot::bootWeb(Object(Config\Paths))
ERROR - 2026-08-07 03:14:35 --> Unknown column 'telepon' in 'field list'
in SYSTEMPATH\Database\MySQLi\Connection.php on line 300.
 1 SYSTEMPATH\Database\MySQLi\Connection.php(300): mysqli->query('INSERT INTO `sekolah` (`nama_sekolah`, `npsn`, `jenjang`, `akreditasi`, `kabupaten_kota`, `kecamatan`, `alamat`, `kepala_sekolah`, `telepon`, `email`, `website`, `foto`, `created_at`, `updated_at`) VALUES (\'SMKS Muhamadiyah\', \'000\', \'SMA\', \'A\', \'Kab. Polewali Mandar\', \'Wonomulyo\', \'sdd\', \'Ir. Agung\', \'0888\', \'feff@gmail.com\', \'https://www.dad.or.id\', NULL, \'2026-08-07 03:14:35\', \'2026-08-07 03:14:35\')', 0)
 2 SYSTEMPATH\Database\BaseConnection.php(908): CodeIgniter\Database\MySQLi\Connection->execute('INSERT INTO `sekolah` (`nama_sekolah`, `npsn`, `jenjang`, `akreditasi`, `kabupaten_kota`, `kecamatan`, `alamat`, `kepala_sekolah`, `telepon`, `email`, `website`, `foto`, `created_at`, `updated_at`) VALUES (\'SMKS Muhamadiyah\', \'000\', \'SMA\', \'A\', \'Kab. Polewali Mandar\', \'Wonomulyo\', \'sdd\', \'Ir. Agung\', \'0888\', \'feff@gmail.com\', \'https://www.dad.or.id\', NULL, \'2026-08-07 03:14:35\', \'2026-08-07 03:14:35\')')
 3 SYSTEMPATH\Database\BaseConnection.php(825): CodeIgniter\Database\BaseConnection->simpleQuery('INSERT INTO `sekolah` (`nama_sekolah`, `npsn`, `jenjang`, `akreditasi`, `kabupaten_kota`, `kecamatan`, `alamat`, `kepala_sekolah`, `telepon`, `email`, `website`, `foto`, `created_at`, `updated_at`) VALUES (\'SMKS Muhamadiyah\', \'000\', \'SMA\', \'A\', \'Kab. Polewali Mandar\', \'Wonomulyo\', \'sdd\', \'Ir. Agung\', \'0888\', \'feff@gmail.com\', \'https://www.dad.or.id\', NULL, \'2026-08-07 03:14:35\', \'2026-08-07 03:14:35\')')
 4 SYSTEMPATH\Database\BaseBuilder.php(2351): CodeIgniter\Database\BaseConnection->query('INSERT INTO `sekolah` (`nama_sekolah`, `npsn`, `jenjang`, `akreditasi`, `kabupaten_kota`, `kecamatan`, `alamat`, `kepala_sekolah`, `telepon`, `email`, `website`, `foto`, `created_at`, `updated_at`) VALUES (:nama_sekolah:, :npsn:, :jenjang:, :akreditasi:, :kabupaten_kota:, :kecamatan:, :alamat:, :kepala_sekolah:, :telepon:, :email:, :website:, :foto:, :created_at:, :updated_at:)', [...], false)
 5 SYSTEMPATH\Model.php(357): CodeIgniter\Database\BaseBuilder->insert()
 6 SYSTEMPATH\BaseModel.php(899): CodeIgniter\Model->doInsert([...])
 7 SYSTEMPATH\Model.php(670): CodeIgniter\BaseModel->insert([...], false)
 8 SYSTEMPATH\BaseModel.php(752): CodeIgniter\Model->insert([...], false)
 9 APPPATH\Controllers\Admin\Sekolah.php(108): CodeIgniter\BaseModel->save([...])
10 SYSTEMPATH\CodeIgniter.php(974): App\Controllers\Admin\Sekolah->simpan()
11 SYSTEMPATH\CodeIgniter.php(520): CodeIgniter\CodeIgniter->runController(Object(App\Controllers\Admin\Sekolah))
12 SYSTEMPATH\CodeIgniter.php(363): CodeIgniter\CodeIgniter->handleRequest(null, Object(Config\Cache), false)
13 SYSTEMPATH\Boot.php(417): CodeIgniter\CodeIgniter->run()
14 SYSTEMPATH\Boot.php(68): CodeIgniter\Boot::runCodeIgniter(Object(CodeIgniter\CodeIgniter))
15 FCPATH\index.php(59): CodeIgniter\Boot::bootWeb(Object(Config\Paths))
CRITICAL - 2026-08-07 03:14:35 --> CodeIgniter\Database\Exceptions\DatabaseException: Unknown column 'telepon' in 'field list'
[Method: POST, Route: admin/sekolah/simpan]
in SYSTEMPATH\Database\BaseConnection.php on line 863.
 1 SYSTEMPATH\Database\BaseBuilder.php(2351): CodeIgniter\Database\BaseConnection->query('INSERT INTO `sekolah` (`nama_sekolah`, `npsn`, `jenjang`, `akreditasi`, `kabupaten_kota`, `kecamatan`, `alamat`, `kepala_sekolah`, `telepon`, `email`, `website`, `foto`, `created_at`, `updated_at`) VALUES (:nama_sekolah:, :npsn:, :jenjang:, :akreditasi:, :kabupaten_kota:, :kecamatan:, :alamat:, :kepala_sekolah:, :telepon:, :email:, :website:, :foto:, :created_at:, :updated_at:)', [...], false)
 2 SYSTEMPATH\Model.php(357): CodeIgniter\Database\BaseBuilder->insert()
 3 SYSTEMPATH\BaseModel.php(899): CodeIgniter\Model->doInsert([...])
 4 SYSTEMPATH\Model.php(670): CodeIgniter\BaseModel->insert([...], false)
 5 SYSTEMPATH\BaseModel.php(752): CodeIgniter\Model->insert([...], false)
 6 APPPATH\Controllers\Admin\Sekolah.php(108): CodeIgniter\BaseModel->save([...])
 7 SYSTEMPATH\CodeIgniter.php(974): App\Controllers\Admin\Sekolah->simpan()
 8 SYSTEMPATH\CodeIgniter.php(520): CodeIgniter\CodeIgniter->runController(Object(App\Controllers\Admin\Sekolah))
 9 SYSTEMPATH\CodeIgniter.php(363): CodeIgniter\CodeIgniter->handleRequest(null, Object(Config\Cache), false)
10 SYSTEMPATH\Boot.php(417): CodeIgniter\CodeIgniter->run()
11 SYSTEMPATH\Boot.php(68): CodeIgniter\Boot::runCodeIgniter(Object(CodeIgniter\CodeIgniter))
12 FCPATH\index.php(59): CodeIgniter\Boot::bootWeb(Object(Config\Paths))
CRITICAL - 2026-08-07 03:14:35 --> [Caused by] CodeIgniter\Database\Exceptions\DatabaseException: Unknown column 'telepon' in 'field list'
in SYSTEMPATH\Database\MySQLi\Connection.php on line 310.
 1 SYSTEMPATH\Database\BaseConnection.php(908): CodeIgniter\Database\MySQLi\Connection->execute('INSERT INTO `sekolah` (`nama_sekolah`, `npsn`, `jenjang`, `akreditasi`, `kabupaten_kota`, `kecamatan`, `alamat`, `kepala_sekolah`, `telepon`, `email`, `website`, `foto`, `created_at`, `updated_at`) VALUES (\'SMKS Muhamadiyah\', \'000\', \'SMA\', \'A\', \'Kab. Polewali Mandar\', \'Wonomulyo\', \'sdd\', \'Ir. Agung\', \'0888\', \'feff@gmail.com\', \'https://www.dad.or.id\', NULL, \'2026-08-07 03:14:35\', \'2026-08-07 03:14:35\')')
 2 SYSTEMPATH\Database\BaseConnection.php(825): CodeIgniter\Database\BaseConnection->simpleQuery('INSERT INTO `sekolah` (`nama_sekolah`, `npsn`, `jenjang`, `akreditasi`, `kabupaten_kota`, `kecamatan`, `alamat`, `kepala_sekolah`, `telepon`, `email`, `website`, `foto`, `created_at`, `updated_at`) VALUES (\'SMKS Muhamadiyah\', \'000\', \'SMA\', \'A\', \'Kab. Polewali Mandar\', \'Wonomulyo\', \'sdd\', \'Ir. Agung\', \'0888\', \'feff@gmail.com\', \'https://www.dad.or.id\', NULL, \'2026-08-07 03:14:35\', \'2026-08-07 03:14:35\')')
 3 SYSTEMPATH\Database\BaseBuilder.php(2351): CodeIgniter\Database\BaseConnection->query('INSERT INTO `sekolah` (`nama_sekolah`, `npsn`, `jenjang`, `akreditasi`, `kabupaten_kota`, `kecamatan`, `alamat`, `kepala_sekolah`, `telepon`, `email`, `website`, `foto`, `created_at`, `updated_at`) VALUES (:nama_sekolah:, :npsn:, :jenjang:, :akreditasi:, :kabupaten_kota:, :kecamatan:, :alamat:, :kepala_sekolah:, :telepon:, :email:, :website:, :foto:, :created_at:, :updated_at:)', [...], false)
 4 SYSTEMPATH\Model.php(357): CodeIgniter\Database\BaseBuilder->insert()
 5 SYSTEMPATH\BaseModel.php(899): CodeIgniter\Model->doInsert([...])
 6 SYSTEMPATH\Model.php(670): CodeIgniter\BaseModel->insert([...], false)
 7 SYSTEMPATH\BaseModel.php(752): CodeIgniter\Model->insert([...], false)
 8 APPPATH\Controllers\Admin\Sekolah.php(108): CodeIgniter\BaseModel->save([...])
 9 SYSTEMPATH\CodeIgniter.php(974): App\Controllers\Admin\Sekolah->simpan()
10 SYSTEMPATH\CodeIgniter.php(520): CodeIgniter\CodeIgniter->runController(Object(App\Controllers\Admin\Sekolah))
11 SYSTEMPATH\CodeIgniter.php(363): CodeIgniter\CodeIgniter->handleRequest(null, Object(Config\Cache), false)
12 SYSTEMPATH\Boot.php(417): CodeIgniter\CodeIgniter->run()
13 SYSTEMPATH\Boot.php(68): CodeIgniter\Boot::runCodeIgniter(Object(CodeIgniter\CodeIgniter))
14 FCPATH\index.php(59): CodeIgniter\Boot::bootWeb(Object(Config\Paths))
CRITICAL - 2026-08-07 03:14:35 --> [Caused by] mysqli_sql_exception: Unknown column 'telepon' in 'field list'
in SYSTEMPATH\Database\MySQLi\Connection.php on line 300.
 1 SYSTEMPATH\Database\MySQLi\Connection.php(300): mysqli->query('INSERT INTO `sekolah` (`nama_sekolah`, `npsn`, `jenjang`, `akreditasi`, `kabupaten_kota`, `kecamatan`, `alamat`, `kepala_sekolah`, `telepon`, `email`, `website`, `foto`, `created_at`, `updated_at`) VALUES (\'SMKS Muhamadiyah\', \'000\', \'SMA\', \'A\', \'Kab. Polewali Mandar\', \'Wonomulyo\', \'sdd\', \'Ir. Agung\', \'0888\', \'feff@gmail.com\', \'https://www.dad.or.id\', NULL, \'2026-08-07 03:14:35\', \'2026-08-07 03:14:35\')', 0)
 2 SYSTEMPATH\Database\BaseConnection.php(908): CodeIgniter\Database\MySQLi\Connection->execute('INSERT INTO `sekolah` (`nama_sekolah`, `npsn`, `jenjang`, `akreditasi`, `kabupaten_kota`, `kecamatan`, `alamat`, `kepala_sekolah`, `telepon`, `email`, `website`, `foto`, `created_at`, `updated_at`) VALUES (\'SMKS Muhamadiyah\', \'000\', \'SMA\', \'A\', \'Kab. Polewali Mandar\', \'Wonomulyo\', \'sdd\', \'Ir. Agung\', \'0888\', \'feff@gmail.com\', \'https://www.dad.or.id\', NULL, \'2026-08-07 03:14:35\', \'2026-08-07 03:14:35\')')
 3 SYSTEMPATH\Database\BaseConnection.php(825): CodeIgniter\Database\BaseConnection->simpleQuery('INSERT INTO `sekolah` (`nama_sekolah`, `npsn`, `jenjang`, `akreditasi`, `kabupaten_kota`, `kecamatan`, `alamat`, `kepala_sekolah`, `telepon`, `email`, `website`, `foto`, `created_at`, `updated_at`) VALUES (\'SMKS Muhamadiyah\', \'000\', \'SMA\', \'A\', \'Kab. Polewali Mandar\', \'Wonomulyo\', \'sdd\', \'Ir. Agung\', \'0888\', \'feff@gmail.com\', \'https://www.dad.or.id\', NULL, \'2026-08-07 03:14:35\', \'2026-08-07 03:14:35\')')
 4 SYSTEMPATH\Database\BaseBuilder.php(2351): CodeIgniter\Database\BaseConnection->query('INSERT INTO `sekolah` (`nama_sekolah`, `npsn`, `jenjang`, `akreditasi`, `kabupaten_kota`, `kecamatan`, `alamat`, `kepala_sekolah`, `telepon`, `email`, `website`, `foto`, `created_at`, `updated_at`) VALUES (:nama_sekolah:, :npsn:, :jenjang:, :akreditasi:, :kabupaten_kota:, :kecamatan:, :alamat:, :kepala_sekolah:, :telepon:, :email:, :website:, :foto:, :created_at:, :updated_at:)', [...], false)
 5 SYSTEMPATH\Model.php(357): CodeIgniter\Database\BaseBuilder->insert()
 6 SYSTEMPATH\BaseModel.php(899): CodeIgniter\Model->doInsert([...])
 7 SYSTEMPATH\Model.php(670): CodeIgniter\BaseModel->insert([...], false)
 8 SYSTEMPATH\BaseModel.php(752): CodeIgniter\Model->insert([...], false)
 9 APPPATH\Controllers\Admin\Sekolah.php(108): CodeIgniter\BaseModel->save([...])
10 SYSTEMPATH\CodeIgniter.php(974): App\Controllers\Admin\Sekolah->simpan()
11 SYSTEMPATH\CodeIgniter.php(520): CodeIgniter\CodeIgniter->runController(Object(App\Controllers\Admin\Sekolah))
12 SYSTEMPATH\CodeIgniter.php(363): CodeIgniter\CodeIgniter->handleRequest(null, Object(Config\Cache), false)
13 SYSTEMPATH\Boot.php(417): CodeIgniter\CodeIgniter->run()
14 SYSTEMPATH\Boot.php(68): CodeIgniter\Boot::runCodeIgniter(Object(CodeIgniter\CodeIgniter))
15 FCPATH\index.php(59): CodeIgniter\Boot::bootWeb(Object(Config\Paths))
DEBUG - 2026-08-07 03:16:29 --> Session: Class initialized using 'CodeIgniter\Session\Handlers\FileHandler' driver.
DEBUG - 2026-08-07 03:16:29 --> Session: Class initialized using 'CodeIgniter\Session\Handlers\FileHandler' driver.
DEBUG - 2026-08-07 03:20:27 --> Session: Class initialized using 'CodeIgniter\Session\Handlers\FileHandler' driver.
DEBUG - 2026-08-07 03:21:02 --> Session: Class initialized using 'CodeIgniter\Session\Handlers\FileHandler' driver.
DEBUG - 2026-08-07 03:21:02 --> Session: Class initialized using 'CodeIgniter\Session\Handlers\FileHandler' driver.
CRITICAL - 2026-08-07 04:12:56 --> CodeIgniter\View\Exceptions\ViewException: Invalid file: "pages/detail_kampus.php"
[Method: GET, Route: aum/kampus/detail/universitas-muhammadiyah-makassar]
in SYSTEMPATH\Exceptions\FrameworkException.php on line 39.
 1 SYSTEMPATH\View\View.php(228): CodeIgniter\Exceptions\FrameworkException::forInvalidFile('pages/detail_kampus.php')
 2 SYSTEMPATH\Common.php(1268): CodeIgniter\View\View->render('pages/detail_kampus', [], true)
 3 APPPATH\Controllers\Home.php(389): view('pages/detail_kampus', [...])
 4 SYSTEMPATH\CodeIgniter.php(974): App\Controllers\Home->detailKampus('universitas-muhammadiyah-makassar')
 5 SYSTEMPATH\CodeIgniter.php(520): CodeIgniter\CodeIgniter->runController(Object(App\Controllers\Home))
 6 SYSTEMPATH\CodeIgniter.php(363): CodeIgniter\CodeIgniter->handleRequest(null, Object(Config\Cache), false)
 7 SYSTEMPATH\Boot.php(417): CodeIgniter\CodeIgniter->run()
 8 SYSTEMPATH\Boot.php(68): CodeIgniter\Boot::runCodeIgniter(Object(CodeIgniter\CodeIgniter))
 9 FCPATH\index.php(59): CodeIgniter\Boot::bootWeb(Object(Config\Paths))
CRITICAL - 2026-08-07 04:16:16 --> CodeIgniter\View\Exceptions\ViewException: Invalid file: "header.php"
[Method: GET, Route: aum/kampus/detail/universitas-muhammadiyah-makassar]
in SYSTEMPATH\Exceptions\FrameworkException.php on line 39.
 1 SYSTEMPATH\View\View.php(228): CodeIgniter\Exceptions\FrameworkException::forInvalidFile('header.php')
 2 SYSTEMPATH\View\View.php(489): CodeIgniter\View\View->render('header', null, true)
 3 APPPATH\Views\pages\detail_kampus.php(1): CodeIgniter\View\View->include('header')
 4 SYSTEMPATH\View\View.php(240): include('C:\\wamp64\\www\\pw-muhammadiyah\\app\\Views\\pages\\detail_kampus.php')
 5 SYSTEMPATH\View\View.php(243): CodeIgniter\View\View->CodeIgniter\View\{closure}()
 6 SYSTEMPATH\Common.php(1268): CodeIgniter\View\View->render('pages/detail_kampus', [], true)
 7 APPPATH\Controllers\Home.php(389): view('pages/detail_kampus', [...])
 8 SYSTEMPATH\CodeIgniter.php(974): App\Controllers\Home->detailKampus('universitas-muhammadiyah-makassar')
 9 SYSTEMPATH\CodeIgniter.php(520): CodeIgniter\CodeIgniter->runController(Object(App\Controllers\Home))
10 SYSTEMPATH\CodeIgniter.php(363): CodeIgniter\CodeIgniter->handleRequest(null, Object(Config\Cache), false)
11 SYSTEMPATH\Boot.php(417): CodeIgniter\CodeIgniter->run()
12 SYSTEMPATH\Boot.php(68): CodeIgniter\Boot::runCodeIgniter(Object(CodeIgniter\CodeIgniter))
13 FCPATH\index.php(59): CodeIgniter\Boot::bootWeb(Object(Config\Paths))
CRITICAL - 2026-08-07 04:17:52 --> CodeIgniter\View\Exceptions\ViewException: Invalid file: "pages/kampus.php"
[Method: GET, Route: aum/kampus]
in SYSTEMPATH\Exceptions\FrameworkException.php on line 39.
 1 SYSTEMPATH\View\View.php(228): CodeIgniter\Exceptions\FrameworkException::forInvalidFile('pages/kampus.php')
 2 SYSTEMPATH\Common.php(1268): CodeIgniter\View\View->render('pages/kampus', [], true)
 3 APPPATH\Controllers\Home.php(356): view('pages/kampus', [...])
 4 SYSTEMPATH\CodeIgniter.php(974): App\Controllers\Home->kampus()
 5 SYSTEMPATH\CodeIgniter.php(520): CodeIgniter\CodeIgniter->runController(Object(App\Controllers\Home))
 6 SYSTEMPATH\CodeIgniter.php(363): CodeIgniter\CodeIgniter->handleRequest(null, Object(Config\Cache), false)
 7 SYSTEMPATH\Boot.php(417): CodeIgniter\CodeIgniter->run()
 8 SYSTEMPATH\Boot.php(68): CodeIgniter\Boot::runCodeIgniter(Object(CodeIgniter\CodeIgniter))
 9 FCPATH\index.php(59): CodeIgniter\Boot::bootWeb(Object(Config\Paths))
CRITICAL - 2026-08-07 04:21:50 --> CodeIgniter\View\Exceptions\ViewException: Invalid file: "pages/kampus.php"
[Method: GET, Route: aum/kampus]
in SYSTEMPATH\Exceptions\FrameworkException.php on line 39.
 1 SYSTEMPATH\View\View.php(228): CodeIgniter\Exceptions\FrameworkException::forInvalidFile('pages/kampus.php')
 2 SYSTEMPATH\Common.php(1268): CodeIgniter\View\View->render('pages/kampus', [], true)
 3 APPPATH\Controllers\Home.php(356): view('pages/kampus', [...])
 4 SYSTEMPATH\CodeIgniter.php(974): App\Controllers\Home->kampus()
 5 SYSTEMPATH\CodeIgniter.php(520): CodeIgniter\CodeIgniter->runController(Object(App\Controllers\Home))
 6 SYSTEMPATH\CodeIgniter.php(363): CodeIgniter\CodeIgniter->handleRequest(null, Object(Config\Cache), false)
 7 SYSTEMPATH\Boot.php(417): CodeIgniter\CodeIgniter->run()
 8 SYSTEMPATH\Boot.php(68): CodeIgniter\Boot::runCodeIgniter(Object(CodeIgniter\CodeIgniter))
 9 FCPATH\index.php(59): CodeIgniter\Boot::bootWeb(Object(Config\Paths))
CRITICAL - 2026-08-07 05:14:13 --> CodeIgniter\View\Exceptions\ViewException: Invalid file: "pages/kampus.php"
[Method: GET, Route: aum/kampus]
in SYSTEMPATH\Exceptions\FrameworkException.php on line 39.
 1 SYSTEMPATH\View\View.php(228): CodeIgniter\Exceptions\FrameworkException::forInvalidFile('pages/kampus.php')
 2 SYSTEMPATH\Common.php(1268): CodeIgniter\View\View->render('pages/kampus', [], true)
 3 APPPATH\Controllers\Home.php(356): view('pages/kampus', [...])
 4 SYSTEMPATH\CodeIgniter.php(974): App\Controllers\Home->kampus()
 5 SYSTEMPATH\CodeIgniter.php(520): CodeIgniter\CodeIgniter->runController(Object(App\Controllers\Home))
 6 SYSTEMPATH\CodeIgniter.php(363): CodeIgniter\CodeIgniter->handleRequest(null, Object(Config\Cache), false)
 7 SYSTEMPATH\Boot.php(417): CodeIgniter\CodeIgniter->run()
 8 SYSTEMPATH\Boot.php(68): CodeIgniter\Boot::runCodeIgniter(Object(CodeIgniter\CodeIgniter))
 9 FCPATH\index.php(59): CodeIgniter\Boot::bootWeb(Object(Config\Paths))
DEBUG - 2026-08-07 06:03:11 --> Session: Class initialized using 'CodeIgniter\Session\Handlers\FileHandler' driver.
DEBUG - 2026-08-07 06:03:11 --> Session: Class initialized using 'CodeIgniter\Session\Handlers\FileHandler' driver.
DEBUG - 2026-08-07 06:03:25 --> Session: Class initialized using 'CodeIgniter\Session\Handlers\FileHandler' driver.
DEBUG - 2026-08-07 06:03:26 --> Session: Class initialized using 'CodeIgniter\Session\Handlers\FileHandler' driver.
DEBUG - 2026-08-07 06:03:44 --> Session: Class initialized using 'CodeIgniter\Session\Handlers\FileHandler' driver.
DEBUG - 2026-08-07 06:03:44 --> Session: Class initialized using 'CodeIgniter\Session\Handlers\FileHandler' driver.
DEBUG - 2026-08-07 06:10:09 --> Session: Class initialized using 'CodeIgniter\Session\Handlers\FileHandler' driver.
DEBUG - 2026-08-07 06:10:14 --> Session: Class initialized using 'CodeIgniter\Session\Handlers\FileHandler' driver.
DEBUG - 2026-08-07 06:10:24 --> Session: Class initialized using 'CodeIgniter\Session\Handlers\FileHandler' driver.
DEBUG - 2026-08-07 06:10:24 --> Session: Class initialized using 'CodeIgniter\Session\Handlers\FileHandler' driver.
DEBUG - 2026-08-07 06:10:38 --> Session: Class initialized using 'CodeIgniter\Session\Handlers\FileHandler' driver.
DEBUG - 2026-08-07 06:10:38 --> Session: Class initialized using 'CodeIgniter\Session\Handlers\FileHandler' driver.
DEBUG - 2026-08-07 06:11:50 --> Session: Class initialized using 'CodeIgniter\Session\Handlers\FileHandler' driver.
DEBUG - 2026-08-07 06:12:32 --> Session: Class initialized using 'CodeIgniter\Session\Handlers\FileHandler' driver.
DEBUG - 2026-08-07 06:12:39 --> Session: Class initialized using 'CodeIgniter\Session\Handlers\FileHandler' driver.
DEBUG - 2026-08-07 06:12:50 --> Session: Class initialized using 'CodeIgniter\Session\Handlers\FileHandler' driver.
DEBUG - 2026-08-07 06:12:50 --> Session: Class initialized using 'CodeIgniter\Session\Handlers\FileHandler' driver.
DEBUG - 2026-08-07 06:15:55 --> Session: Class initialized using 'CodeIgniter\Session\Handlers\FileHandler' driver.
DEBUG - 2026-08-07 06:17:46 --> Session: Class initialized using 'CodeIgniter\Session\Handlers\FileHandler' driver.
DEBUG - 2026-08-07 06:18:13 --> Session: Class initialized using 'CodeIgniter\Session\Handlers\FileHandler' driver.
DEBUG - 2026-08-07 06:18:13 --> Session: Class initialized using 'CodeIgniter\Session\Handlers\FileHandler' driver.
DEBUG - 2026-08-07 06:20:46 --> Session: Class initialized using 'CodeIgniter\Session\Handlers\FileHandler' driver.
DEBUG - 2026-08-07 06:21:03 --> Session: Class initialized using 'CodeIgniter\Session\Handlers\FileHandler' driver.
DEBUG - 2026-08-07 06:21:34 --> Session: Class initialized using 'CodeIgniter\Session\Handlers\FileHandler' driver.
DEBUG - 2026-08-07 06:21:35 --> Session: Class initialized using 'CodeIgniter\Session\Handlers\FileHandler' driver.
DEBUG - 2026-08-07 06:22:12 --> Session: Class initialized using 'CodeIgniter\Session\Handlers\FileHandler' driver.
DEBUG - 2026-08-07 06:22:12 --> Session: Class initialized using 'CodeIgniter\Session\Handlers\FileHandler' driver.
DEBUG - 2026-08-07 06:22:21 --> Session: Class initialized using 'CodeIgniter\Session\Handlers\FileHandler' driver.
DEBUG - 2026-08-07 06:22:57 --> Session: Class initialized using 'CodeIgniter\Session\Handlers\FileHandler' driver.
DEBUG - 2026-08-07 06:23:18 --> Session: Class initialized using 'CodeIgniter\Session\Handlers\FileHandler' driver.
DEBUG - 2026-08-07 06:23:18 --> Session: Class initialized using 'CodeIgniter\Session\Handlers\FileHandler' driver.
DEBUG - 2026-08-07 06:23:27 --> Session: Class initialized using 'CodeIgniter\Session\Handlers\FileHandler' driver.
DEBUG - 2026-08-07 06:28:52 --> Session: Class initialized using 'CodeIgniter\Session\Handlers\FileHandler' driver.
DEBUG - 2026-08-07 06:32:01 --> Session: Class initialized using 'CodeIgniter\Session\Handlers\FileHandler' driver.
DEBUG - 2026-08-07 06:35:16 --> Session: Class initialized using 'CodeIgniter\Session\Handlers\FileHandler' driver.
DEBUG - 2026-08-07 06:40:26 --> Session: Class initialized using 'CodeIgniter\Session\Handlers\FileHandler' driver.
DEBUG - 2026-08-07 06:42:05 --> Session: Class initialized using 'CodeIgniter\Session\Handlers\FileHandler' driver.
CRITICAL - 2026-08-07 06:42:08 --> ErrorException: unlink(C:\wamp64\www\pw-muhammadiyah\writable\debugbar/debugbar_1786083741.359391.json): No such file or directory
[Method: GET, Route: /]
in SYSTEMPATH\Debug\Toolbar\Collectors\History.php on line 82.
 1 [internal function]: CodeIgniter\Debug\Exceptions->errorHandler(2, 'unlink(C:\\wamp64\\www\\pw-muhammadiyah\\writable\\debugbar/debugbar_1786083741.359391.json): No such file or directory', 'C:\\wamp64\\www\\pw-muhammadiyah\\system\\Debug\\Toolbar\\Collectors\\History.php', 82)
 2 SYSTEMPATH\Debug\Toolbar\Collectors\History.php(82): unlink('C:\\wamp64\\www\\pw-muhammadiyah\\writable\\debugbar/debugbar_1786083741.359391.json')
 3 SYSTEMPATH\Debug\Toolbar.php(515): CodeIgniter\Debug\Toolbar\Collectors\History->setFiles('1786084925.856154', 20)
 4 SYSTEMPATH\Debug\Toolbar.php(494): CodeIgniter\Debug\Toolbar->format([...], 'html')
 5 APPPATH\Config\Events.php(49): CodeIgniter\Debug\Toolbar->respond()
 6 SYSTEMPATH\Events\Events.php(152): CodeIgniter\Events\Events::Config\{closure}()
 7 SYSTEMPATH\CodeIgniter.php(348): CodeIgniter\Events\Events::trigger('pre_system')
 8 SYSTEMPATH\Boot.php(417): CodeIgniter\CodeIgniter->run()
 9 SYSTEMPATH\Boot.php(68): CodeIgniter\Boot::runCodeIgniter(Object(CodeIgniter\CodeIgniter))
10 FCPATH\index.php(59): CodeIgniter\Boot::bootWeb(Object(Config\Paths))
DEBUG - 2026-08-07 06:42:54 --> Session: Class initialized using 'CodeIgniter\Session\Handlers\FileHandler' driver.
CRITICAL - 2026-08-07 06:43:35 --> CodeIgniter\View\Exceptions\ViewException: Invalid file: "pages/usaha_detail.php"
[Method: GET, Route: aum/usaha-lain]
in SYSTEMPATH\Exceptions\FrameworkException.php on line 39.
 1 SYSTEMPATH\View\View.php(228): CodeIgniter\Exceptions\FrameworkException::forInvalidFile('pages/usaha_detail.php')
 2 SYSTEMPATH\Common.php(1268): CodeIgniter\View\View->render('pages/usaha_detail', [], true)
 3 APPPATH\Controllers\Home.php(244): view('pages/usaha_detail', [...])
 4 SYSTEMPATH\CodeIgniter.php(974): App\Controllers\Home->usahaLain()
 5 SYSTEMPATH\CodeIgniter.php(520): CodeIgniter\CodeIgniter->runController(Object(App\Controllers\Home))
 6 SYSTEMPATH\CodeIgniter.php(363): CodeIgniter\CodeIgniter->handleRequest(null, Object(Config\Cache), false)
 7 SYSTEMPATH\Boot.php(417): CodeIgniter\CodeIgniter->run()
 8 SYSTEMPATH\Boot.php(68): CodeIgniter\Boot::runCodeIgniter(Object(CodeIgniter\CodeIgniter))
 9 FCPATH\index.php(59): CodeIgniter\Boot::bootWeb(Object(Config\Paths))
DEBUG - 2026-08-07 06:49:07 --> Session: Class initialized using 'CodeIgniter\Session\Handlers\FileHandler' driver.
CRITICAL - 2026-08-07 06:50:32 --> CodeIgniter\View\Exceptions\ViewException: Invalid file: "pages/usaha_detail.php"
[Method: GET, Route: aum/usaha-lain]
in SYSTEMPATH\Exceptions\FrameworkException.php on line 39.
 1 SYSTEMPATH\View\View.php(228): CodeIgniter\Exceptions\FrameworkException::forInvalidFile('pages/usaha_detail.php')
 2 SYSTEMPATH\Common.php(1268): CodeIgniter\View\View->render('pages/usaha_detail', [], true)
 3 APPPATH\Controllers\Home.php(244): view('pages/usaha_detail', [...])
 4 SYSTEMPATH\CodeIgniter.php(974): App\Controllers\Home->usahaLain()
 5 SYSTEMPATH\CodeIgniter.php(520): CodeIgniter\CodeIgniter->runController(Object(App\Controllers\Home))
 6 SYSTEMPATH\CodeIgniter.php(363): CodeIgniter\CodeIgniter->handleRequest(null, Object(Config\Cache), false)
 7 SYSTEMPATH\Boot.php(417): CodeIgniter\CodeIgniter->run()
 8 SYSTEMPATH\Boot.php(68): CodeIgniter\Boot::runCodeIgniter(Object(CodeIgniter\CodeIgniter))
 9 FCPATH\index.php(59): CodeIgniter\Boot::bootWeb(Object(Config\Paths))
DEBUG - 2026-08-07 06:51:12 --> Session: Class initialized using 'CodeIgniter\Session\Handlers\FileHandler' driver.
CRITICAL - 2026-08-07 06:51:18 --> CodeIgniter\View\Exceptions\ViewException: Invalid file: "layout/template.php"
[Method: GET, Route: aum/usaha-lain]
in SYSTEMPATH\Exceptions\FrameworkException.php on line 39.
 1 SYSTEMPATH\View\View.php(228): CodeIgniter\Exceptions\FrameworkException::forInvalidFile('layout/template.php')
 2 SYSTEMPATH\View\View.php(256): CodeIgniter\View\View->render('layout/template', [], true)
 3 SYSTEMPATH\Common.php(1268): CodeIgniter\View\View->render('pages/usaha_detail', [], true)
 4 APPPATH\Controllers\Home.php(244): view('pages/usaha_detail', [...])
 5 SYSTEMPATH\CodeIgniter.php(974): App\Controllers\Home->usahaLain()
 6 SYSTEMPATH\CodeIgniter.php(520): CodeIgniter\CodeIgniter->runController(Object(App\Controllers\Home))
 7 SYSTEMPATH\CodeIgniter.php(363): CodeIgniter\CodeIgniter->handleRequest(null, Object(Config\Cache), false)
 8 SYSTEMPATH\Boot.php(417): CodeIgniter\CodeIgniter->run()
 9 SYSTEMPATH\Boot.php(68): CodeIgniter\Boot::runCodeIgniter(Object(CodeIgniter\CodeIgniter))
10 FCPATH\index.php(59): CodeIgniter\Boot::bootWeb(Object(Config\Paths))
DEBUG - 2026-08-07 06:52:17 --> Session: Class initialized using 'CodeIgniter\Session\Handlers\FileHandler' driver.
DEBUG - 2026-08-07 06:54:24 --> Session: Class initialized using 'CodeIgniter\Session\Handlers\FileHandler' driver.
DEBUG - 2026-08-07 06:55:56 --> Session: Class initialized using 'CodeIgniter\Session\Handlers\FileHandler' driver.
DEBUG - 2026-08-07 06:57:56 --> Session: Class initialized using 'CodeIgniter\Session\Handlers\FileHandler' driver.
DEBUG - 2026-08-07 07:01:06 --> Session: Class initialized using 'CodeIgniter\Session\Handlers\FileHandler' driver.
CRITICAL - 2026-08-07 07:03:50 --> CodeIgniter\View\Exceptions\ViewException: Invalid file: "pages/usaha_lain.php"
[Method: GET, Route: aum/usaha-lain]
in SYSTEMPATH\Exceptions\FrameworkException.php on line 39.
 1 SYSTEMPATH\View\View.php(228): CodeIgniter\Exceptions\FrameworkException::forInvalidFile('pages/usaha_lain.php')
 2 SYSTEMPATH\Common.php(1268): CodeIgniter\View\View->render('pages/usaha_lain', [], true)
 3 APPPATH\Controllers\Home.php(244): view('pages/usaha_lain', [...])
 4 SYSTEMPATH\CodeIgniter.php(974): App\Controllers\Home->usahaLain()
 5 SYSTEMPATH\CodeIgniter.php(520): CodeIgniter\CodeIgniter->runController(Object(App\Controllers\Home))
 6 SYSTEMPATH\CodeIgniter.php(363): CodeIgniter\CodeIgniter->handleRequest(null, Object(Config\Cache), false)
 7 SYSTEMPATH\Boot.php(417): CodeIgniter\CodeIgniter->run()
 8 SYSTEMPATH\Boot.php(68): CodeIgniter\Boot::runCodeIgniter(Object(CodeIgniter\CodeIgniter))
 9 FCPATH\index.php(59): CodeIgniter\Boot::bootWeb(Object(Config\Paths))
DEBUG - 2026-08-07 07:03:50 --> Session: Class initialized using 'CodeIgniter\Session\Handlers\FileHandler' driver.
DEBUG - 2026-08-07 07:04:23 --> Session: Class initialized using 'CodeIgniter\Session\Handlers\FileHandler' driver.
DEBUG - 2026-08-07 07:07:10 --> Session: Class initialized using 'CodeIgniter\Session\Handlers\FileHandler' driver.
DEBUG - 2026-08-07 07:09:02 --> Session: Class initialized using 'CodeIgniter\Session\Handlers\FileHandler' driver.
DEBUG - 2026-08-07 07:12:10 --> Session: Class initialized using 'CodeIgniter\Session\Handlers\FileHandler' driver.
DEBUG - 2026-08-07 07:14:37 --> Session: Class initialized using 'CodeIgniter\Session\Handlers\FileHandler' driver.
CRITICAL - 2026-08-07 07:14:37 --> CodeIgniter\View\Exceptions\ViewException: Invalid file: "pages/usaha_lain.php"
[Method: GET, Route: aum/usaha-lain]
in SYSTEMPATH\Exceptions\FrameworkException.php on line 39.
 1 SYSTEMPATH\View\View.php(228): CodeIgniter\Exceptions\FrameworkException::forInvalidFile('pages/usaha_lain.php')
 2 SYSTEMPATH\Common.php(1268): CodeIgniter\View\View->render('pages/usaha_lain', [], true)
 3 APPPATH\Controllers\Home.php(244): view('pages/usaha_lain', [...])
 4 SYSTEMPATH\CodeIgniter.php(974): App\Controllers\Home->usahaLain()
 5 SYSTEMPATH\CodeIgniter.php(520): CodeIgniter\CodeIgniter->runController(Object(App\Controllers\Home))
 6 SYSTEMPATH\CodeIgniter.php(363): CodeIgniter\CodeIgniter->handleRequest(null, Object(Config\Cache), false)
 7 SYSTEMPATH\Boot.php(417): CodeIgniter\CodeIgniter->run()
 8 SYSTEMPATH\Boot.php(68): CodeIgniter\Boot::runCodeIgniter(Object(CodeIgniter\CodeIgniter))
 9 FCPATH\index.php(59): CodeIgniter\Boot::bootWeb(Object(Config\Paths))
CRITICAL - 2026-08-07 07:14:41 --> CodeIgniter\View\Exceptions\ViewException: Invalid file: "pages/usaha_lain.php"
[Method: GET, Route: aum/usaha-lain]
in SYSTEMPATH\Exceptions\FrameworkException.php on line 39.
 1 SYSTEMPATH\View\View.php(228): CodeIgniter\Exceptions\FrameworkException::forInvalidFile('pages/usaha_lain.php')
 2 SYSTEMPATH\Common.php(1268): CodeIgniter\View\View->render('pages/usaha_lain', [], true)
 3 APPPATH\Controllers\Home.php(244): view('pages/usaha_lain', [...])
 4 SYSTEMPATH\CodeIgniter.php(974): App\Controllers\Home->usahaLain()
 5 SYSTEMPATH\CodeIgniter.php(520): CodeIgniter\CodeIgniter->runController(Object(App\Controllers\Home))
 6 SYSTEMPATH\CodeIgniter.php(363): CodeIgniter\CodeIgniter->handleRequest(null, Object(Config\Cache), false)
 7 SYSTEMPATH\Boot.php(417): CodeIgniter\CodeIgniter->run()
 8 SYSTEMPATH\Boot.php(68): CodeIgniter\Boot::runCodeIgniter(Object(CodeIgniter\CodeIgniter))
 9 FCPATH\index.php(59): CodeIgniter\Boot::bootWeb(Object(Config\Paths))
DEBUG - 2026-08-07 07:15:18 --> Session: Class initialized using 'CodeIgniter\Session\Handlers\FileHandler' driver.
DEBUG - 2026-08-07 07:19:33 --> Session: Class initialized using 'CodeIgniter\Session\Handlers\FileHandler' driver.
DEBUG - 2026-08-07 07:22:13 --> Session: Class initialized using 'CodeIgniter\Session\Handlers\FileHandler' driver.
DEBUG - 2026-08-07 07:22:47 --> Session: Class initialized using 'CodeIgniter\Session\Handlers\FileHandler' driver.
CRITICAL - 2026-08-07 07:23:14 --> CodeIgniter\Exceptions\BadMethodCallException: Call to undefined method App\Models\KampusModel::getPrimaryKey
[Method: GET, Route: aum/kampus/detail/universitas-muhammadiyah-mamuju]
in SYSTEMPATH\Model.php on line 758.
 1 APPPATH\Controllers\Home.php(459): CodeIgniter\Model->__call('getPrimaryKey', [])
 2 SYSTEMPATH\CodeIgniter.php(974): App\Controllers\Home->detailKampus('universitas-muhammadiyah-mamuju')
 3 SYSTEMPATH\CodeIgniter.php(520): CodeIgniter\CodeIgniter->runController(Object(App\Controllers\Home))
 4 SYSTEMPATH\CodeIgniter.php(363): CodeIgniter\CodeIgniter->handleRequest(null, Object(Config\Cache), false)
 5 SYSTEMPATH\Boot.php(417): CodeIgniter\CodeIgniter->run()
 6 SYSTEMPATH\Boot.php(68): CodeIgniter\Boot::runCodeIgniter(Object(CodeIgniter\CodeIgniter))
 7 FCPATH\index.php(59): CodeIgniter\Boot::bootWeb(Object(Config\Paths))
CRITICAL - 2026-08-07 07:23:32 --> CodeIgniter\Exceptions\BadMethodCallException: Call to undefined method App\Models\KampusModel::getPrimaryKey
[Method: GET, Route: aum/kampus/detail/universitas-muhammadiyah-mamuju]
in SYSTEMPATH\Model.php on line 758.
 1 APPPATH\Controllers\Home.php(459): CodeIgniter\Model->__call('getPrimaryKey', [])
 2 SYSTEMPATH\CodeIgniter.php(974): App\Controllers\Home->detailKampus('universitas-muhammadiyah-mamuju')
 3 SYSTEMPATH\CodeIgniter.php(520): CodeIgniter\CodeIgniter->runController(Object(App\Controllers\Home))
 4 SYSTEMPATH\CodeIgniter.php(363): CodeIgniter\CodeIgniter->handleRequest(null, Object(Config\Cache), false)
 5 SYSTEMPATH\Boot.php(417): CodeIgniter\CodeIgniter->run()
 6 SYSTEMPATH\Boot.php(68): CodeIgniter\Boot::runCodeIgniter(Object(CodeIgniter\CodeIgniter))
 7 FCPATH\index.php(59): CodeIgniter\Boot::bootWeb(Object(Config\Paths))
DEBUG - 2026-08-07 07:24:38 --> Session: Class initialized using 'CodeIgniter\Session\Handlers\FileHandler' driver.
DEBUG - 2026-08-07 07:24:59 --> Session: Class initialized using 'CodeIgniter\Session\Handlers\FileHandler' driver.
CRITICAL - 2026-08-07 07:39:21 --> CodeIgniter\View\Exceptions\ViewException: Invalid file: "pages/usaha_detail.php"
[Method: GET, Route: aum/usaha-lain/detail/5]
in SYSTEMPATH\Exceptions\FrameworkException.php on line 39.
 1 SYSTEMPATH\View\View.php(228): CodeIgniter\Exceptions\FrameworkException::forInvalidFile('pages/usaha_detail.php')
 2 SYSTEMPATH\Common.php(1268): CodeIgniter\View\View->render('pages/usaha_detail', [], true)
 3 APPPATH\Controllers\Home.php(277): view('pages/usaha_detail', [...])
 4 SYSTEMPATH\CodeIgniter.php(974): App\Controllers\Home->detailUsaha('5')
 5 SYSTEMPATH\CodeIgniter.php(520): CodeIgniter\CodeIgniter->runController(Object(App\Controllers\Home))
 6 SYSTEMPATH\CodeIgniter.php(363): CodeIgniter\CodeIgniter->handleRequest(null, Object(Config\Cache), false)
 7 SYSTEMPATH\Boot.php(417): CodeIgniter\CodeIgniter->run()
 8 SYSTEMPATH\Boot.php(68): CodeIgniter\Boot::runCodeIgniter(Object(CodeIgniter\CodeIgniter))
 9 FCPATH\index.php(59): CodeIgniter\Boot::bootWeb(Object(Config\Paths))
CRITICAL - 2026-08-07 07:40:07 --> CodeIgniter\View\Exceptions\ViewException: Invalid file: "pages/usaha_detail.php"
[Method: GET, Route: aum/usaha-lain/detail/6]
in SYSTEMPATH\Exceptions\FrameworkException.php on line 39.
 1 SYSTEMPATH\View\View.php(228): CodeIgniter\Exceptions\FrameworkException::forInvalidFile('pages/usaha_detail.php')
 2 SYSTEMPATH\Common.php(1268): CodeIgniter\View\View->render('pages/usaha_detail', [], true)
 3 APPPATH\Controllers\Home.php(277): view('pages/usaha_detail', [...])
 4 SYSTEMPATH\CodeIgniter.php(974): App\Controllers\Home->detailUsaha('6')
 5 SYSTEMPATH\CodeIgniter.php(520): CodeIgniter\CodeIgniter->runController(Object(App\Controllers\Home))
 6 SYSTEMPATH\CodeIgniter.php(363): CodeIgniter\CodeIgniter->handleRequest(null, Object(Config\Cache), false)
 7 SYSTEMPATH\Boot.php(417): CodeIgniter\CodeIgniter->run()
 8 SYSTEMPATH\Boot.php(68): CodeIgniter\Boot::runCodeIgniter(Object(CodeIgniter\CodeIgniter))
 9 FCPATH\index.php(59): CodeIgniter\Boot::bootWeb(Object(Config\Paths))
CRITICAL - 2026-08-07 07:42:52 --> CodeIgniter\View\Exceptions\ViewException: Invalid file: "pages/usaha_detail.php"
[Method: GET, Route: aum/usaha-lain/detail/5]
in SYSTEMPATH\Exceptions\FrameworkException.php on line 39.
 1 SYSTEMPATH\View\View.php(228): CodeIgniter\Exceptions\FrameworkException::forInvalidFile('pages/usaha_detail.php')
 2 SYSTEMPATH\Common.php(1268): CodeIgniter\View\View->render('pages/usaha_detail', [], true)
 3 APPPATH\Controllers\Home.php(277): view('pages/usaha_detail', [...])
 4 SYSTEMPATH\CodeIgniter.php(974): App\Controllers\Home->detailUsaha('5')
 5 SYSTEMPATH\CodeIgniter.php(520): CodeIgniter\CodeIgniter->runController(Object(App\Controllers\Home))
 6 SYSTEMPATH\CodeIgniter.php(363): CodeIgniter\CodeIgniter->handleRequest(null, Object(Config\Cache), false)
 7 SYSTEMPATH\Boot.php(417): CodeIgniter\CodeIgniter->run()
 8 SYSTEMPATH\Boot.php(68): CodeIgniter\Boot::runCodeIgniter(Object(CodeIgniter\CodeIgniter))
 9 FCPATH\index.php(59): CodeIgniter\Boot::bootWeb(Object(Config\Paths))
CRITICAL - 2026-08-07 07:43:06 --> CodeIgniter\View\Exceptions\ViewException: Invalid file: "pages/usaha_detail.php"
[Method: GET, Route: aum/usaha-lain/detail/5]
in SYSTEMPATH\Exceptions\FrameworkException.php on line 39.
 1 SYSTEMPATH\View\View.php(228): CodeIgniter\Exceptions\FrameworkException::forInvalidFile('pages/usaha_detail.php')
 2 SYSTEMPATH\Common.php(1268): CodeIgniter\View\View->render('pages/usaha_detail', [], true)
 3 APPPATH\Controllers\Home.php(277): view('pages/usaha_detail', [...])
 4 SYSTEMPATH\CodeIgniter.php(974): App\Controllers\Home->detailUsaha('5')
 5 SYSTEMPATH\CodeIgniter.php(520): CodeIgniter\CodeIgniter->runController(Object(App\Controllers\Home))
 6 SYSTEMPATH\CodeIgniter.php(363): CodeIgniter\CodeIgniter->handleRequest(null, Object(Config\Cache), false)
 7 SYSTEMPATH\Boot.php(417): CodeIgniter\CodeIgniter->run()
 8 SYSTEMPATH\Boot.php(68): CodeIgniter\Boot::runCodeIgniter(Object(CodeIgniter\CodeIgniter))
 9 FCPATH\index.php(59): CodeIgniter\Boot::bootWeb(Object(Config\Paths))
DEBUG - 2026-08-07 07:59:14 --> Session: Class initialized using 'CodeIgniter\Session\Handlers\FileHandler' driver.
DEBUG - 2026-08-07 07:59:14 --> Session: Class initialized using 'CodeIgniter\Session\Handlers\FileHandler' driver.
DEBUG - 2026-08-07 07:59:30 --> Session: Class initialized using 'CodeIgniter\Session\Handlers\FileHandler' driver.
DEBUG - 2026-08-07 07:59:30 --> Session: Class initialized using 'CodeIgniter\Session\Handlers\FileHandler' driver.
DEBUG - 2026-08-07 08:00:52 --> Session: Class initialized using 'CodeIgniter\Session\Handlers\FileHandler' driver.
DEBUG - 2026-08-07 08:00:53 --> Session: Class initialized using 'CodeIgniter\Session\Handlers\FileHandler' driver.
CRITICAL - 2026-08-07 08:08:52 --> CodeIgniter\Pager\Exceptions\PagerException: "tailwind_pagination" is not a valid Pager template.
[Method: GET, Route: sekolah]
in SYSTEMPATH\Pager\Pager.php on line 124.
 1 SYSTEMPATH\Pager\Pager.php(124): CodeIgniter\Pager\Exceptions\PagerException::forInvalidTemplate('tailwind_pagination')
 2 SYSTEMPATH\Pager\Pager.php(87): CodeIgniter\Pager\Pager->displayLinks('sekolah', 'tailwind_pagination')
 3 APPPATH\Views\pages\sekolah.php(331): CodeIgniter\Pager\Pager->links('sekolah', 'tailwind_pagination')
 4 SYSTEMPATH\View\View.php(240): include('C:\\wamp64\\www\\pw-muhammadiyah\\app\\Views\\pages\\sekolah.php')
 5 SYSTEMPATH\View\View.php(243): CodeIgniter\View\View->CodeIgniter\View\{closure}()
 6 SYSTEMPATH\Common.php(1268): CodeIgniter\View\View->render('pages/sekolah', [], true)
 7 APPPATH\Controllers\Home.php(400): view('pages/sekolah', [...])
 8 SYSTEMPATH\CodeIgniter.php(974): App\Controllers\Home->sekolah()
 9 SYSTEMPATH\CodeIgniter.php(520): CodeIgniter\CodeIgniter->runController(Object(App\Controllers\Home))
10 SYSTEMPATH\CodeIgniter.php(363): CodeIgniter\CodeIgniter->handleRequest(null, Object(Config\Cache), false)
11 SYSTEMPATH\Boot.php(417): CodeIgniter\CodeIgniter->run()
12 SYSTEMPATH\Boot.php(68): CodeIgniter\Boot::runCodeIgniter(Object(CodeIgniter\CodeIgniter))
13 FCPATH\index.php(59): CodeIgniter\Boot::bootWeb(Object(Config\Paths))
CRITICAL - 2026-08-07 08:09:50 --> CodeIgniter\Pager\Exceptions\PagerException: "tailwind_pagination" is not a valid Pager template.
[Method: GET, Route: sekolah]
in SYSTEMPATH\Pager\Pager.php on line 124.
 1 SYSTEMPATH\Pager\Pager.php(124): CodeIgniter\Pager\Exceptions\PagerException::forInvalidTemplate('tailwind_pagination')
 2 SYSTEMPATH\Pager\Pager.php(87): CodeIgniter\Pager\Pager->displayLinks('sekolah', 'tailwind_pagination')
 3 APPPATH\Views\pages\sekolah.php(331): CodeIgniter\Pager\Pager->links('sekolah', 'tailwind_pagination')
 4 SYSTEMPATH\View\View.php(240): include('C:\\wamp64\\www\\pw-muhammadiyah\\app\\Views\\pages\\sekolah.php')
 5 SYSTEMPATH\View\View.php(243): CodeIgniter\View\View->CodeIgniter\View\{closure}()
 6 SYSTEMPATH\Common.php(1268): CodeIgniter\View\View->render('pages/sekolah', [], true)
 7 APPPATH\Controllers\Home.php(400): view('pages/sekolah', [...])
 8 SYSTEMPATH\CodeIgniter.php(974): App\Controllers\Home->sekolah()
 9 SYSTEMPATH\CodeIgniter.php(520): CodeIgniter\CodeIgniter->runController(Object(App\Controllers\Home))
10 SYSTEMPATH\CodeIgniter.php(363): CodeIgniter\CodeIgniter->handleRequest(null, Object(Config\Cache), false)
11 SYSTEMPATH\Boot.php(417): CodeIgniter\CodeIgniter->run()
12 SYSTEMPATH\Boot.php(68): CodeIgniter\Boot::runCodeIgniter(Object(CodeIgniter\CodeIgniter))
13 FCPATH\index.php(59): CodeIgniter\Boot::bootWeb(Object(Config\Paths))
CRITICAL - 2026-08-07 08:59:05 --> CodeIgniter\View\Exceptions\ViewException: Invalid file: "pages/profil/ortom.php"
[Method: GET, Route: ortom]
in SYSTEMPATH\Exceptions\FrameworkException.php on line 39.
 1 SYSTEMPATH\View\View.php(228): CodeIgniter\Exceptions\FrameworkException::forInvalidFile('pages/profil/ortom.php')
 2 SYSTEMPATH\Common.php(1268): CodeIgniter\View\View->render('pages/profil/ortom', [], true)
 3 APPPATH\Controllers\Home.php(287): view('pages/profil/ortom', [...])
 4 SYSTEMPATH\CodeIgniter.php(974): App\Controllers\Home->ortom()
 5 SYSTEMPATH\CodeIgniter.php(520): CodeIgniter\CodeIgniter->runController(Object(App\Controllers\Home))
 6 SYSTEMPATH\CodeIgniter.php(363): CodeIgniter\CodeIgniter->handleRequest(null, Object(Config\Cache), false)
 7 SYSTEMPATH\Boot.php(417): CodeIgniter\CodeIgniter->run()
 8 SYSTEMPATH\Boot.php(68): CodeIgniter\Boot::runCodeIgniter(Object(CodeIgniter\CodeIgniter))
 9 FCPATH\index.php(59): CodeIgniter\Boot::bootWeb(Object(Config\Paths))
DEBUG - 2026-08-07 09:02:46 --> Session: Class initialized using 'CodeIgniter\Session\Handlers\FileHandler' driver.
DEBUG - 2026-08-07 09:03:11 --> Session: Class initialized using 'CodeIgniter\Session\Handlers\FileHandler' driver.
DEBUG - 2026-08-07 09:03:12 --> Session: Class initialized using 'CodeIgniter\Session\Handlers\FileHandler' driver.
DEBUG - 2026-08-07 09:07:54 --> Session: Class initialized using 'CodeIgniter\Session\Handlers\FileHandler' driver.
DEBUG - 2026-08-07 09:09:13 --> Session: Class initialized using 'CodeIgniter\Session\Handlers\FileHandler' driver.
DEBUG - 2026-08-07 09:13:04 --> Session: Class initialized using 'CodeIgniter\Session\Handlers\FileHandler' driver.
DEBUG - 2026-08-07 09:18:36 --> Session: Class initialized using 'CodeIgniter\Session\Handlers\FileHandler' driver.
ERROR - 2026-08-07 09:18:37 --> Unknown column 'id' in 'order clause'
in SYSTEMPATH\Database\MySQLi\Connection.php on line 300.
 1 SYSTEMPATH\Database\MySQLi\Connection.php(300): mysqli->query('SELECT *
FROM `struktur_organisasi`
ORDER BY `id` ASC', 0)
 2 SYSTEMPATH\Database\BaseConnection.php(908): CodeIgniter\Database\MySQLi\Connection->execute('SELECT *
FROM `struktur_organisasi`
ORDER BY `id` ASC')
 3 SYSTEMPATH\Database\BaseConnection.php(825): CodeIgniter\Database\BaseConnection->simpleQuery('SELECT *
FROM `struktur_organisasi`
ORDER BY `id` ASC')
 4 SYSTEMPATH\Database\BaseBuilder.php(1655): CodeIgniter\Database\BaseConnection->query('SELECT *
FROM `struktur_organisasi`
ORDER BY `id` ASC', [], false)
 5 SYSTEMPATH\Model.php(255): CodeIgniter\Database\BaseBuilder->get()
 6 SYSTEMPATH\BaseModel.php(676): CodeIgniter\Model->doFindAll(0, 0)
 7 APPPATH\Controllers\Home.php(182): CodeIgniter\BaseModel->findAll()
 8 SYSTEMPATH\CodeIgniter.php(974): App\Controllers\Home->strukturOrganisasi()
 9 SYSTEMPATH\CodeIgniter.php(520): CodeIgniter\CodeIgniter->runController(Object(App\Controllers\Home))
10 SYSTEMPATH\CodeIgniter.php(363): CodeIgniter\CodeIgniter->handleRequest(null, Object(Config\Cache), false)
11 SYSTEMPATH\Boot.php(417): CodeIgniter\CodeIgniter->run()
12 SYSTEMPATH\Boot.php(68): CodeIgniter\Boot::runCodeIgniter(Object(CodeIgniter\CodeIgniter))
13 FCPATH\index.php(59): CodeIgniter\Boot::bootWeb(Object(Config\Paths))
CRITICAL - 2026-08-07 09:18:37 --> CodeIgniter\Database\Exceptions\DatabaseException: Unknown column 'id' in 'order clause'
[Method: GET, Route: profil/struktur-organisasi]
in SYSTEMPATH\Database\BaseConnection.php on line 863.
 1 SYSTEMPATH\Database\BaseBuilder.php(1655): CodeIgniter\Database\BaseConnection->query('SELECT *
FROM `struktur_organisasi`
ORDER BY `id` ASC', [], false)
 2 SYSTEMPATH\Model.php(255): CodeIgniter\Database\BaseBuilder->get()
 3 SYSTEMPATH\BaseModel.php(676): CodeIgniter\Model->doFindAll(0, 0)
 4 APPPATH\Controllers\Home.php(182): CodeIgniter\BaseModel->findAll()
 5 SYSTEMPATH\CodeIgniter.php(974): App\Controllers\Home->strukturOrganisasi()
 6 SYSTEMPATH\CodeIgniter.php(520): CodeIgniter\CodeIgniter->runController(Object(App\Controllers\Home))
 7 SYSTEMPATH\CodeIgniter.php(363): CodeIgniter\CodeIgniter->handleRequest(null, Object(Config\Cache), false)
 8 SYSTEMPATH\Boot.php(417): CodeIgniter\CodeIgniter->run()
 9 SYSTEMPATH\Boot.php(68): CodeIgniter\Boot::runCodeIgniter(Object(CodeIgniter\CodeIgniter))
10 FCPATH\index.php(59): CodeIgniter\Boot::bootWeb(Object(Config\Paths))
CRITICAL - 2026-08-07 09:18:37 --> [Caused by] CodeIgniter\Database\Exceptions\DatabaseException: Unknown column 'id' in 'order clause'
in SYSTEMPATH\Database\MySQLi\Connection.php on line 310.
 1 SYSTEMPATH\Database\BaseConnection.php(908): CodeIgniter\Database\MySQLi\Connection->execute('SELECT *
FROM `struktur_organisasi`
ORDER BY `id` ASC')
 2 SYSTEMPATH\Database\BaseConnection.php(825): CodeIgniter\Database\BaseConnection->simpleQuery('SELECT *
FROM `struktur_organisasi`
ORDER BY `id` ASC')
 3 SYSTEMPATH\Database\BaseBuilder.php(1655): CodeIgniter\Database\BaseConnection->query('SELECT *
FROM `struktur_organisasi`
ORDER BY `id` ASC', [], false)
 4 SYSTEMPATH\Model.php(255): CodeIgniter\Database\BaseBuilder->get()
 5 SYSTEMPATH\BaseModel.php(676): CodeIgniter\Model->doFindAll(0, 0)
 6 APPPATH\Controllers\Home.php(182): CodeIgniter\BaseModel->findAll()
 7 SYSTEMPATH\CodeIgniter.php(974): App\Controllers\Home->strukturOrganisasi()
 8 SYSTEMPATH\CodeIgniter.php(520): CodeIgniter\CodeIgniter->runController(Object(App\Controllers\Home))
 9 SYSTEMPATH\CodeIgniter.php(363): CodeIgniter\CodeIgniter->handleRequest(null, Object(Config\Cache), false)
10 SYSTEMPATH\Boot.php(417): CodeIgniter\CodeIgniter->run()
11 SYSTEMPATH\Boot.php(68): CodeIgniter\Boot::runCodeIgniter(Object(CodeIgniter\CodeIgniter))
12 FCPATH\index.php(59): CodeIgniter\Boot::bootWeb(Object(Config\Paths))
CRITICAL - 2026-08-07 09:18:37 --> [Caused by] mysqli_sql_exception: Unknown column 'id' in 'order clause'
in SYSTEMPATH\Database\MySQLi\Connection.php on line 300.
 1 SYSTEMPATH\Database\MySQLi\Connection.php(300): mysqli->query('SELECT *
FROM `struktur_organisasi`
ORDER BY `id` ASC', 0)
 2 SYSTEMPATH\Database\BaseConnection.php(908): CodeIgniter\Database\MySQLi\Connection->execute('SELECT *
FROM `struktur_organisasi`
ORDER BY `id` ASC')
 3 SYSTEMPATH\Database\BaseConnection.php(825): CodeIgniter\Database\BaseConnection->simpleQuery('SELECT *
FROM `struktur_organisasi`
ORDER BY `id` ASC')
 4 SYSTEMPATH\Database\BaseBuilder.php(1655): CodeIgniter\Database\BaseConnection->query('SELECT *
FROM `struktur_organisasi`
ORDER BY `id` ASC', [], false)
 5 SYSTEMPATH\Model.php(255): CodeIgniter\Database\BaseBuilder->get()
 6 SYSTEMPATH\BaseModel.php(676): CodeIgniter\Model->doFindAll(0, 0)
 7 APPPATH\Controllers\Home.php(182): CodeIgniter\BaseModel->findAll()
 8 SYSTEMPATH\CodeIgniter.php(974): App\Controllers\Home->strukturOrganisasi()
 9 SYSTEMPATH\CodeIgniter.php(520): CodeIgniter\CodeIgniter->runController(Object(App\Controllers\Home))
10 SYSTEMPATH\CodeIgniter.php(363): CodeIgniter\CodeIgniter->handleRequest(null, Object(Config\Cache), false)
11 SYSTEMPATH\Boot.php(417): CodeIgniter\CodeIgniter->run()
12 SYSTEMPATH\Boot.php(68): CodeIgniter\Boot::runCodeIgniter(Object(CodeIgniter\CodeIgniter))
13 FCPATH\index.php(59): CodeIgniter\Boot::bootWeb(Object(Config\Paths))
DEBUG - 2026-08-07 09:20:10 --> Session: Class initialized using 'CodeIgniter\Session\Handlers\FileHandler' driver.
ERROR - 2026-08-07 09:20:12 --> Unknown column 'id' in 'order clause'
in SYSTEMPATH\Database\MySQLi\Connection.php on line 300.
 1 SYSTEMPATH\Database\MySQLi\Connection.php(300): mysqli->query('SELECT *
FROM `struktur_organisasi`
ORDER BY `id` ASC', 0)
 2 SYSTEMPATH\Database\BaseConnection.php(908): CodeIgniter\Database\MySQLi\Connection->execute('SELECT *
FROM `struktur_organisasi`
ORDER BY `id` ASC')
 3 SYSTEMPATH\Database\BaseConnection.php(825): CodeIgniter\Database\BaseConnection->simpleQuery('SELECT *
FROM `struktur_organisasi`
ORDER BY `id` ASC')
 4 SYSTEMPATH\Database\BaseBuilder.php(1655): CodeIgniter\Database\BaseConnection->query('SELECT *
FROM `struktur_organisasi`
ORDER BY `id` ASC', [], false)
 5 SYSTEMPATH\Model.php(255): CodeIgniter\Database\BaseBuilder->get()
 6 SYSTEMPATH\BaseModel.php(676): CodeIgniter\Model->doFindAll(0, 0)
 7 APPPATH\Controllers\Home.php(182): CodeIgniter\BaseModel->findAll()
 8 SYSTEMPATH\CodeIgniter.php(974): App\Controllers\Home->strukturOrganisasi()
 9 SYSTEMPATH\CodeIgniter.php(520): CodeIgniter\CodeIgniter->runController(Object(App\Controllers\Home))
10 SYSTEMPATH\CodeIgniter.php(363): CodeIgniter\CodeIgniter->handleRequest(null, Object(Config\Cache), false)
11 SYSTEMPATH\Boot.php(417): CodeIgniter\CodeIgniter->run()
12 SYSTEMPATH\Boot.php(68): CodeIgniter\Boot::runCodeIgniter(Object(CodeIgniter\CodeIgniter))
13 FCPATH\index.php(59): CodeIgniter\Boot::bootWeb(Object(Config\Paths))
CRITICAL - 2026-08-07 09:20:12 --> CodeIgniter\Database\Exceptions\DatabaseException: Unknown column 'id' in 'order clause'
[Method: GET, Route: profil/struktur-organisasi]
in SYSTEMPATH\Database\BaseConnection.php on line 863.
 1 SYSTEMPATH\Database\BaseBuilder.php(1655): CodeIgniter\Database\BaseConnection->query('SELECT *
FROM `struktur_organisasi`
ORDER BY `id` ASC', [], false)
 2 SYSTEMPATH\Model.php(255): CodeIgniter\Database\BaseBuilder->get()
 3 SYSTEMPATH\BaseModel.php(676): CodeIgniter\Model->doFindAll(0, 0)
 4 APPPATH\Controllers\Home.php(182): CodeIgniter\BaseModel->findAll()
 5 SYSTEMPATH\CodeIgniter.php(974): App\Controllers\Home->strukturOrganisasi()
 6 SYSTEMPATH\CodeIgniter.php(520): CodeIgniter\CodeIgniter->runController(Object(App\Controllers\Home))
 7 SYSTEMPATH\CodeIgniter.php(363): CodeIgniter\CodeIgniter->handleRequest(null, Object(Config\Cache), false)
 8 SYSTEMPATH\Boot.php(417): CodeIgniter\CodeIgniter->run()
 9 SYSTEMPATH\Boot.php(68): CodeIgniter\Boot::runCodeIgniter(Object(CodeIgniter\CodeIgniter))
10 FCPATH\index.php(59): CodeIgniter\Boot::bootWeb(Object(Config\Paths))
CRITICAL - 2026-08-07 09:20:12 --> [Caused by] CodeIgniter\Database\Exceptions\DatabaseException: Unknown column 'id' in 'order clause'
in SYSTEMPATH\Database\MySQLi\Connection.php on line 310.
 1 SYSTEMPATH\Database\BaseConnection.php(908): CodeIgniter\Database\MySQLi\Connection->execute('SELECT *
FROM `struktur_organisasi`
ORDER BY `id` ASC')
 2 SYSTEMPATH\Database\BaseConnection.php(825): CodeIgniter\Database\BaseConnection->simpleQuery('SELECT *
FROM `struktur_organisasi`
ORDER BY `id` ASC')
 3 SYSTEMPATH\Database\BaseBuilder.php(1655): CodeIgniter\Database\BaseConnection->query('SELECT *
FROM `struktur_organisasi`
ORDER BY `id` ASC', [], false)
 4 SYSTEMPATH\Model.php(255): CodeIgniter\Database\BaseBuilder->get()
 5 SYSTEMPATH\BaseModel.php(676): CodeIgniter\Model->doFindAll(0, 0)
 6 APPPATH\Controllers\Home.php(182): CodeIgniter\BaseModel->findAll()
 7 SYSTEMPATH\CodeIgniter.php(974): App\Controllers\Home->strukturOrganisasi()
 8 SYSTEMPATH\CodeIgniter.php(520): CodeIgniter\CodeIgniter->runController(Object(App\Controllers\Home))
 9 SYSTEMPATH\CodeIgniter.php(363): CodeIgniter\CodeIgniter->handleRequest(null, Object(Config\Cache), false)
10 SYSTEMPATH\Boot.php(417): CodeIgniter\CodeIgniter->run()
11 SYSTEMPATH\Boot.php(68): CodeIgniter\Boot::runCodeIgniter(Object(CodeIgniter\CodeIgniter))
12 FCPATH\index.php(59): CodeIgniter\Boot::bootWeb(Object(Config\Paths))
CRITICAL - 2026-08-07 09:20:12 --> [Caused by] mysqli_sql_exception: Unknown column 'id' in 'order clause'
in SYSTEMPATH\Database\MySQLi\Connection.php on line 300.
 1 SYSTEMPATH\Database\MySQLi\Connection.php(300): mysqli->query('SELECT *
FROM `struktur_organisasi`
ORDER BY `id` ASC', 0)
 2 SYSTEMPATH\Database\BaseConnection.php(908): CodeIgniter\Database\MySQLi\Connection->execute('SELECT *
FROM `struktur_organisasi`
ORDER BY `id` ASC')
 3 SYSTEMPATH\Database\BaseConnection.php(825): CodeIgniter\Database\BaseConnection->simpleQuery('SELECT *
FROM `struktur_organisasi`
ORDER BY `id` ASC')
 4 SYSTEMPATH\Database\BaseBuilder.php(1655): CodeIgniter\Database\BaseConnection->query('SELECT *
FROM `struktur_organisasi`
ORDER BY `id` ASC', [], false)
 5 SYSTEMPATH\Model.php(255): CodeIgniter\Database\BaseBuilder->get()
 6 SYSTEMPATH\BaseModel.php(676): CodeIgniter\Model->doFindAll(0, 0)
 7 APPPATH\Controllers\Home.php(182): CodeIgniter\BaseModel->findAll()
 8 SYSTEMPATH\CodeIgniter.php(974): App\Controllers\Home->strukturOrganisasi()
 9 SYSTEMPATH\CodeIgniter.php(520): CodeIgniter\CodeIgniter->runController(Object(App\Controllers\Home))
10 SYSTEMPATH\CodeIgniter.php(363): CodeIgniter\CodeIgniter->handleRequest(null, Object(Config\Cache), false)
11 SYSTEMPATH\Boot.php(417): CodeIgniter\CodeIgniter->run()
12 SYSTEMPATH\Boot.php(68): CodeIgniter\Boot::runCodeIgniter(Object(CodeIgniter\CodeIgniter))
13 FCPATH\index.php(59): CodeIgniter\Boot::bootWeb(Object(Config\Paths))
DEBUG - 2026-08-07 09:21:13 --> Session: Class initialized using 'CodeIgniter\Session\Handlers\FileHandler' driver.
DEBUG - 2026-08-07 09:26:33 --> Session: Class initialized using 'CodeIgniter\Session\Handlers\FileHandler' driver.
DEBUG - 2026-08-07 09:36:16 --> Session: Class initialized using 'CodeIgniter\Session\Handlers\FileHandler' driver.
DEBUG - 2026-08-07 09:36:46 --> Session: Class initialized using 'CodeIgniter\Session\Handlers\FileHandler' driver.
DEBUG - 2026-08-07 09:37:03 --> Session: Class initialized using 'CodeIgniter\Session\Handlers\FileHandler' driver.
DEBUG - 2026-08-07 09:37:11 --> Session: Class initialized using 'CodeIgniter\Session\Handlers\FileHandler' driver.
DEBUG - 2026-08-07 09:37:12 --> Session: Class initialized using 'CodeIgniter\Session\Handlers\FileHandler' driver.
DEBUG - 2026-08-07 09:37:18 --> Session: Class initialized using 'CodeIgniter\Session\Handlers\FileHandler' driver.
DEBUG - 2026-08-07 09:37:41 --> Session: Class initialized using 'CodeIgniter\Session\Handlers\FileHandler' driver.
CRITICAL - 2026-08-07 09:37:41 --> CodeIgniter\Pager\Exceptions\PagerException: "tailwind_pagination" is not a valid Pager template.
[Method: GET, Route: admin/majelis]
in SYSTEMPATH\Pager\Pager.php on line 124.
 1 SYSTEMPATH\Pager\Pager.php(124): CodeIgniter\Pager\Exceptions\PagerException::forInvalidTemplate('tailwind_pagination')
 2 SYSTEMPATH\Pager\Pager.php(87): CodeIgniter\Pager\Pager->displayLinks('default', 'tailwind_pagination')
 3 APPPATH\Views\admin\majelis\index.php(173): CodeIgniter\Pager\Pager->links('default', 'tailwind_pagination')
 4 SYSTEMPATH\View\View.php(240): include('C:\\wamp64\\www\\pw-muhammadiyah\\app\\Views\\admin\\majelis\\index.php')
 5 SYSTEMPATH\View\View.php(243): CodeIgniter\View\View->CodeIgniter\View\{closure}()
 6 SYSTEMPATH\Common.php(1268): CodeIgniter\View\View->render('admin/majelis/index', [], true)
 7 APPPATH\Controllers\Admin\Majelis.php(28): view('admin/majelis/index', [...])
 8 SYSTEMPATH\CodeIgniter.php(974): App\Controllers\Admin\Majelis->index()
 9 SYSTEMPATH\CodeIgniter.php(520): CodeIgniter\CodeIgniter->runController(Object(App\Controllers\Admin\Majelis))
10 SYSTEMPATH\CodeIgniter.php(363): CodeIgniter\CodeIgniter->handleRequest(null, Object(Config\Cache), false)
11 SYSTEMPATH\Boot.php(417): CodeIgniter\CodeIgniter->run()
12 SYSTEMPATH\Boot.php(68): CodeIgniter\Boot::runCodeIgniter(Object(CodeIgniter\CodeIgniter))
13 FCPATH\index.php(59): CodeIgniter\Boot::bootWeb(Object(Config\Paths))
DEBUG - 2026-08-07 09:37:46 --> Session: Class initialized using 'CodeIgniter\Session\Handlers\FileHandler' driver.
CRITICAL - 2026-08-07 09:37:46 --> CodeIgniter\Pager\Exceptions\PagerException: "tailwind_pagination" is not a valid Pager template.
[Method: GET, Route: admin/majelis]
in SYSTEMPATH\Pager\Pager.php on line 124.
 1 SYSTEMPATH\Pager\Pager.php(124): CodeIgniter\Pager\Exceptions\PagerException::forInvalidTemplate('tailwind_pagination')
 2 SYSTEMPATH\Pager\Pager.php(87): CodeIgniter\Pager\Pager->displayLinks('default', 'tailwind_pagination')
 3 APPPATH\Views\admin\majelis\index.php(173): CodeIgniter\Pager\Pager->links('default', 'tailwind_pagination')
 4 SYSTEMPATH\View\View.php(240): include('C:\\wamp64\\www\\pw-muhammadiyah\\app\\Views\\admin\\majelis\\index.php')
 5 SYSTEMPATH\View\View.php(243): CodeIgniter\View\View->CodeIgniter\View\{closure}()
 6 SYSTEMPATH\Common.php(1268): CodeIgniter\View\View->render('admin/majelis/index', [], true)
 7 APPPATH\Controllers\Admin\Majelis.php(28): view('admin/majelis/index', [...])
 8 SYSTEMPATH\CodeIgniter.php(974): App\Controllers\Admin\Majelis->index()
 9 SYSTEMPATH\CodeIgniter.php(520): CodeIgniter\CodeIgniter->runController(Object(App\Controllers\Admin\Majelis))
10 SYSTEMPATH\CodeIgniter.php(363): CodeIgniter\CodeIgniter->handleRequest(null, Object(Config\Cache), false)
11 SYSTEMPATH\Boot.php(417): CodeIgniter\CodeIgniter->run()
12 SYSTEMPATH\Boot.php(68): CodeIgniter\Boot::runCodeIgniter(Object(CodeIgniter\CodeIgniter))
13 FCPATH\index.php(59): CodeIgniter\Boot::bootWeb(Object(Config\Paths))
DEBUG - 2026-08-07 09:37:56 --> Session: Class initialized using 'CodeIgniter\Session\Handlers\FileHandler' driver.
CRITICAL - 2026-08-07 09:37:56 --> CodeIgniter\Pager\Exceptions\PagerException: "tailwind_pagination" is not a valid Pager template.
[Method: GET, Route: admin/majelis]
in SYSTEMPATH\Pager\Pager.php on line 124.
 1 SYSTEMPATH\Pager\Pager.php(124): CodeIgniter\Pager\Exceptions\PagerException::forInvalidTemplate('tailwind_pagination')
 2 SYSTEMPATH\Pager\Pager.php(87): CodeIgniter\Pager\Pager->displayLinks('default', 'tailwind_pagination')
 3 APPPATH\Views\admin\majelis\index.php(173): CodeIgniter\Pager\Pager->links('default', 'tailwind_pagination')
 4 SYSTEMPATH\View\View.php(240): include('C:\\wamp64\\www\\pw-muhammadiyah\\app\\Views\\admin\\majelis\\index.php')
 5 SYSTEMPATH\View\View.php(243): CodeIgniter\View\View->CodeIgniter\View\{closure}()
 6 SYSTEMPATH\Common.php(1268): CodeIgniter\View\View->render('admin/majelis/index', [], true)
 7 APPPATH\Controllers\Admin\Majelis.php(28): view('admin/majelis/index', [...])
 8 SYSTEMPATH\CodeIgniter.php(974): App\Controllers\Admin\Majelis->index()
 9 SYSTEMPATH\CodeIgniter.php(520): CodeIgniter\CodeIgniter->runController(Object(App\Controllers\Admin\Majelis))
10 SYSTEMPATH\CodeIgniter.php(363): CodeIgniter\CodeIgniter->handleRequest(null, Object(Config\Cache), false)
11 SYSTEMPATH\Boot.php(417): CodeIgniter\CodeIgniter->run()
12 SYSTEMPATH\Boot.php(68): CodeIgniter\Boot::runCodeIgniter(Object(CodeIgniter\CodeIgniter))
13 FCPATH\index.php(59): CodeIgniter\Boot::bootWeb(Object(Config\Paths))
DEBUG - 2026-08-07 09:37:58 --> Session: Class initialized using 'CodeIgniter\Session\Handlers\FileHandler' driver.
CRITICAL - 2026-08-07 09:37:58 --> CodeIgniter\Pager\Exceptions\PagerException: "tailwind_pagination" is not a valid Pager template.
[Method: GET, Route: admin/majelis]
in SYSTEMPATH\Pager\Pager.php on line 124.
 1 SYSTEMPATH\Pager\Pager.php(124): CodeIgniter\Pager\Exceptions\PagerException::forInvalidTemplate('tailwind_pagination')
 2 SYSTEMPATH\Pager\Pager.php(87): CodeIgniter\Pager\Pager->displayLinks('default', 'tailwind_pagination')
 3 APPPATH\Views\admin\majelis\index.php(173): CodeIgniter\Pager\Pager->links('default', 'tailwind_pagination')
 4 SYSTEMPATH\View\View.php(240): include('C:\\wamp64\\www\\pw-muhammadiyah\\app\\Views\\admin\\majelis\\index.php')
 5 SYSTEMPATH\View\View.php(243): CodeIgniter\View\View->CodeIgniter\View\{closure}()
 6 SYSTEMPATH\Common.php(1268): CodeIgniter\View\View->render('admin/majelis/index', [], true)
 7 APPPATH\Controllers\Admin\Majelis.php(28): view('admin/majelis/index', [...])
 8 SYSTEMPATH\CodeIgniter.php(974): App\Controllers\Admin\Majelis->index()
 9 SYSTEMPATH\CodeIgniter.php(520): CodeIgniter\CodeIgniter->runController(Object(App\Controllers\Admin\Majelis))
10 SYSTEMPATH\CodeIgniter.php(363): CodeIgniter\CodeIgniter->handleRequest(null, Object(Config\Cache), false)
11 SYSTEMPATH\Boot.php(417): CodeIgniter\CodeIgniter->run()
12 SYSTEMPATH\Boot.php(68): CodeIgniter\Boot::runCodeIgniter(Object(CodeIgniter\CodeIgniter))
13 FCPATH\index.php(59): CodeIgniter\Boot::bootWeb(Object(Config\Paths))
DEBUG - 2026-08-07 09:42:51 --> Session: Class initialized using 'CodeIgniter\Session\Handlers\FileHandler' driver.
DEBUG - 2026-08-07 09:47:42 --> Session: Class initialized using 'CodeIgniter\Session\Handlers\FileHandler' driver.
DEBUG - 2026-08-07 09:48:43 --> Session: Class initialized using 'CodeIgniter\Session\Handlers\FileHandler' driver.
DEBUG - 2026-08-07 09:48:48 --> Session: Class initialized using 'CodeIgniter\Session\Handlers\FileHandler' driver.
DEBUG - 2026-08-07 09:49:04 --> Session: Class initialized using 'CodeIgniter\Session\Handlers\FileHandler' driver.
DEBUG - 2026-08-07 09:49:10 --> Session: Class initialized using 'CodeIgniter\Session\Handlers\FileHandler' driver.
DEBUG - 2026-08-07 09:49:24 --> Session: Class initialized using 'CodeIgniter\Session\Handlers\FileHandler' driver.
DEBUG - 2026-08-07 09:49:55 --> Session: Class initialized using 'CodeIgniter\Session\Handlers\FileHandler' driver.
ERROR - 2026-08-07 09:52:51 --> Unknown column 'ketua' in 'field list'
in SYSTEMPATH\Database\MySQLi\Connection.php on line 300.
 1 SYSTEMPATH\Database\MySQLi\Connection.php(300): mysqli->query('INSERT INTO `majelis_lembaga` (`nama_majelis`, `ketua`, `sekretaris`, `deskripsi`, `foto`) VALUES (\'Mejelis Pustaka Dan Informasi\', \'Agung Hidayat\', \'Agus Hermawan\', \'addaadad\', NULL)', 0)
 2 SYSTEMPATH\Database\BaseConnection.php(908): CodeIgniter\Database\MySQLi\Connection->execute('INSERT INTO `majelis_lembaga` (`nama_majelis`, `ketua`, `sekretaris`, `deskripsi`, `foto`) VALUES (\'Mejelis Pustaka Dan Informasi\', \'Agung Hidayat\', \'Agus Hermawan\', \'addaadad\', NULL)')
 3 SYSTEMPATH\Database\BaseConnection.php(825): CodeIgniter\Database\BaseConnection->simpleQuery('INSERT INTO `majelis_lembaga` (`nama_majelis`, `ketua`, `sekretaris`, `deskripsi`, `foto`) VALUES (\'Mejelis Pustaka Dan Informasi\', \'Agung Hidayat\', \'Agus Hermawan\', \'addaadad\', NULL)')
 4 SYSTEMPATH\Database\BaseBuilder.php(2351): CodeIgniter\Database\BaseConnection->query('INSERT INTO `majelis_lembaga` (`nama_majelis`, `ketua`, `sekretaris`, `deskripsi`, `foto`) VALUES (:nama_majelis:, :ketua:, :sekretaris:, :deskripsi:, :foto:)', [...], false)
 5 SYSTEMPATH\Model.php(357): CodeIgniter\Database\BaseBuilder->insert()
 6 SYSTEMPATH\BaseModel.php(899): CodeIgniter\Model->doInsert([...])
 7 SYSTEMPATH\Model.php(670): CodeIgniter\BaseModel->insert([...], false)
 8 SYSTEMPATH\BaseModel.php(752): CodeIgniter\Model->insert([...], false)
 9 APPPATH\Controllers\Admin\Majelis.php(56): CodeIgniter\BaseModel->save([...])
10 SYSTEMPATH\CodeIgniter.php(974): App\Controllers\Admin\Majelis->simpan()
11 SYSTEMPATH\CodeIgniter.php(520): CodeIgniter\CodeIgniter->runController(Object(App\Controllers\Admin\Majelis))
12 SYSTEMPATH\CodeIgniter.php(363): CodeIgniter\CodeIgniter->handleRequest(null, Object(Config\Cache), false)
13 SYSTEMPATH\Boot.php(417): CodeIgniter\CodeIgniter->run()
14 SYSTEMPATH\Boot.php(68): CodeIgniter\Boot::runCodeIgniter(Object(CodeIgniter\CodeIgniter))
15 FCPATH\index.php(59): CodeIgniter\Boot::bootWeb(Object(Config\Paths))
CRITICAL - 2026-08-07 09:52:51 --> CodeIgniter\Database\Exceptions\DatabaseException: Unknown column 'ketua' in 'field list'
[Method: POST, Route: admin/majelis/simpan]
in SYSTEMPATH\Database\BaseConnection.php on line 863.
 1 SYSTEMPATH\Database\BaseBuilder.php(2351): CodeIgniter\Database\BaseConnection->query('INSERT INTO `majelis_lembaga` (`nama_majelis`, `ketua`, `sekretaris`, `deskripsi`, `foto`) VALUES (:nama_majelis:, :ketua:, :sekretaris:, :deskripsi:, :foto:)', [...], false)
 2 SYSTEMPATH\Model.php(357): CodeIgniter\Database\BaseBuilder->insert()
 3 SYSTEMPATH\BaseModel.php(899): CodeIgniter\Model->doInsert([...])
 4 SYSTEMPATH\Model.php(670): CodeIgniter\BaseModel->insert([...], false)
 5 SYSTEMPATH\BaseModel.php(752): CodeIgniter\Model->insert([...], false)
 6 APPPATH\Controllers\Admin\Majelis.php(56): CodeIgniter\BaseModel->save([...])
 7 SYSTEMPATH\CodeIgniter.php(974): App\Controllers\Admin\Majelis->simpan()
 8 SYSTEMPATH\CodeIgniter.php(520): CodeIgniter\CodeIgniter->runController(Object(App\Controllers\Admin\Majelis))
 9 SYSTEMPATH\CodeIgniter.php(363): CodeIgniter\CodeIgniter->handleRequest(null, Object(Config\Cache), false)
10 SYSTEMPATH\Boot.php(417): CodeIgniter\CodeIgniter->run()
11 SYSTEMPATH\Boot.php(68): CodeIgniter\Boot::runCodeIgniter(Object(CodeIgniter\CodeIgniter))
12 FCPATH\index.php(59): CodeIgniter\Boot::bootWeb(Object(Config\Paths))
CRITICAL - 2026-08-07 09:52:51 --> [Caused by] CodeIgniter\Database\Exceptions\DatabaseException: Unknown column 'ketua' in 'field list'
in SYSTEMPATH\Database\MySQLi\Connection.php on line 310.
 1 SYSTEMPATH\Database\BaseConnection.php(908): CodeIgniter\Database\MySQLi\Connection->execute('INSERT INTO `majelis_lembaga` (`nama_majelis`, `ketua`, `sekretaris`, `deskripsi`, `foto`) VALUES (\'Mejelis Pustaka Dan Informasi\', \'Agung Hidayat\', \'Agus Hermawan\', \'addaadad\', NULL)')
 2 SYSTEMPATH\Database\BaseConnection.php(825): CodeIgniter\Database\BaseConnection->simpleQuery('INSERT INTO `majelis_lembaga` (`nama_majelis`, `ketua`, `sekretaris`, `deskripsi`, `foto`) VALUES (\'Mejelis Pustaka Dan Informasi\', \'Agung Hidayat\', \'Agus Hermawan\', \'addaadad\', NULL)')
 3 SYSTEMPATH\Database\BaseBuilder.php(2351): CodeIgniter\Database\BaseConnection->query('INSERT INTO `majelis_lembaga` (`nama_majelis`, `ketua`, `sekretaris`, `deskripsi`, `foto`) VALUES (:nama_majelis:, :ketua:, :sekretaris:, :deskripsi:, :foto:)', [...], false)
 4 SYSTEMPATH\Model.php(357): CodeIgniter\Database\BaseBuilder->insert()
 5 SYSTEMPATH\BaseModel.php(899): CodeIgniter\Model->doInsert([...])
 6 SYSTEMPATH\Model.php(670): CodeIgniter\BaseModel->insert([...], false)
 7 SYSTEMPATH\BaseModel.php(752): CodeIgniter\Model->insert([...], false)
 8 APPPATH\Controllers\Admin\Majelis.php(56): CodeIgniter\BaseModel->save([...])
 9 SYSTEMPATH\CodeIgniter.php(974): App\Controllers\Admin\Majelis->simpan()
10 SYSTEMPATH\CodeIgniter.php(520): CodeIgniter\CodeIgniter->runController(Object(App\Controllers\Admin\Majelis))
11 SYSTEMPATH\CodeIgniter.php(363): CodeIgniter\CodeIgniter->handleRequest(null, Object(Config\Cache), false)
12 SYSTEMPATH\Boot.php(417): CodeIgniter\CodeIgniter->run()
13 SYSTEMPATH\Boot.php(68): CodeIgniter\Boot::runCodeIgniter(Object(CodeIgniter\CodeIgniter))
14 FCPATH\index.php(59): CodeIgniter\Boot::bootWeb(Object(Config\Paths))
CRITICAL - 2026-08-07 09:52:51 --> [Caused by] mysqli_sql_exception: Unknown column 'ketua' in 'field list'
in SYSTEMPATH\Database\MySQLi\Connection.php on line 300.
 1 SYSTEMPATH\Database\MySQLi\Connection.php(300): mysqli->query('INSERT INTO `majelis_lembaga` (`nama_majelis`, `ketua`, `sekretaris`, `deskripsi`, `foto`) VALUES (\'Mejelis Pustaka Dan Informasi\', \'Agung Hidayat\', \'Agus Hermawan\', \'addaadad\', NULL)', 0)
 2 SYSTEMPATH\Database\BaseConnection.php(908): CodeIgniter\Database\MySQLi\Connection->execute('INSERT INTO `majelis_lembaga` (`nama_majelis`, `ketua`, `sekretaris`, `deskripsi`, `foto`) VALUES (\'Mejelis Pustaka Dan Informasi\', \'Agung Hidayat\', \'Agus Hermawan\', \'addaadad\', NULL)')
 3 SYSTEMPATH\Database\BaseConnection.php(825): CodeIgniter\Database\BaseConnection->simpleQuery('INSERT INTO `majelis_lembaga` (`nama_majelis`, `ketua`, `sekretaris`, `deskripsi`, `foto`) VALUES (\'Mejelis Pustaka Dan Informasi\', \'Agung Hidayat\', \'Agus Hermawan\', \'addaadad\', NULL)')
 4 SYSTEMPATH\Database\BaseBuilder.php(2351): CodeIgniter\Database\BaseConnection->query('INSERT INTO `majelis_lembaga` (`nama_majelis`, `ketua`, `sekretaris`, `deskripsi`, `foto`) VALUES (:nama_majelis:, :ketua:, :sekretaris:, :deskripsi:, :foto:)', [...], false)
 5 SYSTEMPATH\Model.php(357): CodeIgniter\Database\BaseBuilder->insert()
 6 SYSTEMPATH\BaseModel.php(899): CodeIgniter\Model->doInsert([...])
 7 SYSTEMPATH\Model.php(670): CodeIgniter\BaseModel->insert([...], false)
 8 SYSTEMPATH\BaseModel.php(752): CodeIgniter\Model->insert([...], false)
 9 APPPATH\Controllers\Admin\Majelis.php(56): CodeIgniter\BaseModel->save([...])
10 SYSTEMPATH\CodeIgniter.php(974): App\Controllers\Admin\Majelis->simpan()
11 SYSTEMPATH\CodeIgniter.php(520): CodeIgniter\CodeIgniter->runController(Object(App\Controllers\Admin\Majelis))
12 SYSTEMPATH\CodeIgniter.php(363): CodeIgniter\CodeIgniter->handleRequest(null, Object(Config\Cache), false)
13 SYSTEMPATH\Boot.php(417): CodeIgniter\CodeIgniter->run()
14 SYSTEMPATH\Boot.php(68): CodeIgniter\Boot::runCodeIgniter(Object(CodeIgniter\CodeIgniter))
15 FCPATH\index.php(59): CodeIgniter\Boot::bootWeb(Object(Config\Paths))
ERROR - 2026-08-07 09:56:16 --> Unknown column 'ketua' in 'field list'
in SYSTEMPATH\Database\MySQLi\Connection.php on line 300.
 1 SYSTEMPATH\Database\MySQLi\Connection.php(300): mysqli->query('INSERT INTO `majelis_lembaga` (`nama_majelis`, `ketua`, `sekretaris`, `deskripsi`, `foto`) VALUES (\'Mejelis Pustaka Dan Informasi\', \'Agung Hidayat\', \'Agus Hermawan\', \'addaadad\', NULL)', 0)
 2 SYSTEMPATH\Database\BaseConnection.php(908): CodeIgniter\Database\MySQLi\Connection->execute('INSERT INTO `majelis_lembaga` (`nama_majelis`, `ketua`, `sekretaris`, `deskripsi`, `foto`) VALUES (\'Mejelis Pustaka Dan Informasi\', \'Agung Hidayat\', \'Agus Hermawan\', \'addaadad\', NULL)')
 3 SYSTEMPATH\Database\BaseConnection.php(825): CodeIgniter\Database\BaseConnection->simpleQuery('INSERT INTO `majelis_lembaga` (`nama_majelis`, `ketua`, `sekretaris`, `deskripsi`, `foto`) VALUES (\'Mejelis Pustaka Dan Informasi\', \'Agung Hidayat\', \'Agus Hermawan\', \'addaadad\', NULL)')
 4 SYSTEMPATH\Database\BaseBuilder.php(2351): CodeIgniter\Database\BaseConnection->query('INSERT INTO `majelis_lembaga` (`nama_majelis`, `ketua`, `sekretaris`, `deskripsi`, `foto`) VALUES (:nama_majelis:, :ketua:, :sekretaris:, :deskripsi:, :foto:)', [...], false)
 5 SYSTEMPATH\Model.php(357): CodeIgniter\Database\BaseBuilder->insert()
 6 SYSTEMPATH\BaseModel.php(899): CodeIgniter\Model->doInsert([...])
 7 SYSTEMPATH\Model.php(670): CodeIgniter\BaseModel->insert([...], false)
 8 SYSTEMPATH\BaseModel.php(752): CodeIgniter\Model->insert([...], false)
 9 APPPATH\Controllers\Admin\Majelis.php(56): CodeIgniter\BaseModel->save([...])
10 SYSTEMPATH\CodeIgniter.php(974): App\Controllers\Admin\Majelis->simpan()
11 SYSTEMPATH\CodeIgniter.php(520): CodeIgniter\CodeIgniter->runController(Object(App\Controllers\Admin\Majelis))
12 SYSTEMPATH\CodeIgniter.php(363): CodeIgniter\CodeIgniter->handleRequest(null, Object(Config\Cache), false)
13 SYSTEMPATH\Boot.php(417): CodeIgniter\CodeIgniter->run()
14 SYSTEMPATH\Boot.php(68): CodeIgniter\Boot::runCodeIgniter(Object(CodeIgniter\CodeIgniter))
15 FCPATH\index.php(59): CodeIgniter\Boot::bootWeb(Object(Config\Paths))
CRITICAL - 2026-08-07 09:56:16 --> CodeIgniter\Database\Exceptions\DatabaseException: Unknown column 'ketua' in 'field list'
[Method: POST, Route: admin/majelis/simpan]
in SYSTEMPATH\Database\BaseConnection.php on line 863.
 1 SYSTEMPATH\Database\BaseBuilder.php(2351): CodeIgniter\Database\BaseConnection->query('INSERT INTO `majelis_lembaga` (`nama_majelis`, `ketua`, `sekretaris`, `deskripsi`, `foto`) VALUES (:nama_majelis:, :ketua:, :sekretaris:, :deskripsi:, :foto:)', [...], false)
 2 SYSTEMPATH\Model.php(357): CodeIgniter\Database\BaseBuilder->insert()
 3 SYSTEMPATH\BaseModel.php(899): CodeIgniter\Model->doInsert([...])
 4 SYSTEMPATH\Model.php(670): CodeIgniter\BaseModel->insert([...], false)
 5 SYSTEMPATH\BaseModel.php(752): CodeIgniter\Model->insert([...], false)
 6 APPPATH\Controllers\Admin\Majelis.php(56): CodeIgniter\BaseModel->save([...])
 7 SYSTEMPATH\CodeIgniter.php(974): App\Controllers\Admin\Majelis->simpan()
 8 SYSTEMPATH\CodeIgniter.php(520): CodeIgniter\CodeIgniter->runController(Object(App\Controllers\Admin\Majelis))
 9 SYSTEMPATH\CodeIgniter.php(363): CodeIgniter\CodeIgniter->handleRequest(null, Object(Config\Cache), false)
10 SYSTEMPATH\Boot.php(417): CodeIgniter\CodeIgniter->run()
11 SYSTEMPATH\Boot.php(68): CodeIgniter\Boot::runCodeIgniter(Object(CodeIgniter\CodeIgniter))
12 FCPATH\index.php(59): CodeIgniter\Boot::bootWeb(Object(Config\Paths))
CRITICAL - 2026-08-07 09:56:16 --> [Caused by] CodeIgniter\Database\Exceptions\DatabaseException: Unknown column 'ketua' in 'field list'
in SYSTEMPATH\Database\MySQLi\Connection.php on line 310.
 1 SYSTEMPATH\Database\BaseConnection.php(908): CodeIgniter\Database\MySQLi\Connection->execute('INSERT INTO `majelis_lembaga` (`nama_majelis`, `ketua`, `sekretaris`, `deskripsi`, `foto`) VALUES (\'Mejelis Pustaka Dan Informasi\', \'Agung Hidayat\', \'Agus Hermawan\', \'addaadad\', NULL)')
 2 SYSTEMPATH\Database\BaseConnection.php(825): CodeIgniter\Database\BaseConnection->simpleQuery('INSERT INTO `majelis_lembaga` (`nama_majelis`, `ketua`, `sekretaris`, `deskripsi`, `foto`) VALUES (\'Mejelis Pustaka Dan Informasi\', \'Agung Hidayat\', \'Agus Hermawan\', \'addaadad\', NULL)')
 3 SYSTEMPATH\Database\BaseBuilder.php(2351): CodeIgniter\Database\BaseConnection->query('INSERT INTO `majelis_lembaga` (`nama_majelis`, `ketua`, `sekretaris`, `deskripsi`, `foto`) VALUES (:nama_majelis:, :ketua:, :sekretaris:, :deskripsi:, :foto:)', [...], false)
 4 SYSTEMPATH\Model.php(357): CodeIgniter\Database\BaseBuilder->insert()
 5 SYSTEMPATH\BaseModel.php(899): CodeIgniter\Model->doInsert([...])
 6 SYSTEMPATH\Model.php(670): CodeIgniter\BaseModel->insert([...], false)
 7 SYSTEMPATH\BaseModel.php(752): CodeIgniter\Model->insert([...], false)
 8 APPPATH\Controllers\Admin\Majelis.php(56): CodeIgniter\BaseModel->save([...])
 9 SYSTEMPATH\CodeIgniter.php(974): App\Controllers\Admin\Majelis->simpan()
10 SYSTEMPATH\CodeIgniter.php(520): CodeIgniter\CodeIgniter->runController(Object(App\Controllers\Admin\Majelis))
11 SYSTEMPATH\CodeIgniter.php(363): CodeIgniter\CodeIgniter->handleRequest(null, Object(Config\Cache), false)
12 SYSTEMPATH\Boot.php(417): CodeIgniter\CodeIgniter->run()
13 SYSTEMPATH\Boot.php(68): CodeIgniter\Boot::runCodeIgniter(Object(CodeIgniter\CodeIgniter))
14 FCPATH\index.php(59): CodeIgniter\Boot::bootWeb(Object(Config\Paths))
CRITICAL - 2026-08-07 09:56:16 --> [Caused by] mysqli_sql_exception: Unknown column 'ketua' in 'field list'
in SYSTEMPATH\Database\MySQLi\Connection.php on line 300.
 1 SYSTEMPATH\Database\MySQLi\Connection.php(300): mysqli->query('INSERT INTO `majelis_lembaga` (`nama_majelis`, `ketua`, `sekretaris`, `deskripsi`, `foto`) VALUES (\'Mejelis Pustaka Dan Informasi\', \'Agung Hidayat\', \'Agus Hermawan\', \'addaadad\', NULL)', 0)
 2 SYSTEMPATH\Database\BaseConnection.php(908): CodeIgniter\Database\MySQLi\Connection->execute('INSERT INTO `majelis_lembaga` (`nama_majelis`, `ketua`, `sekretaris`, `deskripsi`, `foto`) VALUES (\'Mejelis Pustaka Dan Informasi\', \'Agung Hidayat\', \'Agus Hermawan\', \'addaadad\', NULL)')
 3 SYSTEMPATH\Database\BaseConnection.php(825): CodeIgniter\Database\BaseConnection->simpleQuery('INSERT INTO `majelis_lembaga` (`nama_majelis`, `ketua`, `sekretaris`, `deskripsi`, `foto`) VALUES (\'Mejelis Pustaka Dan Informasi\', \'Agung Hidayat\', \'Agus Hermawan\', \'addaadad\', NULL)')
 4 SYSTEMPATH\Database\BaseBuilder.php(2351): CodeIgniter\Database\BaseConnection->query('INSERT INTO `majelis_lembaga` (`nama_majelis`, `ketua`, `sekretaris`, `deskripsi`, `foto`) VALUES (:nama_majelis:, :ketua:, :sekretaris:, :deskripsi:, :foto:)', [...], false)
 5 SYSTEMPATH\Model.php(357): CodeIgniter\Database\BaseBuilder->insert()
 6 SYSTEMPATH\BaseModel.php(899): CodeIgniter\Model->doInsert([...])
 7 SYSTEMPATH\Model.php(670): CodeIgniter\BaseModel->insert([...], false)
 8 SYSTEMPATH\BaseModel.php(752): CodeIgniter\Model->insert([...], false)
 9 APPPATH\Controllers\Admin\Majelis.php(56): CodeIgniter\BaseModel->save([...])
10 SYSTEMPATH\CodeIgniter.php(974): App\Controllers\Admin\Majelis->simpan()
11 SYSTEMPATH\CodeIgniter.php(520): CodeIgniter\CodeIgniter->runController(Object(App\Controllers\Admin\Majelis))
12 SYSTEMPATH\CodeIgniter.php(363): CodeIgniter\CodeIgniter->handleRequest(null, Object(Config\Cache), false)
13 SYSTEMPATH\Boot.php(417): CodeIgniter\CodeIgniter->run()
14 SYSTEMPATH\Boot.php(68): CodeIgniter\Boot::runCodeIgniter(Object(CodeIgniter\CodeIgniter))
15 FCPATH\index.php(59): CodeIgniter\Boot::bootWeb(Object(Config\Paths))
DEBUG - 2026-08-07 09:56:18 --> Session: Class initialized using 'CodeIgniter\Session\Handlers\FileHandler' driver.
DEBUG - 2026-08-07 10:04:34 --> Session: Class initialized using 'CodeIgniter\Session\Handlers\FileHandler' driver.
DEBUG - 2026-08-07 10:08:27 --> Session: Class initialized using 'CodeIgniter\Session\Handlers\FileHandler' driver.
DEBUG - 2026-08-07 10:11:39 --> Session: Class initialized using 'CodeIgniter\Session\Handlers\FileHandler' driver.
DEBUG - 2026-08-07 10:11:53 --> Session: Class initialized using 'CodeIgniter\Session\Handlers\FileHandler' driver.
DEBUG - 2026-08-07 10:14:22 --> Session: Class initialized using 'CodeIgniter\Session\Handlers\FileHandler' driver.
DEBUG - 2026-08-07 10:22:01 --> Session: Class initialized using 'CodeIgniter\Session\Handlers\FileHandler' driver.
DEBUG - 2026-08-07 10:25:25 --> Session: Class initialized using 'CodeIgniter\Session\Handlers\FileHandler' driver.
DEBUG - 2026-08-07 10:25:28 --> Session: Class initialized using 'CodeIgniter\Session\Handlers\FileHandler' driver.
CRITICAL - 2026-08-07 10:25:46 --> ErrorException: Undefined array key "foto"
[Method: POST, Route: admin/majelis/update/1]
in APPPATH\Controllers\Admin\Majelis.php on line 74.
 1 APPPATH\Controllers\Admin\Majelis.php(74): CodeIgniter\Debug\Exceptions->errorHandler(2, 'Undefined array key "foto"', 'C:\\wamp64\\www\\pw-muhammadiyah\\app\\Controllers\\Admin\\Majelis.php', 74)
 2 SYSTEMPATH\CodeIgniter.php(974): App\Controllers\Admin\Majelis->update('1')
 3 SYSTEMPATH\CodeIgniter.php(520): CodeIgniter\CodeIgniter->runController(Object(App\Controllers\Admin\Majelis))
 4 SYSTEMPATH\CodeIgniter.php(363): CodeIgniter\CodeIgniter->handleRequest(null, Object(Config\Cache), false)
 5 SYSTEMPATH\Boot.php(417): CodeIgniter\CodeIgniter->run()
 6 SYSTEMPATH\Boot.php(68): CodeIgniter\Boot::runCodeIgniter(Object(CodeIgniter\CodeIgniter))
 7 FCPATH\index.php(59): CodeIgniter\Boot::bootWeb(Object(Config\Paths))
DEBUG - 2026-08-07 10:28:46 --> Session: Class initialized using 'CodeIgniter\Session\Handlers\FileHandler' driver.
DEBUG - 2026-08-07 10:28:46 --> Session: Class initialized using 'CodeIgniter\Session\Handlers\FileHandler' driver.
DEBUG - 2026-08-07 10:29:00 --> Session: Class initialized using 'CodeIgniter\Session\Handlers\FileHandler' driver.
DEBUG - 2026-08-07 10:29:00 --> Session: Class initialized using 'CodeIgniter\Session\Handlers\FileHandler' driver.
DEBUG - 2026-08-07 10:29:12 --> Session: Class initialized using 'CodeIgniter\Session\Handlers\FileHandler' driver.
DEBUG - 2026-08-07 10:29:13 --> Session: Class initialized using 'CodeIgniter\Session\Handlers\FileHandler' driver.
DEBUG - 2026-08-07 10:35:11 --> Session: Class initialized using 'CodeIgniter\Session\Handlers\FileHandler' driver.
DEBUG - 2026-08-07 10:36:42 --> Session: Class initialized using 'CodeIgniter\Session\Handlers\FileHandler' driver.
DEBUG - 2026-08-07 10:37:59 --> Session: Class initialized using 'CodeIgniter\Session\Handlers\FileHandler' driver.
DEBUG - 2026-08-07 10:39:36 --> Session: Class initialized using 'CodeIgniter\Session\Handlers\FileHandler' driver.
DEBUG - 2026-08-07 10:40:09 --> Session: Class initialized using 'CodeIgniter\Session\Handlers\FileHandler' driver.
DEBUG - 2026-08-07 10:49:11 --> Session: Class initialized using 'CodeIgniter\Session\Handlers\FileHandler' driver.
DEBUG - 2026-08-07 10:51:38 --> Session: Class initialized using 'CodeIgniter\Session\Handlers\FileHandler' driver.
DEBUG - 2026-08-07 10:51:47 --> Session: Class initialized using 'CodeIgniter\Session\Handlers\FileHandler' driver.
DEBUG - 2026-08-07 10:53:37 --> Session: Class initialized using 'CodeIgniter\Session\Handlers\FileHandler' driver.
DEBUG - 2026-08-07 10:53:46 --> Session: Class initialized using 'CodeIgniter\Session\Handlers\FileHandler' driver.
DEBUG - 2026-08-07 10:54:15 --> Session: Class initialized using 'CodeIgniter\Session\Handlers\FileHandler' driver.
DEBUG - 2026-08-07 10:54:15 --> Session: Class initialized using 'CodeIgniter\Session\Handlers\FileHandler' driver.
DEBUG - 2026-08-07 10:54:31 --> Session: Class initialized using 'CodeIgniter\Session\Handlers\FileHandler' driver.
DEBUG - 2026-08-07 10:54:46 --> Session: Class initialized using 'CodeIgniter\Session\Handlers\FileHandler' driver.
CRITICAL - 2026-08-07 10:56:27 --> CodeIgniter\View\Exceptions\ViewException: Invalid file: "admin/majelis/anggota.php"
[Method: GET, Route: admin/majelis/3/anggota]
in SYSTEMPATH\Exceptions\FrameworkException.php on line 39.
 1 SYSTEMPATH\View\View.php(228): CodeIgniter\Exceptions\FrameworkException::forInvalidFile('admin/majelis/anggota.php')
 2 SYSTEMPATH\Common.php(1268): CodeIgniter\View\View->render('admin/majelis/anggota', [], true)
 3 APPPATH\Controllers\Admin\Majelis.php(77): view('admin/majelis/anggota', [...])
 4 SYSTEMPATH\CodeIgniter.php(974): App\Controllers\Admin\Majelis->anggota('3')
 5 SYSTEMPATH\CodeIgniter.php(520): CodeIgniter\CodeIgniter->runController(Object(App\Controllers\Admin\Majelis))
 6 SYSTEMPATH\CodeIgniter.php(363): CodeIgniter\CodeIgniter->handleRequest(null, Object(Config\Cache), false)
 7 SYSTEMPATH\Boot.php(417): CodeIgniter\CodeIgniter->run()
 8 SYSTEMPATH\Boot.php(68): CodeIgniter\Boot::runCodeIgniter(Object(CodeIgniter\CodeIgniter))
 9 FCPATH\index.php(59): CodeIgniter\Boot::bootWeb(Object(Config\Paths))
CRITICAL - 2026-08-07 10:57:37 --> CodeIgniter\View\Exceptions\ViewException: Invalid file: "layouts/admin.php"
[Method: GET, Route: admin/majelis/3/anggota]
in SYSTEMPATH\Exceptions\FrameworkException.php on line 39.
 1 SYSTEMPATH\View\View.php(228): CodeIgniter\Exceptions\FrameworkException::forInvalidFile('layouts/admin.php')
 2 SYSTEMPATH\View\View.php(256): CodeIgniter\View\View->render('layouts/admin', [], true)
 3 SYSTEMPATH\Common.php(1268): CodeIgniter\View\View->render('admin/majelis/anggota', [], true)
 4 APPPATH\Controllers\Admin\Majelis.php(77): view('admin/majelis/anggota', [...])
 5 SYSTEMPATH\CodeIgniter.php(974): App\Controllers\Admin\Majelis->anggota('3')
 6 SYSTEMPATH\CodeIgniter.php(520): CodeIgniter\CodeIgniter->runController(Object(App\Controllers\Admin\Majelis))
 7 SYSTEMPATH\CodeIgniter.php(363): CodeIgniter\CodeIgniter->handleRequest(null, Object(Config\Cache), false)
 8 SYSTEMPATH\Boot.php(417): CodeIgniter\CodeIgniter->run()
 9 SYSTEMPATH\Boot.php(68): CodeIgniter\Boot::runCodeIgniter(Object(CodeIgniter\CodeIgniter))
10 FCPATH\index.php(59): CodeIgniter\Boot::bootWeb(Object(Config\Paths))
DEBUG - 2026-08-07 10:58:47 --> Session: Class initialized using 'CodeIgniter\Session\Handlers\FileHandler' driver.
DEBUG - 2026-08-07 11:01:31 --> Session: Class initialized using 'CodeIgniter\Session\Handlers\FileHandler' driver.
CRITICAL - 2026-08-07 11:05:13 --> CodeIgniter\View\Exceptions\ViewException: Invalid file: "layout/template.php"
[Method: GET, Route: admin/majelis/detail/1]
in SYSTEMPATH\Exceptions\FrameworkException.php on line 39.
 1 SYSTEMPATH\View\View.php(228): CodeIgniter\Exceptions\FrameworkException::forInvalidFile('layout/template.php')
 2 SYSTEMPATH\View\View.php(256): CodeIgniter\View\View->render('layout/template', [], true)
 3 SYSTEMPATH\Common.php(1268): CodeIgniter\View\View->render('admin/majelis/detail', [], true)
 4 APPPATH\Controllers\Admin\Majelis.php(54): view('admin/majelis/detail', [...])
 5 SYSTEMPATH\CodeIgniter.php(974): App\Controllers\Admin\Majelis->detail('1')
 6 SYSTEMPATH\CodeIgniter.php(520): CodeIgniter\CodeIgniter->runController(Object(App\Controllers\Admin\Majelis))
 7 SYSTEMPATH\CodeIgniter.php(363): CodeIgniter\CodeIgniter->handleRequest(null, Object(Config\Cache), false)
 8 SYSTEMPATH\Boot.php(417): CodeIgniter\CodeIgniter->run()
 9 SYSTEMPATH\Boot.php(68): CodeIgniter\Boot::runCodeIgniter(Object(CodeIgniter\CodeIgniter))
10 FCPATH\index.php(59): CodeIgniter\Boot::bootWeb(Object(Config\Paths))
DEBUG - 2026-08-07 11:27:36 --> Session: Class initialized using 'CodeIgniter\Session\Handlers\FileHandler' driver.
DEBUG - 2026-08-07 11:27:36 --> Session: Class initialized using 'CodeIgniter\Session\Handlers\FileHandler' driver.
DEBUG - 2026-08-07 11:27:50 --> Session: Class initialized using 'CodeIgniter\Session\Handlers\FileHandler' driver.
DEBUG - 2026-08-07 11:27:50 --> Session: Class initialized using 'CodeIgniter\Session\Handlers\FileHandler' driver.
DEBUG - 2026-08-07 11:29:13 --> Session: Class initialized using 'CodeIgniter\Session\Handlers\FileHandler' driver.
DEBUG - 2026-08-07 11:29:59 --> Session: Class initialized using 'CodeIgniter\Session\Handlers\FileHandler' driver.
DEBUG - 2026-08-07 11:30:14 --> Session: Class initialized using 'CodeIgniter\Session\Handlers\FileHandler' driver.
DEBUG - 2026-08-07 11:30:14 --> Session: Class initialized using 'CodeIgniter\Session\Handlers\FileHandler' driver.
DEBUG - 2026-08-07 11:32:16 --> Session: Class initialized using 'CodeIgniter\Session\Handlers\FileHandler' driver.
DEBUG - 2026-08-07 11:32:52 --> Session: Class initialized using 'CodeIgniter\Session\Handlers\FileHandler' driver.
DEBUG - 2026-08-07 11:33:16 --> Session: Class initialized using 'CodeIgniter\Session\Handlers\FileHandler' driver.
DEBUG - 2026-08-07 11:33:16 --> Session: Class initialized using 'CodeIgniter\Session\Handlers\FileHandler' driver.
DEBUG - 2026-08-07 11:34:33 --> Session: Class initialized using 'CodeIgniter\Session\Handlers\FileHandler' driver.
DEBUG - 2026-08-07 11:34:42 --> Session: Class initialized using 'CodeIgniter\Session\Handlers\FileHandler' driver.
DEBUG - 2026-08-07 11:34:47 --> Session: Class initialized using 'CodeIgniter\Session\Handlers\FileHandler' driver.
DEBUG - 2026-08-07 11:36:19 --> Session: Class initialized using 'CodeIgniter\Session\Handlers\FileHandler' driver.
DEBUG - 2026-08-07 11:36:26 --> Session: Class initialized using 'CodeIgniter\Session\Handlers\FileHandler' driver.
DEBUG - 2026-08-07 11:36:47 --> Session: Class initialized using 'CodeIgniter\Session\Handlers\FileHandler' driver.
DEBUG - 2026-08-07 11:36:53 --> Session: Class initialized using 'CodeIgniter\Session\Handlers\FileHandler' driver.
DEBUG - 2026-08-07 11:36:53 --> Session: Class initialized using 'CodeIgniter\Session\Handlers\FileHandler' driver.
DEBUG - 2026-08-07 11:37:17 --> Session: Class initialized using 'CodeIgniter\Session\Handlers\FileHandler' driver.
DEBUG - 2026-08-07 11:38:08 --> Session: Class initialized using 'CodeIgniter\Session\Handlers\FileHandler' driver.
DEBUG - 2026-08-07 11:38:08 --> Session: Class initialized using 'CodeIgniter\Session\Handlers\FileHandler' driver.
DEBUG - 2026-08-07 11:38:22 --> Session: Class initialized using 'CodeIgniter\Session\Handlers\FileHandler' driver.
DEBUG - 2026-08-07 11:38:27 --> Session: Class initialized using 'CodeIgniter\Session\Handlers\FileHandler' driver.
DEBUG - 2026-08-07 11:39:32 --> Session: Class initialized using 'CodeIgniter\Session\Handlers\FileHandler' driver.
DEBUG - 2026-08-07 11:39:33 --> Session: Class initialized using 'CodeIgniter\Session\Handlers\FileHandler' driver.
DEBUG - 2026-08-07 11:39:46 --> Session: Class initialized using 'CodeIgniter\Session\Handlers\FileHandler' driver.
DEBUG - 2026-08-07 11:39:56 --> Session: Class initialized using 'CodeIgniter\Session\Handlers\FileHandler' driver.
DEBUG - 2026-08-07 11:39:56 --> Session: Class initialized using 'CodeIgniter\Session\Handlers\FileHandler' driver.
DEBUG - 2026-08-07 11:39:59 --> Session: Class initialized using 'CodeIgniter\Session\Handlers\FileHandler' driver.
DEBUG - 2026-08-07 11:40:03 --> Session: Class initialized using 'CodeIgniter\Session\Handlers\FileHandler' driver.
DEBUG - 2026-08-07 11:40:19 --> Session: Class initialized using 'CodeIgniter\Session\Handlers\FileHandler' driver.
DEBUG - 2026-08-07 11:40:29 --> Session: Class initialized using 'CodeIgniter\Session\Handlers\FileHandler' driver.
DEBUG - 2026-08-07 11:40:46 --> Session: Class initialized using 'CodeIgniter\Session\Handlers\FileHandler' driver.
DEBUG - 2026-08-07 11:40:47 --> Session: Class initialized using 'CodeIgniter\Session\Handlers\FileHandler' driver.
DEBUG - 2026-08-07 11:40:57 --> Session: Class initialized using 'CodeIgniter\Session\Handlers\FileHandler' driver.
DEBUG - 2026-08-07 11:41:05 --> Session: Class initialized using 'CodeIgniter\Session\Handlers\FileHandler' driver.
DEBUG - 2026-08-07 11:41:40 --> Session: Class initialized using 'CodeIgniter\Session\Handlers\FileHandler' driver.
DEBUG - 2026-08-07 11:41:52 --> Session: Class initialized using 'CodeIgniter\Session\Handlers\FileHandler' driver.
DEBUG - 2026-08-07 11:42:12 --> Session: Class initialized using 'CodeIgniter\Session\Handlers\FileHandler' driver.
DEBUG - 2026-08-07 11:42:44 --> Session: Class initialized using 'CodeIgniter\Session\Handlers\FileHandler' driver.
DEBUG - 2026-08-07 11:42:55 --> Session: Class initialized using 'CodeIgniter\Session\Handlers\FileHandler' driver.
DEBUG - 2026-08-07 11:43:04 --> Session: Class initialized using 'CodeIgniter\Session\Handlers\FileHandler' driver.
DEBUG - 2026-08-07 11:44:36 --> Session: Class initialized using 'CodeIgniter\Session\Handlers\FileHandler' driver.
DEBUG - 2026-08-07 11:44:36 --> Session: Class initialized using 'CodeIgniter\Session\Handlers\FileHandler' driver.
DEBUG - 2026-08-07 11:44:44 --> Session: Class initialized using 'CodeIgniter\Session\Handlers\FileHandler' driver.
DEBUG - 2026-08-07 11:44:56 --> Session: Class initialized using 'CodeIgniter\Session\Handlers\FileHandler' driver.
DEBUG - 2026-08-07 11:45:37 --> Session: Class initialized using 'CodeIgniter\Session\Handlers\FileHandler' driver.
DEBUG - 2026-08-07 11:45:53 --> Session: Class initialized using 'CodeIgniter\Session\Handlers\FileHandler' driver.
DEBUG - 2026-08-07 11:45:53 --> Session: Class initialized using 'CodeIgniter\Session\Handlers\FileHandler' driver.
DEBUG - 2026-08-07 11:46:09 --> Session: Class initialized using 'CodeIgniter\Session\Handlers\FileHandler' driver.
DEBUG - 2026-08-07 11:46:09 --> Session: Class initialized using 'CodeIgniter\Session\Handlers\FileHandler' driver.
DEBUG - 2026-08-07 11:46:18 --> Session: Class initialized using 'CodeIgniter\Session\Handlers\FileHandler' driver.
DEBUG - 2026-08-07 11:46:26 --> Session: Class initialized using 'CodeIgniter\Session\Handlers\FileHandler' driver.
DEBUG - 2026-08-07 11:46:34 --> Session: Class initialized using 'CodeIgniter\Session\Handlers\FileHandler' driver.
DEBUG - 2026-08-07 11:46:34 --> Session: Class initialized using 'CodeIgniter\Session\Handlers\FileHandler' driver.
DEBUG - 2026-08-07 11:46:50 --> Session: Class initialized using 'CodeIgniter\Session\Handlers\FileHandler' driver.
DEBUG - 2026-08-07 11:46:51 --> Session: Class initialized using 'CodeIgniter\Session\Handlers\FileHandler' driver.
DEBUG - 2026-08-07 11:46:58 --> Session: Class initialized using 'CodeIgniter\Session\Handlers\FileHandler' driver.
DEBUG - 2026-08-07 11:47:09 --> Session: Class initialized using 'CodeIgniter\Session\Handlers\FileHandler' driver.
DEBUG - 2026-08-07 11:47:25 --> Session: Class initialized using 'CodeIgniter\Session\Handlers\FileHandler' driver.
DEBUG - 2026-08-07 11:47:33 --> Session: Class initialized using 'CodeIgniter\Session\Handlers\FileHandler' driver.
DEBUG - 2026-08-07 11:47:40 --> Session: Class initialized using 'CodeIgniter\Session\Handlers\FileHandler' driver.
DEBUG - 2026-08-07 11:47:47 --> Session: Class initialized using 'CodeIgniter\Session\Handlers\FileHandler' driver.
DEBUG - 2026-08-07 11:47:48 --> Session: Class initialized using 'CodeIgniter\Session\Handlers\FileHandler' driver.
DEBUG - 2026-08-07 11:51:30 --> Session: Class initialized using 'CodeIgniter\Session\Handlers\FileHandler' driver.
DEBUG - 2026-08-07 11:52:40 --> Session: Class initialized using 'CodeIgniter\Session\Handlers\FileHandler' driver.
DEBUG - 2026-08-07 11:54:00 --> Session: Class initialized using 'CodeIgniter\Session\Handlers\FileHandler' driver.
CRITICAL - 2026-08-07 11:54:05 --> CodeIgniter\View\Exceptions\ViewException: Invalid file: "pages/majelis.php"
[Method: GET, Route: majelis]
in SYSTEMPATH\Exceptions\FrameworkException.php on line 39.
 1 SYSTEMPATH\View\View.php(228): CodeIgniter\Exceptions\FrameworkException::forInvalidFile('pages/majelis.php')
 2 SYSTEMPATH\Common.php(1268): CodeIgniter\View\View->render('pages/majelis', [], true)
 3 APPPATH\Controllers\Home.php(253): view('pages/majelis', [...])
 4 SYSTEMPATH\CodeIgniter.php(974): App\Controllers\Home->majelis()
 5 SYSTEMPATH\CodeIgniter.php(520): CodeIgniter\CodeIgniter->runController(Object(App\Controllers\Home))
 6 SYSTEMPATH\CodeIgniter.php(363): CodeIgniter\CodeIgniter->handleRequest(null, Object(Config\Cache), false)
 7 SYSTEMPATH\Boot.php(417): CodeIgniter\CodeIgniter->run()
 8 SYSTEMPATH\Boot.php(68): CodeIgniter\Boot::runCodeIgniter(Object(CodeIgniter\CodeIgniter))
 9 FCPATH\index.php(59): CodeIgniter\Boot::bootWeb(Object(Config\Paths))
CRITICAL - 2026-08-07 11:54:48 --> CodeIgniter\View\Exceptions\ViewException: Invalid file: "pages/majelis.php"
[Method: GET, Route: majelis]
in SYSTEMPATH\Exceptions\FrameworkException.php on line 39.
 1 SYSTEMPATH\View\View.php(228): CodeIgniter\Exceptions\FrameworkException::forInvalidFile('pages/majelis.php')
 2 SYSTEMPATH\Common.php(1268): CodeIgniter\View\View->render('pages/majelis', [], true)
 3 APPPATH\Controllers\Home.php(253): view('pages/majelis', [...])
 4 SYSTEMPATH\CodeIgniter.php(974): App\Controllers\Home->majelis()
 5 SYSTEMPATH\CodeIgniter.php(520): CodeIgniter\CodeIgniter->runController(Object(App\Controllers\Home))
 6 SYSTEMPATH\CodeIgniter.php(363): CodeIgniter\CodeIgniter->handleRequest(null, Object(Config\Cache), false)
 7 SYSTEMPATH\Boot.php(417): CodeIgniter\CodeIgniter->run()
 8 SYSTEMPATH\Boot.php(68): CodeIgniter\Boot::runCodeIgniter(Object(CodeIgniter\CodeIgniter))
 9 FCPATH\index.php(59): CodeIgniter\Boot::bootWeb(Object(Config\Paths))
CRITICAL - 2026-08-07 11:54:50 --> CodeIgniter\View\Exceptions\ViewException: Invalid file: "pages/majelis.php"
[Method: GET, Route: majelis]
in SYSTEMPATH\Exceptions\FrameworkException.php on line 39.
 1 SYSTEMPATH\View\View.php(228): CodeIgniter\Exceptions\FrameworkException::forInvalidFile('pages/majelis.php')
 2 SYSTEMPATH\Common.php(1268): CodeIgniter\View\View->render('pages/majelis', [], true)
 3 APPPATH\Controllers\Home.php(253): view('pages/majelis', [...])
 4 SYSTEMPATH\CodeIgniter.php(974): App\Controllers\Home->majelis()
 5 SYSTEMPATH\CodeIgniter.php(520): CodeIgniter\CodeIgniter->runController(Object(App\Controllers\Home))
 6 SYSTEMPATH\CodeIgniter.php(363): CodeIgniter\CodeIgniter->handleRequest(null, Object(Config\Cache), false)
 7 SYSTEMPATH\Boot.php(417): CodeIgniter\CodeIgniter->run()
 8 SYSTEMPATH\Boot.php(68): CodeIgniter\Boot::runCodeIgniter(Object(CodeIgniter\CodeIgniter))
 9 FCPATH\index.php(59): CodeIgniter\Boot::bootWeb(Object(Config\Paths))
DEBUG - 2026-08-07 11:56:03 --> Session: Class initialized using 'CodeIgniter\Session\Handlers\FileHandler' driver.
CRITICAL - 2026-08-07 11:56:05 --> Error: Call to undefined function character_limiter()
[Method: GET, Route: majelis]
in APPPATH\Views\pages\majelis.php on line 29.
 1 SYSTEMPATH\View\View.php(240): include()
 2 SYSTEMPATH\View\View.php(243): CodeIgniter\View\View->CodeIgniter\View\{closure}()
 3 SYSTEMPATH\Common.php(1268): CodeIgniter\View\View->render('pages/majelis', [], true)
 4 APPPATH\Controllers\Home.php(253): view('pages/majelis', [...])
 5 SYSTEMPATH\CodeIgniter.php(974): App\Controllers\Home->majelis()
 6 SYSTEMPATH\CodeIgniter.php(520): CodeIgniter\CodeIgniter->runController(Object(App\Controllers\Home))
 7 SYSTEMPATH\CodeIgniter.php(363): CodeIgniter\CodeIgniter->handleRequest(null, Object(Config\Cache), false)
 8 SYSTEMPATH\Boot.php(417): CodeIgniter\CodeIgniter->run()
 9 SYSTEMPATH\Boot.php(68): CodeIgniter\Boot::runCodeIgniter(Object(CodeIgniter\CodeIgniter))
10 FCPATH\index.php(59): CodeIgniter\Boot::bootWeb(Object(Config\Paths))
DEBUG - 2026-08-07 11:56:40 --> Session: Class initialized using 'CodeIgniter\Session\Handlers\FileHandler' driver.
DEBUG - 2026-08-07 11:58:23 --> Session: Class initialized using 'CodeIgniter\Session\Handlers\FileHandler' driver.
CRITICAL - 2026-08-07 11:58:29 --> Error: Call to undefined function character_limiter()
[Method: GET, Route: majelis]
in APPPATH\Views\pages\majelis.php on line 29.
 1 SYSTEMPATH\View\View.php(240): include()
 2 SYSTEMPATH\View\View.php(243): CodeIgniter\View\View->CodeIgniter\View\{closure}()
 3 SYSTEMPATH\Common.php(1268): CodeIgniter\View\View->render('pages/majelis', [], true)
 4 APPPATH\Controllers\Home.php(245): view('pages/majelis', [...])
 5 SYSTEMPATH\CodeIgniter.php(974): App\Controllers\Home->majelis()
 6 SYSTEMPATH\CodeIgniter.php(520): CodeIgniter\CodeIgniter->runController(Object(App\Controllers\Home))
 7 SYSTEMPATH\CodeIgniter.php(363): CodeIgniter\CodeIgniter->handleRequest(null, Object(Config\Cache), false)
 8 SYSTEMPATH\Boot.php(417): CodeIgniter\CodeIgniter->run()
 9 SYSTEMPATH\Boot.php(68): CodeIgniter\Boot::runCodeIgniter(Object(CodeIgniter\CodeIgniter))
10 FCPATH\index.php(59): CodeIgniter\Boot::bootWeb(Object(Config\Paths))
CRITICAL - 2026-08-07 11:58:32 --> Error: Call to undefined function character_limiter()
[Method: GET, Route: majelis]
in APPPATH\Views\pages\majelis.php on line 29.
 1 SYSTEMPATH\View\View.php(240): include()
 2 SYSTEMPATH\View\View.php(243): CodeIgniter\View\View->CodeIgniter\View\{closure}()
 3 SYSTEMPATH\Common.php(1268): CodeIgniter\View\View->render('pages/majelis', [], true)
 4 APPPATH\Controllers\Home.php(245): view('pages/majelis', [...])
 5 SYSTEMPATH\CodeIgniter.php(974): App\Controllers\Home->majelis()
 6 SYSTEMPATH\CodeIgniter.php(520): CodeIgniter\CodeIgniter->runController(Object(App\Controllers\Home))
 7 SYSTEMPATH\CodeIgniter.php(363): CodeIgniter\CodeIgniter->handleRequest(null, Object(Config\Cache), false)
 8 SYSTEMPATH\Boot.php(417): CodeIgniter\CodeIgniter->run()
 9 SYSTEMPATH\Boot.php(68): CodeIgniter\Boot::runCodeIgniter(Object(CodeIgniter\CodeIgniter))
10 FCPATH\index.php(59): CodeIgniter\Boot::bootWeb(Object(Config\Paths))
CRITICAL - 2026-08-07 11:58:44 --> Error: Call to undefined function character_limiter()
[Method: GET, Route: majelis]
in APPPATH\Views\pages\majelis.php on line 29.
 1 SYSTEMPATH\View\View.php(240): include()
 2 SYSTEMPATH\View\View.php(243): CodeIgniter\View\View->CodeIgniter\View\{closure}()
 3 SYSTEMPATH\Common.php(1268): CodeIgniter\View\View->render('pages/majelis', [], true)
 4 APPPATH\Controllers\Home.php(245): view('pages/majelis', [...])
 5 SYSTEMPATH\CodeIgniter.php(974): App\Controllers\Home->majelis()
 6 SYSTEMPATH\CodeIgniter.php(520): CodeIgniter\CodeIgniter->runController(Object(App\Controllers\Home))
 7 SYSTEMPATH\CodeIgniter.php(363): CodeIgniter\CodeIgniter->handleRequest(null, Object(Config\Cache), false)
 8 SYSTEMPATH\Boot.php(417): CodeIgniter\CodeIgniter->run()
 9 SYSTEMPATH\Boot.php(68): CodeIgniter\Boot::runCodeIgniter(Object(CodeIgniter\CodeIgniter))
10 FCPATH\index.php(59): CodeIgniter\Boot::bootWeb(Object(Config\Paths))
CRITICAL - 2026-08-07 12:00:18 --> Error: Call to undefined function character_limiter()
[Method: GET, Route: majelis]
in APPPATH\Views\pages\majelis.php on line 29.
 1 SYSTEMPATH\View\View.php(240): include()
 2 SYSTEMPATH\View\View.php(243): CodeIgniter\View\View->CodeIgniter\View\{closure}()
 3 SYSTEMPATH\Common.php(1268): CodeIgniter\View\View->render('pages/majelis', [], true)
 4 APPPATH\Controllers\Home.php(245): view('pages/majelis', [...])
 5 SYSTEMPATH\CodeIgniter.php(974): App\Controllers\Home->majelis()
 6 SYSTEMPATH\CodeIgniter.php(520): CodeIgniter\CodeIgniter->runController(Object(App\Controllers\Home))
 7 SYSTEMPATH\CodeIgniter.php(363): CodeIgniter\CodeIgniter->handleRequest(null, Object(Config\Cache), false)
 8 SYSTEMPATH\Boot.php(417): CodeIgniter\CodeIgniter->run()
 9 SYSTEMPATH\Boot.php(68): CodeIgniter\Boot::runCodeIgniter(Object(CodeIgniter\CodeIgniter))
10 FCPATH\index.php(59): CodeIgniter\Boot::bootWeb(Object(Config\Paths))
DEBUG - 2026-08-07 12:00:38 --> Session: Class initialized using 'CodeIgniter\Session\Handlers\FileHandler' driver.
CRITICAL - 2026-08-07 12:00:43 --> CodeIgniter\View\Exceptions\ViewException: Invalid file: "layouts/main.php"
[Method: GET, Route: majelis]
in SYSTEMPATH\Exceptions\FrameworkException.php on line 39.
 1 SYSTEMPATH\View\View.php(228): CodeIgniter\Exceptions\FrameworkException::forInvalidFile('layouts/main.php')
 2 SYSTEMPATH\View\View.php(256): CodeIgniter\View\View->render('layouts/main', [], true)
 3 SYSTEMPATH\Common.php(1268): CodeIgniter\View\View->render('pages/majelis', [], true)
 4 APPPATH\Controllers\Home.php(248): view('pages/majelis', [...])
 5 SYSTEMPATH\CodeIgniter.php(974): App\Controllers\Home->majelis()
 6 SYSTEMPATH\CodeIgniter.php(520): CodeIgniter\CodeIgniter->runController(Object(App\Controllers\Home))
 7 SYSTEMPATH\CodeIgniter.php(363): CodeIgniter\CodeIgniter->handleRequest(null, Object(Config\Cache), false)
 8 SYSTEMPATH\Boot.php(417): CodeIgniter\CodeIgniter->run()
 9 SYSTEMPATH\Boot.php(68): CodeIgniter\Boot::runCodeIgniter(Object(CodeIgniter\CodeIgniter))
10 FCPATH\index.php(59): CodeIgniter\Boot::bootWeb(Object(Config\Paths))
DEBUG - 2026-08-07 12:01:20 --> Session: Class initialized using 'CodeIgniter\Session\Handlers\FileHandler' driver.
CRITICAL - 2026-08-07 12:01:31 --> CodeIgniter\View\Exceptions\ViewException: Invalid file: "layouts/main.php"
[Method: GET, Route: majelis/detail/1]
in SYSTEMPATH\Exceptions\FrameworkException.php on line 39.
 1 SYSTEMPATH\View\View.php(228): CodeIgniter\Exceptions\FrameworkException::forInvalidFile('layouts/main.php')
 2 SYSTEMPATH\View\View.php(256): CodeIgniter\View\View->render('layouts/main', [], true)
 3 SYSTEMPATH\Common.php(1268): CodeIgniter\View\View->render('pages/detail_majelis', [], true)
 4 APPPATH\Controllers\Home.php(268): view('pages/detail_majelis', [...])
 5 SYSTEMPATH\CodeIgniter.php(974): App\Controllers\Home->detailMajelis('1')
 6 SYSTEMPATH\CodeIgniter.php(520): CodeIgniter\CodeIgniter->runController(Object(App\Controllers\Home))
 7 SYSTEMPATH\CodeIgniter.php(363): CodeIgniter\CodeIgniter->handleRequest(null, Object(Config\Cache), false)
 8 SYSTEMPATH\Boot.php(417): CodeIgniter\CodeIgniter->run()
 9 SYSTEMPATH\Boot.php(68): CodeIgniter\Boot::runCodeIgniter(Object(CodeIgniter\CodeIgniter))
10 FCPATH\index.php(59): CodeIgniter\Boot::bootWeb(Object(Config\Paths))
DEBUG - 2026-08-07 12:03:13 --> Session: Class initialized using 'CodeIgniter\Session\Handlers\FileHandler' driver.
CRITICAL - 2026-08-07 12:03:24 --> CodeIgniter\View\Exceptions\ViewException: Invalid file: "layouts/main.php"
[Method: GET, Route: majelis/detail/4]
in SYSTEMPATH\Exceptions\FrameworkException.php on line 39.
 1 SYSTEMPATH\View\View.php(228): CodeIgniter\Exceptions\FrameworkException::forInvalidFile('layouts/main.php')
 2 SYSTEMPATH\View\View.php(256): CodeIgniter\View\View->render('layouts/main', [], true)
 3 SYSTEMPATH\Common.php(1268): CodeIgniter\View\View->render('pages/detail_majelis', [], true)
 4 APPPATH\Controllers\Home.php(268): view('pages/detail_majelis', [...])
 5 SYSTEMPATH\CodeIgniter.php(974): App\Controllers\Home->detailMajelis('4')
 6 SYSTEMPATH\CodeIgniter.php(520): CodeIgniter\CodeIgniter->runController(Object(App\Controllers\Home))
 7 SYSTEMPATH\CodeIgniter.php(363): CodeIgniter\CodeIgniter->handleRequest(null, Object(Config\Cache), false)
 8 SYSTEMPATH\Boot.php(417): CodeIgniter\CodeIgniter->run()
 9 SYSTEMPATH\Boot.php(68): CodeIgniter\Boot::runCodeIgniter(Object(CodeIgniter\CodeIgniter))
10 FCPATH\index.php(59): CodeIgniter\Boot::bootWeb(Object(Config\Paths))
CRITICAL - 2026-08-07 12:04:13 --> CodeIgniter\View\Exceptions\ViewException: Invalid file: "layouts/main.php"
[Method: GET, Route: majelis/detail/6]
in SYSTEMPATH\Exceptions\FrameworkException.php on line 39.
 1 SYSTEMPATH\View\View.php(228): CodeIgniter\Exceptions\FrameworkException::forInvalidFile('layouts/main.php')
 2 SYSTEMPATH\View\View.php(256): CodeIgniter\View\View->render('layouts/main', [], true)
 3 SYSTEMPATH\Common.php(1268): CodeIgniter\View\View->render('pages/detail_majelis', [], true)
 4 APPPATH\Controllers\Home.php(268): view('pages/detail_majelis', [...])
 5 SYSTEMPATH\CodeIgniter.php(974): App\Controllers\Home->detailMajelis('6')
 6 SYSTEMPATH\CodeIgniter.php(520): CodeIgniter\CodeIgniter->runController(Object(App\Controllers\Home))
 7 SYSTEMPATH\CodeIgniter.php(363): CodeIgniter\CodeIgniter->handleRequest(null, Object(Config\Cache), false)
 8 SYSTEMPATH\Boot.php(417): CodeIgniter\CodeIgniter->run()
 9 SYSTEMPATH\Boot.php(68): CodeIgniter\Boot::runCodeIgniter(Object(CodeIgniter\CodeIgniter))
10 FCPATH\index.php(59): CodeIgniter\Boot::bootWeb(Object(Config\Paths))
CRITICAL - 2026-08-07 12:13:09 --> CodeIgniter\View\Exceptions\ViewException: Invalid file: "layouts/template.php"
[Method: GET, Route: majelis/detail/4]
in SYSTEMPATH\Exceptions\FrameworkException.php on line 39.
 1 SYSTEMPATH\View\View.php(228): CodeIgniter\Exceptions\FrameworkException::forInvalidFile('layouts/template.php')
 2 SYSTEMPATH\View\View.php(256): CodeIgniter\View\View->render('layouts/template', [], true)
 3 SYSTEMPATH\Common.php(1268): CodeIgniter\View\View->render('pages/detail_majelis', [], true)
 4 APPPATH\Controllers\Home.php(268): view('pages/detail_majelis', [...])
 5 SYSTEMPATH\CodeIgniter.php(974): App\Controllers\Home->detailMajelis('4')
 6 SYSTEMPATH\CodeIgniter.php(520): CodeIgniter\CodeIgniter->runController(Object(App\Controllers\Home))
 7 SYSTEMPATH\CodeIgniter.php(363): CodeIgniter\CodeIgniter->handleRequest(null, Object(Config\Cache), false)
 8 SYSTEMPATH\Boot.php(417): CodeIgniter\CodeIgniter->run()
 9 SYSTEMPATH\Boot.php(68): CodeIgniter\Boot::runCodeIgniter(Object(CodeIgniter\CodeIgniter))
10 FCPATH\index.php(59): CodeIgniter\Boot::bootWeb(Object(Config\Paths))
CRITICAL - 2026-08-07 12:13:43 --> CodeIgniter\View\Exceptions\ViewException: Invalid file: "layouts/template.php"
[Method: GET, Route: majelis/detail/4]
in SYSTEMPATH\Exceptions\FrameworkException.php on line 39.
 1 SYSTEMPATH\View\View.php(228): CodeIgniter\Exceptions\FrameworkException::forInvalidFile('layouts/template.php')
 2 SYSTEMPATH\View\View.php(256): CodeIgniter\View\View->render('layouts/template', [], true)
 3 SYSTEMPATH\Common.php(1268): CodeIgniter\View\View->render('pages/detail_majelis', [], true)
 4 APPPATH\Controllers\Home.php(268): view('pages/detail_majelis', [...])
 5 SYSTEMPATH\CodeIgniter.php(974): App\Controllers\Home->detailMajelis('4')
 6 SYSTEMPATH\CodeIgniter.php(520): CodeIgniter\CodeIgniter->runController(Object(App\Controllers\Home))
 7 SYSTEMPATH\CodeIgniter.php(363): CodeIgniter\CodeIgniter->handleRequest(null, Object(Config\Cache), false)
 8 SYSTEMPATH\Boot.php(417): CodeIgniter\CodeIgniter->run()
 9 SYSTEMPATH\Boot.php(68): CodeIgniter\Boot::runCodeIgniter(Object(CodeIgniter\CodeIgniter))
10 FCPATH\index.php(59): CodeIgniter\Boot::bootWeb(Object(Config\Paths))
DEBUG - 2026-08-07 12:42:14 --> Session: Class initialized using 'CodeIgniter\Session\Handlers\FileHandler' driver.
DEBUG - 2026-08-07 12:44:50 --> Session: Class initialized using 'CodeIgniter\Session\Handlers\FileHandler' driver.
