DEBUG - 2026-07-26 07:46:37 --> Session: Class initialized using 'CodeIgniter\Session\Handlers\FileHandler' driver.
DEBUG - 2026-07-26 07:46:44 --> Session: Class initialized using 'CodeIgniter\Session\Handlers\FileHandler' driver.
DEBUG - 2026-07-26 07:46:44 --> Session: Class initialized using 'CodeIgniter\Session\Handlers\FileHandler' driver.
DEBUG - 2026-07-26 07:47:00 --> Session: Class initialized using 'CodeIgniter\Session\Handlers\FileHandler' driver.
DEBUG - 2026-07-26 07:47:02 --> Session: Class initialized using 'CodeIgniter\Session\Handlers\FileHandler' driver.
DEBUG - 2026-07-26 07:48:52 --> Session: Class initialized using 'CodeIgniter\Session\Handlers\FileHandler' driver.
DEBUG - 2026-07-26 07:49:43 --> Session: Class initialized using 'CodeIgniter\Session\Handlers\FileHandler' driver.
DEBUG - 2026-07-26 07:49:49 --> Session: Class initialized using 'CodeIgniter\Session\Handlers\FileHandler' driver.
DEBUG - 2026-07-26 07:53:19 --> Session: Class initialized using 'CodeIgniter\Session\Handlers\FileHandler' driver.
DEBUG - 2026-07-26 07:53:26 --> Session: Class initialized using 'CodeIgniter\Session\Handlers\FileHandler' driver.
DEBUG - 2026-07-26 07:53:33 --> Session: Class initialized using 'CodeIgniter\Session\Handlers\FileHandler' driver.
DEBUG - 2026-07-26 07:53:43 --> Session: Class initialized using 'CodeIgniter\Session\Handlers\FileHandler' driver.
DEBUG - 2026-07-26 07:54:04 --> Session: Class initialized using 'CodeIgniter\Session\Handlers\FileHandler' driver.
DEBUG - 2026-07-26 07:54:07 --> Session: Class initialized using 'CodeIgniter\Session\Handlers\FileHandler' driver.
DEBUG - 2026-07-26 07:54:21 --> Session: Class initialized using 'CodeIgniter\Session\Handlers\FileHandler' driver.
DEBUG - 2026-07-26 07:54:44 --> Session: Class initialized using 'CodeIgniter\Session\Handlers\FileHandler' driver.
DEBUG - 2026-07-26 07:55:06 --> Session: Class initialized using 'CodeIgniter\Session\Handlers\FileHandler' driver.
DEBUG - 2026-07-26 07:55:11 --> Session: Class initialized using 'CodeIgniter\Session\Handlers\FileHandler' driver.
DEBUG - 2026-07-26 07:55:19 --> Session: Class initialized using 'CodeIgniter\Session\Handlers\FileHandler' driver.
DEBUG - 2026-07-26 07:55:19 --> Session: Class initialized using 'CodeIgniter\Session\Handlers\FileHandler' driver.
DEBUG - 2026-07-26 07:55:34 --> Session: Class initialized using 'CodeIgniter\Session\Handlers\FileHandler' driver.
DEBUG - 2026-07-26 07:57:26 --> Session: Class initialized using 'CodeIgniter\Session\Handlers\FileHandler' driver.
DEBUG - 2026-07-26 07:57:26 --> Session: Class initialized using 'CodeIgniter\Session\Handlers\FileHandler' driver.
DEBUG - 2026-07-26 07:57:52 --> Session: Class initialized using 'CodeIgniter\Session\Handlers\FileHandler' driver.
DEBUG - 2026-07-26 07:58:02 --> Session: Class initialized using 'CodeIgniter\Session\Handlers\FileHandler' driver.
DEBUG - 2026-07-26 07:58:13 --> Session: Class initialized using 'CodeIgniter\Session\Handlers\FileHandler' driver.
DEBUG - 2026-07-26 07:58:13 --> Session: Class initialized using 'CodeIgniter\Session\Handlers\FileHandler' driver.
DEBUG - 2026-07-26 08:01:21 --> Session: Class initialized using 'CodeIgniter\Session\Handlers\FileHandler' driver.
DEBUG - 2026-07-26 08:01:32 --> Session: Class initialized using 'CodeIgniter\Session\Handlers\FileHandler' driver.
DEBUG - 2026-07-26 08:01:32 --> Session: Class initialized using 'CodeIgniter\Session\Handlers\FileHandler' driver.
DEBUG - 2026-07-26 08:01:47 --> Session: Class initialized using 'CodeIgniter\Session\Handlers\FileHandler' driver.
DEBUG - 2026-07-26 08:01:53 --> Session: Class initialized using 'CodeIgniter\Session\Handlers\FileHandler' driver.
DEBUG - 2026-07-26 08:01:55 --> Session: Class initialized using 'CodeIgniter\Session\Handlers\FileHandler' driver.
DEBUG - 2026-07-26 08:06:45 --> Session: Class initialized using 'CodeIgniter\Session\Handlers\FileHandler' driver.
DEBUG - 2026-07-26 08:07:43 --> Session: Class initialized using 'CodeIgniter\Session\Handlers\FileHandler' driver.
DEBUG - 2026-07-26 08:09:03 --> Session: Class initialized using 'CodeIgniter\Session\Handlers\FileHandler' driver.
CRITICAL - 2026-07-26 08:09:27 --> CodeIgniter\View\Exceptions\ViewException: Invalid file: "admin/profil/sejarah.php"
[Method: GET, Route: admin/profil/sejarah]
in SYSTEMPATH\Exceptions\FrameworkException.php on line 39.
 1 SYSTEMPATH\View\View.php(228): CodeIgniter\Exceptions\FrameworkException::forInvalidFile('admin/profil/sejarah.php')
 2 SYSTEMPATH\Common.php(1268): CodeIgniter\View\View->render('admin/profil/sejarah', [], true)
 3 APPPATH\Controllers\Admin\Profil.php(24): view('admin/profil/sejarah', [...])
 4 SYSTEMPATH\CodeIgniter.php(974): App\Controllers\Admin\Profil->sejarah()
 5 SYSTEMPATH\CodeIgniter.php(520): CodeIgniter\CodeIgniter->runController(Object(App\Controllers\Admin\Profil))
 6 SYSTEMPATH\CodeIgniter.php(363): CodeIgniter\CodeIgniter->handleRequest(null, Object(Config\Cache), false)
 7 SYSTEMPATH\Boot.php(417): CodeIgniter\CodeIgniter->run()
 8 SYSTEMPATH\Boot.php(68): CodeIgniter\Boot::runCodeIgniter(Object(CodeIgniter\CodeIgniter))
 9 FCPATH\index.php(59): CodeIgniter\Boot::bootWeb(Object(Config\Paths))
DEBUG - 2026-07-26 08:09:37 --> Session: Class initialized using 'CodeIgniter\Session\Handlers\FileHandler' driver.
DEBUG - 2026-07-26 08:21:15 --> Session: Class initialized using 'CodeIgniter\Session\Handlers\FileHandler' driver.
DEBUG - 2026-07-26 08:21:58 --> Session: Class initialized using 'CodeIgniter\Session\Handlers\FileHandler' driver.
DEBUG - 2026-07-26 08:23:04 --> Session: Class initialized using 'CodeIgniter\Session\Handlers\FileHandler' driver.
DEBUG - 2026-07-26 08:23:09 --> Session: Class initialized using 'CodeIgniter\Session\Handlers\FileHandler' driver.
DEBUG - 2026-07-26 08:23:54 --> Session: Class initialized using 'CodeIgniter\Session\Handlers\FileHandler' driver.
CRITICAL - 2026-07-26 08:35:33 --> ErrorException: Undefined property: App\Controllers\Admin\Profil::$Sejarah_model
[Method: GET, Route: admin/profil/sejarah]
in APPPATH\Controllers\Admin\Profil.php on line 41.
 1 APPPATH\Controllers\Admin\Profil.php(41): CodeIgniter\Debug\Exceptions->errorHandler(2, 'Undefined property: App\\Controllers\\Admin\\Profil::$Sejarah_model', 'C:\\wamp64\\www\\pw-muhammadiyah\\app\\Controllers\\Admin\\Profil.php', 41)
 2 SYSTEMPATH\CodeIgniter.php(974): App\Controllers\Admin\Profil->sejarah()
 3 SYSTEMPATH\CodeIgniter.php(520): CodeIgniter\CodeIgniter->runController(Object(App\Controllers\Admin\Profil))
 4 SYSTEMPATH\CodeIgniter.php(363): CodeIgniter\CodeIgniter->handleRequest(null, Object(Config\Cache), false)
 5 SYSTEMPATH\Boot.php(417): CodeIgniter\CodeIgniter->run()
 6 SYSTEMPATH\Boot.php(68): CodeIgniter\Boot::runCodeIgniter(Object(CodeIgniter\CodeIgniter))
 7 FCPATH\index.php(59): CodeIgniter\Boot::bootWeb(Object(Config\Paths))
CRITICAL - 2026-07-26 08:38:08 --> ErrorException: Undefined property: App\Controllers\Admin\Profil::$sejarahModel
[Method: GET, Route: admin/profil/sejarah]
in APPPATH\Controllers\Admin\Profil.php on line 41.
 1 APPPATH\Controllers\Admin\Profil.php(41): CodeIgniter\Debug\Exceptions->errorHandler(2, 'Undefined property: App\\Controllers\\Admin\\Profil::$sejarahModel', 'C:\\wamp64\\www\\pw-muhammadiyah\\app\\Controllers\\Admin\\Profil.php', 41)
 2 SYSTEMPATH\CodeIgniter.php(974): App\Controllers\Admin\Profil->sejarah()
 3 SYSTEMPATH\CodeIgniter.php(520): CodeIgniter\CodeIgniter->runController(Object(App\Controllers\Admin\Profil))
 4 SYSTEMPATH\CodeIgniter.php(363): CodeIgniter\CodeIgniter->handleRequest(null, Object(Config\Cache), false)
 5 SYSTEMPATH\Boot.php(417): CodeIgniter\CodeIgniter->run()
 6 SYSTEMPATH\Boot.php(68): CodeIgniter\Boot::runCodeIgniter(Object(CodeIgniter\CodeIgniter))
 7 FCPATH\index.php(59): CodeIgniter\Boot::bootWeb(Object(Config\Paths))
CRITICAL - 2026-07-26 08:38:10 --> ErrorException: Undefined property: App\Controllers\Admin\Profil::$sejarahModel
[Method: GET, Route: admin/profil/sejarah]
in APPPATH\Controllers\Admin\Profil.php on line 41.
 1 APPPATH\Controllers\Admin\Profil.php(41): CodeIgniter\Debug\Exceptions->errorHandler(2, 'Undefined property: App\\Controllers\\Admin\\Profil::$sejarahModel', 'C:\\wamp64\\www\\pw-muhammadiyah\\app\\Controllers\\Admin\\Profil.php', 41)
 2 SYSTEMPATH\CodeIgniter.php(974): App\Controllers\Admin\Profil->sejarah()
 3 SYSTEMPATH\CodeIgniter.php(520): CodeIgniter\CodeIgniter->runController(Object(App\Controllers\Admin\Profil))
 4 SYSTEMPATH\CodeIgniter.php(363): CodeIgniter\CodeIgniter->handleRequest(null, Object(Config\Cache), false)
 5 SYSTEMPATH\Boot.php(417): CodeIgniter\CodeIgniter->run()
 6 SYSTEMPATH\Boot.php(68): CodeIgniter\Boot::runCodeIgniter(Object(CodeIgniter\CodeIgniter))
 7 FCPATH\index.php(59): CodeIgniter\Boot::bootWeb(Object(Config\Paths))
CRITICAL - 2026-07-26 08:38:11 --> ErrorException: Undefined property: App\Controllers\Admin\Profil::$sejarahModel
[Method: GET, Route: admin/profil/sejarah]
in APPPATH\Controllers\Admin\Profil.php on line 41.
 1 APPPATH\Controllers\Admin\Profil.php(41): CodeIgniter\Debug\Exceptions->errorHandler(2, 'Undefined property: App\\Controllers\\Admin\\Profil::$sejarahModel', 'C:\\wamp64\\www\\pw-muhammadiyah\\app\\Controllers\\Admin\\Profil.php', 41)
 2 SYSTEMPATH\CodeIgniter.php(974): App\Controllers\Admin\Profil->sejarah()
 3 SYSTEMPATH\CodeIgniter.php(520): CodeIgniter\CodeIgniter->runController(Object(App\Controllers\Admin\Profil))
 4 SYSTEMPATH\CodeIgniter.php(363): CodeIgniter\CodeIgniter->handleRequest(null, Object(Config\Cache), false)
 5 SYSTEMPATH\Boot.php(417): CodeIgniter\CodeIgniter->run()
 6 SYSTEMPATH\Boot.php(68): CodeIgniter\Boot::runCodeIgniter(Object(CodeIgniter\CodeIgniter))
 7 FCPATH\index.php(59): CodeIgniter\Boot::bootWeb(Object(Config\Paths))
DEBUG - 2026-07-26 08:38:13 --> Session: Class initialized using 'CodeIgniter\Session\Handlers\FileHandler' driver.
CRITICAL - 2026-07-26 08:38:16 --> ErrorException: Undefined property: App\Controllers\Admin\Profil::$sejarahModel
[Method: GET, Route: admin/profil/sejarah]
in APPPATH\Controllers\Admin\Profil.php on line 41.
 1 APPPATH\Controllers\Admin\Profil.php(41): CodeIgniter\Debug\Exceptions->errorHandler(2, 'Undefined property: App\\Controllers\\Admin\\Profil::$sejarahModel', 'C:\\wamp64\\www\\pw-muhammadiyah\\app\\Controllers\\Admin\\Profil.php', 41)
 2 SYSTEMPATH\CodeIgniter.php(974): App\Controllers\Admin\Profil->sejarah()
 3 SYSTEMPATH\CodeIgniter.php(520): CodeIgniter\CodeIgniter->runController(Object(App\Controllers\Admin\Profil))
 4 SYSTEMPATH\CodeIgniter.php(363): CodeIgniter\CodeIgniter->handleRequest(null, Object(Config\Cache), false)
 5 SYSTEMPATH\Boot.php(417): CodeIgniter\CodeIgniter->run()
 6 SYSTEMPATH\Boot.php(68): CodeIgniter\Boot::runCodeIgniter(Object(CodeIgniter\CodeIgniter))
 7 FCPATH\index.php(59): CodeIgniter\Boot::bootWeb(Object(Config\Paths))
CRITICAL - 2026-07-26 08:39:29 --> CodeIgniter\View\Exceptions\ViewException: Invalid file: "admin/profil/sejarah.php"
[Method: GET, Route: admin/profil/sejarah]
in SYSTEMPATH\Exceptions\FrameworkException.php on line 39.
 1 SYSTEMPATH\View\View.php(228): CodeIgniter\Exceptions\FrameworkException::forInvalidFile('admin/profil/sejarah.php')
 2 SYSTEMPATH\Common.php(1268): CodeIgniter\View\View->render('admin/profil/sejarah', [], true)
 3 APPPATH\Controllers\Admin\Profil.php(53): view('admin/profil/sejarah', [...])
 4 SYSTEMPATH\CodeIgniter.php(974): App\Controllers\Admin\Profil->sejarah()
 5 SYSTEMPATH\CodeIgniter.php(520): CodeIgniter\CodeIgniter->runController(Object(App\Controllers\Admin\Profil))
 6 SYSTEMPATH\CodeIgniter.php(363): CodeIgniter\CodeIgniter->handleRequest(null, Object(Config\Cache), false)
 7 SYSTEMPATH\Boot.php(417): CodeIgniter\CodeIgniter->run()
 8 SYSTEMPATH\Boot.php(68): CodeIgniter\Boot::runCodeIgniter(Object(CodeIgniter\CodeIgniter))
 9 FCPATH\index.php(59): CodeIgniter\Boot::bootWeb(Object(Config\Paths))
DEBUG - 2026-07-26 08:42:17 --> Session: Class initialized using 'CodeIgniter\Session\Handlers\FileHandler' driver.
DEBUG - 2026-07-26 08:43:27 --> Session: Class initialized using 'CodeIgniter\Session\Handlers\FileHandler' driver.
DEBUG - 2026-07-26 08:43:43 --> Session: Class initialized using 'CodeIgniter\Session\Handlers\FileHandler' driver.
DEBUG - 2026-07-26 08:43:45 --> Session: Class initialized using 'CodeIgniter\Session\Handlers\FileHandler' driver.
DEBUG - 2026-07-26 08:43:52 --> Session: Class initialized using 'CodeIgniter\Session\Handlers\FileHandler' driver.
DEBUG - 2026-07-26 08:43:55 --> Session: Class initialized using 'CodeIgniter\Session\Handlers\FileHandler' driver.
DEBUG - 2026-07-26 08:43:56 --> Session: Class initialized using 'CodeIgniter\Session\Handlers\FileHandler' driver.
DEBUG - 2026-07-26 08:43:57 --> Session: Class initialized using 'CodeIgniter\Session\Handlers\FileHandler' driver.
DEBUG - 2026-07-26 08:43:57 --> Session: Class initialized using 'CodeIgniter\Session\Handlers\FileHandler' driver.
DEBUG - 2026-07-26 08:43:58 --> Session: Class initialized using 'CodeIgniter\Session\Handlers\FileHandler' driver.
DEBUG - 2026-07-26 08:43:59 --> Session: Class initialized using 'CodeIgniter\Session\Handlers\FileHandler' driver.
DEBUG - 2026-07-26 08:45:49 --> Session: Class initialized using 'CodeIgniter\Session\Handlers\FileHandler' driver.
CRITICAL - 2026-07-26 08:45:49 --> CodeIgniter\View\Exceptions\ViewException: Invalid file: "admin/layout/template.php"
[Method: GET, Route: admin/profil/sejarah]
in SYSTEMPATH\Exceptions\FrameworkException.php on line 39.
 1 SYSTEMPATH\View\View.php(228): CodeIgniter\Exceptions\FrameworkException::forInvalidFile('admin/layout/template.php')
 2 SYSTEMPATH\View\View.php(256): CodeIgniter\View\View->render('admin/layout/template', [], true)
 3 SYSTEMPATH\Common.php(1268): CodeIgniter\View\View->render('admin/profil/sejarah', [], true)
 4 APPPATH\Controllers\Admin\Profil.php(53): view('admin/profil/sejarah', [...])
 5 SYSTEMPATH\CodeIgniter.php(974): App\Controllers\Admin\Profil->sejarah()
 6 SYSTEMPATH\CodeIgniter.php(520): CodeIgniter\CodeIgniter->runController(Object(App\Controllers\Admin\Profil))
 7 SYSTEMPATH\CodeIgniter.php(363): CodeIgniter\CodeIgniter->handleRequest(null, Object(Config\Cache), false)
 8 SYSTEMPATH\Boot.php(417): CodeIgniter\CodeIgniter->run()
 9 SYSTEMPATH\Boot.php(68): CodeIgniter\Boot::runCodeIgniter(Object(CodeIgniter\CodeIgniter))
10 FCPATH\index.php(59): CodeIgniter\Boot::bootWeb(Object(Config\Paths))
DEBUG - 2026-07-26 08:47:40 --> Session: Class initialized using 'CodeIgniter\Session\Handlers\FileHandler' driver.
DEBUG - 2026-07-26 08:49:47 --> Session: Class initialized using 'CodeIgniter\Session\Handlers\FileHandler' driver.
DEBUG - 2026-07-26 08:51:16 --> Session: Class initialized using 'CodeIgniter\Session\Handlers\FileHandler' driver.
DEBUG - 2026-07-26 08:59:11 --> Session: Class initialized using 'CodeIgniter\Session\Handlers\FileHandler' driver.
DEBUG - 2026-07-26 08:59:51 --> Session: Class initialized using 'CodeIgniter\Session\Handlers\FileHandler' driver.
DEBUG - 2026-07-26 08:59:56 --> Session: Class initialized using 'CodeIgniter\Session\Handlers\FileHandler' driver.
DEBUG - 2026-07-26 09:05:30 --> Session: Class initialized using 'CodeIgniter\Session\Handlers\FileHandler' driver.
DEBUG - 2026-07-26 09:09:19 --> Session: Class initialized using 'CodeIgniter\Session\Handlers\FileHandler' driver.
DEBUG - 2026-07-26 09:12:53 --> Session: Class initialized using 'CodeIgniter\Session\Handlers\FileHandler' driver.
DEBUG - 2026-07-26 09:15:43 --> Session: Class initialized using 'CodeIgniter\Session\Handlers\FileHandler' driver.
DEBUG - 2026-07-26 09:15:59 --> Session: Class initialized using 'CodeIgniter\Session\Handlers\FileHandler' driver.
DEBUG - 2026-07-26 09:15:59 --> Session: Class initialized using 'CodeIgniter\Session\Handlers\FileHandler' driver.
DEBUG - 2026-07-26 12:08:40 --> Session: Class initialized using 'CodeIgniter\Session\Handlers\FileHandler' driver.
DEBUG - 2026-07-26 12:08:43 --> Session: Class initialized using 'CodeIgniter\Session\Handlers\FileHandler' driver.
DEBUG - 2026-07-26 12:08:43 --> Session: Class initialized using 'CodeIgniter\Session\Handlers\FileHandler' driver.
DEBUG - 2026-07-26 12:08:55 --> Session: Class initialized using 'CodeIgniter\Session\Handlers\FileHandler' driver.
DEBUG - 2026-07-26 12:08:55 --> Session: Class initialized using 'CodeIgniter\Session\Handlers\FileHandler' driver.
DEBUG - 2026-07-26 12:09:21 --> Session: Class initialized using 'CodeIgniter\Session\Handlers\FileHandler' driver.
DEBUG - 2026-07-26 12:09:21 --> Session: Class initialized using 'CodeIgniter\Session\Handlers\FileHandler' driver.
ERROR - 2026-07-26 12:18:10 --> Table 'db_pwmuhammadiyah.visi_misi' doesn't exist
in SYSTEMPATH\Database\MySQLi\Connection.php on line 300.
 1 SYSTEMPATH\Database\MySQLi\Connection.php(300): mysqli->query('SELECT *
FROM `visi_misi`
 LIMIT 1', 0)
 2 SYSTEMPATH\Database\BaseConnection.php(908): CodeIgniter\Database\MySQLi\Connection->execute('SELECT *
FROM `visi_misi`
 LIMIT 1')
 3 SYSTEMPATH\Database\BaseConnection.php(825): CodeIgniter\Database\BaseConnection->simpleQuery('SELECT *
FROM `visi_misi`
 LIMIT 1')
 4 SYSTEMPATH\Database\BaseBuilder.php(1655): CodeIgniter\Database\BaseConnection->query('SELECT *
FROM `visi_misi`
 LIMIT 1', [], false)
 5 SYSTEMPATH\Model.php(297): CodeIgniter\Database\BaseBuilder->get()
 6 SYSTEMPATH\BaseModel.php(714): CodeIgniter\Model->doFirst()
 7 APPPATH\Controllers\Admin\Profil.php(57): CodeIgniter\BaseModel->first()
 8 SYSTEMPATH\CodeIgniter.php(974): App\Controllers\Admin\Profil->visiMisi()
 9 SYSTEMPATH\CodeIgniter.php(520): CodeIgniter\CodeIgniter->runController(Object(App\Controllers\Admin\Profil))
10 SYSTEMPATH\CodeIgniter.php(363): CodeIgniter\CodeIgniter->handleRequest(null, Object(Config\Cache), false)
11 SYSTEMPATH\Boot.php(417): CodeIgniter\CodeIgniter->run()
12 SYSTEMPATH\Boot.php(68): CodeIgniter\Boot::runCodeIgniter(Object(CodeIgniter\CodeIgniter))
13 FCPATH\index.php(59): CodeIgniter\Boot::bootWeb(Object(Config\Paths))
CRITICAL - 2026-07-26 12:18:10 --> CodeIgniter\Database\Exceptions\DatabaseException: Table 'db_pwmuhammadiyah.visi_misi' doesn't exist
[Method: GET, Route: admin/profil/visi-misi]
in SYSTEMPATH\Database\BaseConnection.php on line 863.
 1 SYSTEMPATH\Database\BaseBuilder.php(1655): CodeIgniter\Database\BaseConnection->query('SELECT *
FROM `visi_misi`
 LIMIT 1', [], false)
 2 SYSTEMPATH\Model.php(297): CodeIgniter\Database\BaseBuilder->get()
 3 SYSTEMPATH\BaseModel.php(714): CodeIgniter\Model->doFirst()
 4 APPPATH\Controllers\Admin\Profil.php(57): CodeIgniter\BaseModel->first()
 5 SYSTEMPATH\CodeIgniter.php(974): App\Controllers\Admin\Profil->visiMisi()
 6 SYSTEMPATH\CodeIgniter.php(520): CodeIgniter\CodeIgniter->runController(Object(App\Controllers\Admin\Profil))
 7 SYSTEMPATH\CodeIgniter.php(363): CodeIgniter\CodeIgniter->handleRequest(null, Object(Config\Cache), false)
 8 SYSTEMPATH\Boot.php(417): CodeIgniter\CodeIgniter->run()
 9 SYSTEMPATH\Boot.php(68): CodeIgniter\Boot::runCodeIgniter(Object(CodeIgniter\CodeIgniter))
10 FCPATH\index.php(59): CodeIgniter\Boot::bootWeb(Object(Config\Paths))
CRITICAL - 2026-07-26 12:18:10 --> [Caused by] CodeIgniter\Database\Exceptions\DatabaseException: Table 'db_pwmuhammadiyah.visi_misi' doesn't exist
in SYSTEMPATH\Database\MySQLi\Connection.php on line 310.
 1 SYSTEMPATH\Database\BaseConnection.php(908): CodeIgniter\Database\MySQLi\Connection->execute('SELECT *
FROM `visi_misi`
 LIMIT 1')
 2 SYSTEMPATH\Database\BaseConnection.php(825): CodeIgniter\Database\BaseConnection->simpleQuery('SELECT *
FROM `visi_misi`
 LIMIT 1')
 3 SYSTEMPATH\Database\BaseBuilder.php(1655): CodeIgniter\Database\BaseConnection->query('SELECT *
FROM `visi_misi`
 LIMIT 1', [], false)
 4 SYSTEMPATH\Model.php(297): CodeIgniter\Database\BaseBuilder->get()
 5 SYSTEMPATH\BaseModel.php(714): CodeIgniter\Model->doFirst()
 6 APPPATH\Controllers\Admin\Profil.php(57): CodeIgniter\BaseModel->first()
 7 SYSTEMPATH\CodeIgniter.php(974): App\Controllers\Admin\Profil->visiMisi()
 8 SYSTEMPATH\CodeIgniter.php(520): CodeIgniter\CodeIgniter->runController(Object(App\Controllers\Admin\Profil))
 9 SYSTEMPATH\CodeIgniter.php(363): CodeIgniter\CodeIgniter->handleRequest(null, Object(Config\Cache), false)
10 SYSTEMPATH\Boot.php(417): CodeIgniter\CodeIgniter->run()
11 SYSTEMPATH\Boot.php(68): CodeIgniter\Boot::runCodeIgniter(Object(CodeIgniter\CodeIgniter))
12 FCPATH\index.php(59): CodeIgniter\Boot::bootWeb(Object(Config\Paths))
CRITICAL - 2026-07-26 12:18:10 --> [Caused by] mysqli_sql_exception: Table 'db_pwmuhammadiyah.visi_misi' doesn't exist
in SYSTEMPATH\Database\MySQLi\Connection.php on line 300.
 1 SYSTEMPATH\Database\MySQLi\Connection.php(300): mysqli->query('SELECT *
FROM `visi_misi`
 LIMIT 1', 0)
 2 SYSTEMPATH\Database\BaseConnection.php(908): CodeIgniter\Database\MySQLi\Connection->execute('SELECT *
FROM `visi_misi`
 LIMIT 1')
 3 SYSTEMPATH\Database\BaseConnection.php(825): CodeIgniter\Database\BaseConnection->simpleQuery('SELECT *
FROM `visi_misi`
 LIMIT 1')
 4 SYSTEMPATH\Database\BaseBuilder.php(1655): CodeIgniter\Database\BaseConnection->query('SELECT *
FROM `visi_misi`
 LIMIT 1', [], false)
 5 SYSTEMPATH\Model.php(297): CodeIgniter\Database\BaseBuilder->get()
 6 SYSTEMPATH\BaseModel.php(714): CodeIgniter\Model->doFirst()
 7 APPPATH\Controllers\Admin\Profil.php(57): CodeIgniter\BaseModel->first()
 8 SYSTEMPATH\CodeIgniter.php(974): App\Controllers\Admin\Profil->visiMisi()
 9 SYSTEMPATH\CodeIgniter.php(520): CodeIgniter\CodeIgniter->runController(Object(App\Controllers\Admin\Profil))
10 SYSTEMPATH\CodeIgniter.php(363): CodeIgniter\CodeIgniter->handleRequest(null, Object(Config\Cache), false)
11 SYSTEMPATH\Boot.php(417): CodeIgniter\CodeIgniter->run()
12 SYSTEMPATH\Boot.php(68): CodeIgniter\Boot::runCodeIgniter(Object(CodeIgniter\CodeIgniter))
13 FCPATH\index.php(59): CodeIgniter\Boot::bootWeb(Object(Config\Paths))
DEBUG - 2026-07-26 12:21:48 --> Session: Class initialized using 'CodeIgniter\Session\Handlers\FileHandler' driver.
CRITICAL - 2026-07-26 12:21:48 --> CodeIgniter\View\Exceptions\ViewException: Invalid file: "admin/layout/template.php"
[Method: GET, Route: admin/profil/visi-misi]
in SYSTEMPATH\Exceptions\FrameworkException.php on line 39.
 1 SYSTEMPATH\View\View.php(228): CodeIgniter\Exceptions\FrameworkException::forInvalidFile('admin/layout/template.php')
 2 SYSTEMPATH\View\View.php(256): CodeIgniter\View\View->render('admin/layout/template', [], true)
 3 SYSTEMPATH\Common.php(1268): CodeIgniter\View\View->render('admin/profil/visi_misi', [], true)
 4 APPPATH\Controllers\Admin\Profil.php(65): view('admin/profil/visi_misi', [...])
 5 SYSTEMPATH\CodeIgniter.php(974): App\Controllers\Admin\Profil->visiMisi()
 6 SYSTEMPATH\CodeIgniter.php(520): CodeIgniter\CodeIgniter->runController(Object(App\Controllers\Admin\Profil))
 7 SYSTEMPATH\CodeIgniter.php(363): CodeIgniter\CodeIgniter->handleRequest(null, Object(Config\Cache), false)
 8 SYSTEMPATH\Boot.php(417): CodeIgniter\CodeIgniter->run()
 9 SYSTEMPATH\Boot.php(68): CodeIgniter\Boot::runCodeIgniter(Object(CodeIgniter\CodeIgniter))
10 FCPATH\index.php(59): CodeIgniter\Boot::bootWeb(Object(Config\Paths))
DEBUG - 2026-07-26 12:23:02 --> Session: Class initialized using 'CodeIgniter\Session\Handlers\FileHandler' driver.
DEBUG - 2026-07-26 12:23:13 --> Session: Class initialized using 'CodeIgniter\Session\Handlers\FileHandler' driver.
DEBUG - 2026-07-26 12:23:20 --> Session: Class initialized using 'CodeIgniter\Session\Handlers\FileHandler' driver.
DEBUG - 2026-07-26 12:26:20 --> Session: Class initialized using 'CodeIgniter\Session\Handlers\FileHandler' driver.
DEBUG - 2026-07-26 12:26:23 --> Session: Class initialized using 'CodeIgniter\Session\Handlers\FileHandler' driver.
DEBUG - 2026-07-26 12:26:38 --> Session: Class initialized using 'CodeIgniter\Session\Handlers\FileHandler' driver.
DEBUG - 2026-07-26 12:28:01 --> Session: Class initialized using 'CodeIgniter\Session\Handlers\FileHandler' driver.
CRITICAL - 2026-07-26 12:33:50 --> Error: Object of class CodeIgniter\Router\RouteCollection could not be converted to string
[Method: GET, Route: admin/profil/update-visi-misi]
in APPPATH\Config\Routes.php on line 22.
 1 SYSTEMPATH\Router\RouteCollection.php(799): CodeIgniter\Router\RouteCollection->{closure}(Object(CodeIgniter\Router\RouteCollection))
 2 APPPATH\Config\Routes.php(14): CodeIgniter\Router\RouteCollection->group('profil', Object(Closure))
 3 SYSTEMPATH\Router\RouteCollection.php(799): CodeIgniter\Router\RouteCollection->{closure}(Object(CodeIgniter\Router\RouteCollection))
 4 APPPATH\Config\Routes.php(13): CodeIgniter\Router\RouteCollection->group('admin', [...], Object(Closure))
 5 SYSTEMPATH\Router\RouteCollection.php(339): require('C:\\wamp64\\www\\pw-muhammadiyah\\app\\Config\\Routes.php')
 6 SYSTEMPATH\CodeIgniter.php(841): CodeIgniter\Router\RouteCollection->loadRoutes()
 7 SYSTEMPATH\CodeIgniter.php(464): CodeIgniter\CodeIgniter->tryToRouteIt(null)
 8 SYSTEMPATH\CodeIgniter.php(363): CodeIgniter\CodeIgniter->handleRequest(null, Object(Config\Cache), false)
 9 SYSTEMPATH\Boot.php(417): CodeIgniter\CodeIgniter->run()
10 SYSTEMPATH\Boot.php(68): CodeIgniter\Boot::runCodeIgniter(Object(CodeIgniter\CodeIgniter))
11 FCPATH\index.php(59): CodeIgniter\Boot::bootWeb(Object(Config\Paths))
CRITICAL - 2026-07-26 12:34:09 --> Error: Object of class CodeIgniter\Router\RouteCollection could not be converted to string
[Method: GET, Route: admin/profil/update-visi-misi]
in APPPATH\Config\Routes.php on line 22.
 1 SYSTEMPATH\Router\RouteCollection.php(799): CodeIgniter\Router\RouteCollection->{closure}(Object(CodeIgniter\Router\RouteCollection))
 2 APPPATH\Config\Routes.php(14): CodeIgniter\Router\RouteCollection->group('profil', Object(Closure))
 3 SYSTEMPATH\Router\RouteCollection.php(799): CodeIgniter\Router\RouteCollection->{closure}(Object(CodeIgniter\Router\RouteCollection))
 4 APPPATH\Config\Routes.php(13): CodeIgniter\Router\RouteCollection->group('admin', [...], Object(Closure))
 5 SYSTEMPATH\Router\RouteCollection.php(339): require('C:\\wamp64\\www\\pw-muhammadiyah\\app\\Config\\Routes.php')
 6 SYSTEMPATH\CodeIgniter.php(841): CodeIgniter\Router\RouteCollection->loadRoutes()
 7 SYSTEMPATH\CodeIgniter.php(464): CodeIgniter\CodeIgniter->tryToRouteIt(null)
 8 SYSTEMPATH\CodeIgniter.php(363): CodeIgniter\CodeIgniter->handleRequest(null, Object(Config\Cache), false)
 9 SYSTEMPATH\Boot.php(417): CodeIgniter\CodeIgniter->run()
10 SYSTEMPATH\Boot.php(68): CodeIgniter\Boot::runCodeIgniter(Object(CodeIgniter\CodeIgniter))
11 FCPATH\index.php(59): CodeIgniter\Boot::bootWeb(Object(Config\Paths))
DEBUG - 2026-07-26 12:35:11 --> Session: Class initialized using 'CodeIgniter\Session\Handlers\FileHandler' driver.
DEBUG - 2026-07-26 12:37:26 --> Session: Class initialized using 'CodeIgniter\Session\Handlers\FileHandler' driver.
DEBUG - 2026-07-26 12:37:35 --> Session: Class initialized using 'CodeIgniter\Session\Handlers\FileHandler' driver.
DEBUG - 2026-07-26 12:37:35 --> Session: Class initialized using 'CodeIgniter\Session\Handlers\FileHandler' driver.
CRITICAL - 2026-07-26 13:21:52 --> Error: Class "App\Controllers\Admin\StrukturOrganisasiModel" not found
[Method: GET, Route: admin/profil/struktur-organisasi]
in APPPATH\Controllers\Admin\Profil.php on line 20.
 1 SYSTEMPATH\CodeIgniter.php(944): App\Controllers\Admin\Profil->__construct()
 2 SYSTEMPATH\CodeIgniter.php(511): CodeIgniter\CodeIgniter->createController()
 3 SYSTEMPATH\CodeIgniter.php(363): CodeIgniter\CodeIgniter->handleRequest(null, Object(Config\Cache), false)
 4 SYSTEMPATH\Boot.php(417): CodeIgniter\CodeIgniter->run()
 5 SYSTEMPATH\Boot.php(68): CodeIgniter\Boot::runCodeIgniter(Object(CodeIgniter\CodeIgniter))
 6 FCPATH\index.php(59): CodeIgniter\Boot::bootWeb(Object(Config\Paths))
DEBUG - 2026-07-26 13:23:01 --> Session: Class initialized using 'CodeIgniter\Session\Handlers\FileHandler' driver.
ERROR - 2026-07-26 13:23:34 --> Unknown column 'updated_at' in 'field list'
in SYSTEMPATH\Database\MySQLi\Connection.php on line 300.
 1 SYSTEMPATH\Database\MySQLi\Connection.php(300): mysqli->query('INSERT INTO `struktur_organisasi` (`nama`, `jabatan`, `urutan`, `foto`, `created_at`, `updated_at`) VALUES (\'Ahmad\', \'Ketua Wilayah\', \'1\', \'1785072214_fd5eff523683e20a0cc3.jpeg\', \'2026-07-26 13:23:34\', \'2026-07-26 13:23:34\')', 0)
 2 SYSTEMPATH\Database\BaseConnection.php(908): CodeIgniter\Database\MySQLi\Connection->execute('INSERT INTO `struktur_organisasi` (`nama`, `jabatan`, `urutan`, `foto`, `created_at`, `updated_at`) VALUES (\'Ahmad\', \'Ketua Wilayah\', \'1\', \'1785072214_fd5eff523683e20a0cc3.jpeg\', \'2026-07-26 13:23:34\', \'2026-07-26 13:23:34\')')
 3 SYSTEMPATH\Database\BaseConnection.php(825): CodeIgniter\Database\BaseConnection->simpleQuery('INSERT INTO `struktur_organisasi` (`nama`, `jabatan`, `urutan`, `foto`, `created_at`, `updated_at`) VALUES (\'Ahmad\', \'Ketua Wilayah\', \'1\', \'1785072214_fd5eff523683e20a0cc3.jpeg\', \'2026-07-26 13:23:34\', \'2026-07-26 13:23:34\')')
 4 SYSTEMPATH\Database\BaseBuilder.php(2351): CodeIgniter\Database\BaseConnection->query('INSERT INTO `struktur_organisasi` (`nama`, `jabatan`, `urutan`, `foto`, `created_at`, `updated_at`) VALUES (:nama:, :jabatan:, :urutan:, :foto:, :created_at:, :updated_at:)', [...], false)
 5 SYSTEMPATH\Model.php(357): CodeIgniter\Database\BaseBuilder->insert()
 6 SYSTEMPATH\BaseModel.php(899): CodeIgniter\Model->doInsert([...])
 7 SYSTEMPATH\Model.php(670): CodeIgniter\BaseModel->insert([...], false)
 8 SYSTEMPATH\BaseModel.php(752): CodeIgniter\Model->insert([...], false)
 9 APPPATH\Controllers\Admin\Profil.php(237): CodeIgniter\BaseModel->save([...])
10 SYSTEMPATH\CodeIgniter.php(974): App\Controllers\Admin\Profil->simpanStruktur()
11 SYSTEMPATH\CodeIgniter.php(520): CodeIgniter\CodeIgniter->runController(Object(App\Controllers\Admin\Profil))
12 SYSTEMPATH\CodeIgniter.php(363): CodeIgniter\CodeIgniter->handleRequest(null, Object(Config\Cache), false)
13 SYSTEMPATH\Boot.php(417): CodeIgniter\CodeIgniter->run()
14 SYSTEMPATH\Boot.php(68): CodeIgniter\Boot::runCodeIgniter(Object(CodeIgniter\CodeIgniter))
15 FCPATH\index.php(59): CodeIgniter\Boot::bootWeb(Object(Config\Paths))
CRITICAL - 2026-07-26 13:23:34 --> CodeIgniter\Database\Exceptions\DatabaseException: Unknown column 'updated_at' in 'field list'
[Method: POST, Route: admin/profil/struktur-organisasi/simpan]
in SYSTEMPATH\Database\BaseConnection.php on line 863.
 1 SYSTEMPATH\Database\BaseBuilder.php(2351): CodeIgniter\Database\BaseConnection->query('INSERT INTO `struktur_organisasi` (`nama`, `jabatan`, `urutan`, `foto`, `created_at`, `updated_at`) VALUES (:nama:, :jabatan:, :urutan:, :foto:, :created_at:, :updated_at:)', [...], false)
 2 SYSTEMPATH\Model.php(357): CodeIgniter\Database\BaseBuilder->insert()
 3 SYSTEMPATH\BaseModel.php(899): CodeIgniter\Model->doInsert([...])
 4 SYSTEMPATH\Model.php(670): CodeIgniter\BaseModel->insert([...], false)
 5 SYSTEMPATH\BaseModel.php(752): CodeIgniter\Model->insert([...], false)
 6 APPPATH\Controllers\Admin\Profil.php(237): CodeIgniter\BaseModel->save([...])
 7 SYSTEMPATH\CodeIgniter.php(974): App\Controllers\Admin\Profil->simpanStruktur()
 8 SYSTEMPATH\CodeIgniter.php(520): CodeIgniter\CodeIgniter->runController(Object(App\Controllers\Admin\Profil))
 9 SYSTEMPATH\CodeIgniter.php(363): CodeIgniter\CodeIgniter->handleRequest(null, Object(Config\Cache), false)
10 SYSTEMPATH\Boot.php(417): CodeIgniter\CodeIgniter->run()
11 SYSTEMPATH\Boot.php(68): CodeIgniter\Boot::runCodeIgniter(Object(CodeIgniter\CodeIgniter))
12 FCPATH\index.php(59): CodeIgniter\Boot::bootWeb(Object(Config\Paths))
CRITICAL - 2026-07-26 13:23:34 --> [Caused by] CodeIgniter\Database\Exceptions\DatabaseException: Unknown column 'updated_at' in 'field list'
in SYSTEMPATH\Database\MySQLi\Connection.php on line 310.
 1 SYSTEMPATH\Database\BaseConnection.php(908): CodeIgniter\Database\MySQLi\Connection->execute('INSERT INTO `struktur_organisasi` (`nama`, `jabatan`, `urutan`, `foto`, `created_at`, `updated_at`) VALUES (\'Ahmad\', \'Ketua Wilayah\', \'1\', \'1785072214_fd5eff523683e20a0cc3.jpeg\', \'2026-07-26 13:23:34\', \'2026-07-26 13:23:34\')')
 2 SYSTEMPATH\Database\BaseConnection.php(825): CodeIgniter\Database\BaseConnection->simpleQuery('INSERT INTO `struktur_organisasi` (`nama`, `jabatan`, `urutan`, `foto`, `created_at`, `updated_at`) VALUES (\'Ahmad\', \'Ketua Wilayah\', \'1\', \'1785072214_fd5eff523683e20a0cc3.jpeg\', \'2026-07-26 13:23:34\', \'2026-07-26 13:23:34\')')
 3 SYSTEMPATH\Database\BaseBuilder.php(2351): CodeIgniter\Database\BaseConnection->query('INSERT INTO `struktur_organisasi` (`nama`, `jabatan`, `urutan`, `foto`, `created_at`, `updated_at`) VALUES (:nama:, :jabatan:, :urutan:, :foto:, :created_at:, :updated_at:)', [...], false)
 4 SYSTEMPATH\Model.php(357): CodeIgniter\Database\BaseBuilder->insert()
 5 SYSTEMPATH\BaseModel.php(899): CodeIgniter\Model->doInsert([...])
 6 SYSTEMPATH\Model.php(670): CodeIgniter\BaseModel->insert([...], false)
 7 SYSTEMPATH\BaseModel.php(752): CodeIgniter\Model->insert([...], false)
 8 APPPATH\Controllers\Admin\Profil.php(237): CodeIgniter\BaseModel->save([...])
 9 SYSTEMPATH\CodeIgniter.php(974): App\Controllers\Admin\Profil->simpanStruktur()
10 SYSTEMPATH\CodeIgniter.php(520): CodeIgniter\CodeIgniter->runController(Object(App\Controllers\Admin\Profil))
11 SYSTEMPATH\CodeIgniter.php(363): CodeIgniter\CodeIgniter->handleRequest(null, Object(Config\Cache), false)
12 SYSTEMPATH\Boot.php(417): CodeIgniter\CodeIgniter->run()
13 SYSTEMPATH\Boot.php(68): CodeIgniter\Boot::runCodeIgniter(Object(CodeIgniter\CodeIgniter))
14 FCPATH\index.php(59): CodeIgniter\Boot::bootWeb(Object(Config\Paths))
CRITICAL - 2026-07-26 13:23:34 --> [Caused by] mysqli_sql_exception: Unknown column 'updated_at' in 'field list'
in SYSTEMPATH\Database\MySQLi\Connection.php on line 300.
 1 SYSTEMPATH\Database\MySQLi\Connection.php(300): mysqli->query('INSERT INTO `struktur_organisasi` (`nama`, `jabatan`, `urutan`, `foto`, `created_at`, `updated_at`) VALUES (\'Ahmad\', \'Ketua Wilayah\', \'1\', \'1785072214_fd5eff523683e20a0cc3.jpeg\', \'2026-07-26 13:23:34\', \'2026-07-26 13:23:34\')', 0)
 2 SYSTEMPATH\Database\BaseConnection.php(908): CodeIgniter\Database\MySQLi\Connection->execute('INSERT INTO `struktur_organisasi` (`nama`, `jabatan`, `urutan`, `foto`, `created_at`, `updated_at`) VALUES (\'Ahmad\', \'Ketua Wilayah\', \'1\', \'1785072214_fd5eff523683e20a0cc3.jpeg\', \'2026-07-26 13:23:34\', \'2026-07-26 13:23:34\')')
 3 SYSTEMPATH\Database\BaseConnection.php(825): CodeIgniter\Database\BaseConnection->simpleQuery('INSERT INTO `struktur_organisasi` (`nama`, `jabatan`, `urutan`, `foto`, `created_at`, `updated_at`) VALUES (\'Ahmad\', \'Ketua Wilayah\', \'1\', \'1785072214_fd5eff523683e20a0cc3.jpeg\', \'2026-07-26 13:23:34\', \'2026-07-26 13:23:34\')')
 4 SYSTEMPATH\Database\BaseBuilder.php(2351): CodeIgniter\Database\BaseConnection->query('INSERT INTO `struktur_organisasi` (`nama`, `jabatan`, `urutan`, `foto`, `created_at`, `updated_at`) VALUES (:nama:, :jabatan:, :urutan:, :foto:, :created_at:, :updated_at:)', [...], false)
 5 SYSTEMPATH\Model.php(357): CodeIgniter\Database\BaseBuilder->insert()
 6 SYSTEMPATH\BaseModel.php(899): CodeIgniter\Model->doInsert([...])
 7 SYSTEMPATH\Model.php(670): CodeIgniter\BaseModel->insert([...], false)
 8 SYSTEMPATH\BaseModel.php(752): CodeIgniter\Model->insert([...], false)
 9 APPPATH\Controllers\Admin\Profil.php(237): CodeIgniter\BaseModel->save([...])
10 SYSTEMPATH\CodeIgniter.php(974): App\Controllers\Admin\Profil->simpanStruktur()
11 SYSTEMPATH\CodeIgniter.php(520): CodeIgniter\CodeIgniter->runController(Object(App\Controllers\Admin\Profil))
12 SYSTEMPATH\CodeIgniter.php(363): CodeIgniter\CodeIgniter->handleRequest(null, Object(Config\Cache), false)
13 SYSTEMPATH\Boot.php(417): CodeIgniter\CodeIgniter->run()
14 SYSTEMPATH\Boot.php(68): CodeIgniter\Boot::runCodeIgniter(Object(CodeIgniter\CodeIgniter))
15 FCPATH\index.php(59): CodeIgniter\Boot::bootWeb(Object(Config\Paths))
DEBUG - 2026-07-26 13:25:43 --> Session: Class initialized using 'CodeIgniter\Session\Handlers\FileHandler' driver.
DEBUG - 2026-07-26 13:25:44 --> Session: Class initialized using 'CodeIgniter\Session\Handlers\FileHandler' driver.
DEBUG - 2026-07-26 13:26:16 --> Session: Class initialized using 'CodeIgniter\Session\Handlers\FileHandler' driver.
DEBUG - 2026-07-26 13:26:16 --> Session: Class initialized using 'CodeIgniter\Session\Handlers\FileHandler' driver.
DEBUG - 2026-07-26 13:34:55 --> Session: Class initialized using 'CodeIgniter\Session\Handlers\FileHandler' driver.
CRITICAL - 2026-07-26 13:39:28 --> Error: Class "App\Models\ProgramKerjaModel" not found
[Method: GET, Route: admin/profil/program-kerja]
in APPPATH\Controllers\Admin\Profil.php on line 23.
 1 SYSTEMPATH\CodeIgniter.php(944): App\Controllers\Admin\Profil->__construct()
 2 SYSTEMPATH\CodeIgniter.php(511): CodeIgniter\CodeIgniter->createController()
 3 SYSTEMPATH\CodeIgniter.php(363): CodeIgniter\CodeIgniter->handleRequest(null, Object(Config\Cache), false)
 4 SYSTEMPATH\Boot.php(417): CodeIgniter\CodeIgniter->run()
 5 SYSTEMPATH\Boot.php(68): CodeIgniter\Boot::runCodeIgniter(Object(CodeIgniter\CodeIgniter))
 6 FCPATH\index.php(59): CodeIgniter\Boot::bootWeb(Object(Config\Paths))
CRITICAL - 2026-07-26 13:40:25 --> CodeIgniter\View\Exceptions\ViewException: Invalid file: "admin/profil/program_kerja.php"
[Method: GET, Route: admin/profil/program-kerja]
in SYSTEMPATH\Exceptions\FrameworkException.php on line 39.
 1 SYSTEMPATH\View\View.php(228): CodeIgniter\Exceptions\FrameworkException::forInvalidFile('admin/profil/program_kerja.php')
 2 SYSTEMPATH\Common.php(1268): CodeIgniter\View\View->render('admin/profil/program_kerja', [], true)
 3 APPPATH\Controllers\Admin\Profil.php(338): view('admin/profil/program_kerja', [...])
 4 SYSTEMPATH\CodeIgniter.php(974): App\Controllers\Admin\Profil->programKerja()
 5 SYSTEMPATH\CodeIgniter.php(520): CodeIgniter\CodeIgniter->runController(Object(App\Controllers\Admin\Profil))
 6 SYSTEMPATH\CodeIgniter.php(363): CodeIgniter\CodeIgniter->handleRequest(null, Object(Config\Cache), false)
 7 SYSTEMPATH\Boot.php(417): CodeIgniter\CodeIgniter->run()
 8 SYSTEMPATH\Boot.php(68): CodeIgniter\Boot::runCodeIgniter(Object(CodeIgniter\CodeIgniter))
 9 FCPATH\index.php(59): CodeIgniter\Boot::bootWeb(Object(Config\Paths))
DEBUG - 2026-07-26 13:41:03 --> Session: Class initialized using 'CodeIgniter\Session\Handlers\FileHandler' driver.
DEBUG - 2026-07-26 13:43:47 --> Session: Class initialized using 'CodeIgniter\Session\Handlers\FileHandler' driver.
DEBUG - 2026-07-26 13:44:44 --> Session: Class initialized using 'CodeIgniter\Session\Handlers\FileHandler' driver.
DEBUG - 2026-07-26 13:44:44 --> Session: Class initialized using 'CodeIgniter\Session\Handlers\FileHandler' driver.
CRITICAL - 2026-07-26 13:44:44 --> ErrorException: Undefined array key "id"
[Method: GET, Route: admin/profil/program-kerja]
in APPPATH\Views\admin\profil\program_kerja.php on line 173.
 1 APPPATH\Views\admin\profil\program_kerja.php(173): CodeIgniter\Debug\Exceptions->errorHandler(2, 'Undefined array key "id"', 'C:\\wamp64\\www\\pw-muhammadiyah\\app\\Views\\admin\\profil\\program_kerja.php', 173)
 2 SYSTEMPATH\View\View.php(240): include('C:\\wamp64\\www\\pw-muhammadiyah\\app\\Views\\admin\\profil\\program_kerja.php')
 3 SYSTEMPATH\View\View.php(243): CodeIgniter\View\View->CodeIgniter\View\{closure}()
 4 SYSTEMPATH\Common.php(1268): CodeIgniter\View\View->render('admin/profil/program_kerja', [], true)
 5 APPPATH\Controllers\Admin\Profil.php(338): view('admin/profil/program_kerja', [...])
 6 SYSTEMPATH\CodeIgniter.php(974): App\Controllers\Admin\Profil->programKerja()
 7 SYSTEMPATH\CodeIgniter.php(520): CodeIgniter\CodeIgniter->runController(Object(App\Controllers\Admin\Profil))
 8 SYSTEMPATH\CodeIgniter.php(363): CodeIgniter\CodeIgniter->handleRequest(null, Object(Config\Cache), false)
 9 SYSTEMPATH\Boot.php(417): CodeIgniter\CodeIgniter->run()
10 SYSTEMPATH\Boot.php(68): CodeIgniter\Boot::runCodeIgniter(Object(CodeIgniter\CodeIgniter))
11 FCPATH\index.php(59): CodeIgniter\Boot::bootWeb(Object(Config\Paths))
DEBUG - 2026-07-26 13:45:05 --> Session: Class initialized using 'CodeIgniter\Session\Handlers\FileHandler' driver.
DEBUG - 2026-07-26 13:45:10 --> Session: Class initialized using 'CodeIgniter\Session\Handlers\FileHandler' driver.
CRITICAL - 2026-07-26 13:45:10 --> ErrorException: Undefined array key "id"
[Method: GET, Route: admin/profil/program-kerja]
in APPPATH\Views\admin\profil\program_kerja.php on line 173.
 1 APPPATH\Views\admin\profil\program_kerja.php(173): CodeIgniter\Debug\Exceptions->errorHandler(2, 'Undefined array key "id"', 'C:\\wamp64\\www\\pw-muhammadiyah\\app\\Views\\admin\\profil\\program_kerja.php', 173)
 2 SYSTEMPATH\View\View.php(240): include('C:\\wamp64\\www\\pw-muhammadiyah\\app\\Views\\admin\\profil\\program_kerja.php')
 3 SYSTEMPATH\View\View.php(243): CodeIgniter\View\View->CodeIgniter\View\{closure}()
 4 SYSTEMPATH\Common.php(1268): CodeIgniter\View\View->render('admin/profil/program_kerja', [], true)
 5 APPPATH\Controllers\Admin\Profil.php(338): view('admin/profil/program_kerja', [...])
 6 SYSTEMPATH\CodeIgniter.php(974): App\Controllers\Admin\Profil->programKerja()
 7 SYSTEMPATH\CodeIgniter.php(520): CodeIgniter\CodeIgniter->runController(Object(App\Controllers\Admin\Profil))
 8 SYSTEMPATH\CodeIgniter.php(363): CodeIgniter\CodeIgniter->handleRequest(null, Object(Config\Cache), false)
 9 SYSTEMPATH\Boot.php(417): CodeIgniter\CodeIgniter->run()
10 SYSTEMPATH\Boot.php(68): CodeIgniter\Boot::runCodeIgniter(Object(CodeIgniter\CodeIgniter))
11 FCPATH\index.php(59): CodeIgniter\Boot::bootWeb(Object(Config\Paths))
DEBUG - 2026-07-26 13:48:43 --> Session: Class initialized using 'CodeIgniter\Session\Handlers\FileHandler' driver.
CRITICAL - 2026-07-26 13:48:43 --> ErrorException: Undefined array key "id"
[Method: GET, Route: admin/profil/program-kerja]
in APPPATH\Views\admin\profil\program_kerja.php on line 171.
 1 APPPATH\Views\admin\profil\program_kerja.php(171): CodeIgniter\Debug\Exceptions->errorHandler(2, 'Undefined array key "id"', 'C:\\wamp64\\www\\pw-muhammadiyah\\app\\Views\\admin\\profil\\program_kerja.php', 171)
 2 SYSTEMPATH\View\View.php(240): include('C:\\wamp64\\www\\pw-muhammadiyah\\app\\Views\\admin\\profil\\program_kerja.php')
 3 SYSTEMPATH\View\View.php(243): CodeIgniter\View\View->CodeIgniter\View\{closure}()
 4 SYSTEMPATH\Common.php(1268): CodeIgniter\View\View->render('admin/profil/program_kerja', [], true)
 5 APPPATH\Controllers\Admin\Profil.php(338): view('admin/profil/program_kerja', [...])
 6 SYSTEMPATH\CodeIgniter.php(974): App\Controllers\Admin\Profil->programKerja()
 7 SYSTEMPATH\CodeIgniter.php(520): CodeIgniter\CodeIgniter->runController(Object(App\Controllers\Admin\Profil))
 8 SYSTEMPATH\CodeIgniter.php(363): CodeIgniter\CodeIgniter->handleRequest(null, Object(Config\Cache), false)
 9 SYSTEMPATH\Boot.php(417): CodeIgniter\CodeIgniter->run()
10 SYSTEMPATH\Boot.php(68): CodeIgniter\Boot::runCodeIgniter(Object(CodeIgniter\CodeIgniter))
11 FCPATH\index.php(59): CodeIgniter\Boot::bootWeb(Object(Config\Paths))
DEBUG - 2026-07-26 13:48:44 --> Session: Class initialized using 'CodeIgniter\Session\Handlers\FileHandler' driver.
DEBUG - 2026-07-26 13:48:49 --> Session: Class initialized using 'CodeIgniter\Session\Handlers\FileHandler' driver.
CRITICAL - 2026-07-26 13:48:49 --> ErrorException: Undefined array key "id"
[Method: GET, Route: admin/profil/program-kerja]
in APPPATH\Views\admin\profil\program_kerja.php on line 171.
 1 APPPATH\Views\admin\profil\program_kerja.php(171): CodeIgniter\Debug\Exceptions->errorHandler(2, 'Undefined array key "id"', 'C:\\wamp64\\www\\pw-muhammadiyah\\app\\Views\\admin\\profil\\program_kerja.php', 171)
 2 SYSTEMPATH\View\View.php(240): include('C:\\wamp64\\www\\pw-muhammadiyah\\app\\Views\\admin\\profil\\program_kerja.php')
 3 SYSTEMPATH\View\View.php(243): CodeIgniter\View\View->CodeIgniter\View\{closure}()
 4 SYSTEMPATH\Common.php(1268): CodeIgniter\View\View->render('admin/profil/program_kerja', [], true)
 5 APPPATH\Controllers\Admin\Profil.php(338): view('admin/profil/program_kerja', [...])
 6 SYSTEMPATH\CodeIgniter.php(974): App\Controllers\Admin\Profil->programKerja()
 7 SYSTEMPATH\CodeIgniter.php(520): CodeIgniter\CodeIgniter->runController(Object(App\Controllers\Admin\Profil))
 8 SYSTEMPATH\CodeIgniter.php(363): CodeIgniter\CodeIgniter->handleRequest(null, Object(Config\Cache), false)
 9 SYSTEMPATH\Boot.php(417): CodeIgniter\CodeIgniter->run()
10 SYSTEMPATH\Boot.php(68): CodeIgniter\Boot::runCodeIgniter(Object(CodeIgniter\CodeIgniter))
11 FCPATH\index.php(59): CodeIgniter\Boot::bootWeb(Object(Config\Paths))
DEBUG - 2026-07-26 13:52:49 --> Session: Class initialized using 'CodeIgniter\Session\Handlers\FileHandler' driver.
DEBUG - 2026-07-26 13:53:10 --> Session: Class initialized using 'CodeIgniter\Session\Handlers\FileHandler' driver.
DEBUG - 2026-07-26 13:53:10 --> Session: Class initialized using 'CodeIgniter\Session\Handlers\FileHandler' driver.
DEBUG - 2026-07-26 13:54:40 --> Session: Class initialized using 'CodeIgniter\Session\Handlers\FileHandler' driver.
DEBUG - 2026-07-26 13:57:54 --> Session: Class initialized using 'CodeIgniter\Session\Handlers\FileHandler' driver.
ERROR - 2026-07-26 13:58:32 --> Unknown column 'program_kerja.id' in 'where clause'
in SYSTEMPATH\Database\MySQLi\Connection.php on line 300.
 1 SYSTEMPATH\Database\MySQLi\Connection.php(300): mysqli->query('SELECT *
FROM `program_kerja`
WHERE `program_kerja`.`id` = \'1\'', 0)
 2 SYSTEMPATH\Database\BaseConnection.php(908): CodeIgniter\Database\MySQLi\Connection->execute('SELECT *
FROM `program_kerja`
WHERE `program_kerja`.`id` = \'1\'')
 3 SYSTEMPATH\Database\BaseConnection.php(825): CodeIgniter\Database\BaseConnection->simpleQuery('SELECT *
FROM `program_kerja`
WHERE `program_kerja`.`id` = \'1\'')
 4 SYSTEMPATH\Database\BaseBuilder.php(1655): CodeIgniter\Database\BaseConnection->query('SELECT *
FROM `program_kerja`
WHERE `program_kerja`.`id` = :program_kerja.id:', [...], false)
 5 SYSTEMPATH\Model.php(194): CodeIgniter\Database\BaseBuilder->get()
 6 SYSTEMPATH\BaseModel.php(615): CodeIgniter\Model->doFind(true, '1')
 7 APPPATH\Controllers\Admin\Profil.php(368): CodeIgniter\BaseModel->find('1')
 8 SYSTEMPATH\CodeIgniter.php(974): App\Controllers\Admin\Profil->updateProgramKerja('1')
 9 SYSTEMPATH\CodeIgniter.php(520): CodeIgniter\CodeIgniter->runController(Object(App\Controllers\Admin\Profil))
10 SYSTEMPATH\CodeIgniter.php(363): CodeIgniter\CodeIgniter->handleRequest(null, Object(Config\Cache), false)
11 SYSTEMPATH\Boot.php(417): CodeIgniter\CodeIgniter->run()
12 SYSTEMPATH\Boot.php(68): CodeIgniter\Boot::runCodeIgniter(Object(CodeIgniter\CodeIgniter))
13 FCPATH\index.php(59): CodeIgniter\Boot::bootWeb(Object(Config\Paths))
CRITICAL - 2026-07-26 13:58:32 --> CodeIgniter\Database\Exceptions\DatabaseException: Unknown column 'program_kerja.id' in 'where clause'
[Method: POST, Route: admin/profil/program-kerja/update/1]
in SYSTEMPATH\Database\BaseConnection.php on line 863.
 1 SYSTEMPATH\Database\BaseBuilder.php(1655): CodeIgniter\Database\BaseConnection->query('SELECT *
FROM `program_kerja`
WHERE `program_kerja`.`id` = :program_kerja.id:', [...], false)
 2 SYSTEMPATH\Model.php(194): CodeIgniter\Database\BaseBuilder->get()
 3 SYSTEMPATH\BaseModel.php(615): CodeIgniter\Model->doFind(true, '1')
 4 APPPATH\Controllers\Admin\Profil.php(368): CodeIgniter\BaseModel->find('1')
 5 SYSTEMPATH\CodeIgniter.php(974): App\Controllers\Admin\Profil->updateProgramKerja('1')
 6 SYSTEMPATH\CodeIgniter.php(520): CodeIgniter\CodeIgniter->runController(Object(App\Controllers\Admin\Profil))
 7 SYSTEMPATH\CodeIgniter.php(363): CodeIgniter\CodeIgniter->handleRequest(null, Object(Config\Cache), false)
 8 SYSTEMPATH\Boot.php(417): CodeIgniter\CodeIgniter->run()
 9 SYSTEMPATH\Boot.php(68): CodeIgniter\Boot::runCodeIgniter(Object(CodeIgniter\CodeIgniter))
10 FCPATH\index.php(59): CodeIgniter\Boot::bootWeb(Object(Config\Paths))
CRITICAL - 2026-07-26 13:58:32 --> [Caused by] CodeIgniter\Database\Exceptions\DatabaseException: Unknown column 'program_kerja.id' in 'where clause'
in SYSTEMPATH\Database\MySQLi\Connection.php on line 310.
 1 SYSTEMPATH\Database\BaseConnection.php(908): CodeIgniter\Database\MySQLi\Connection->execute('SELECT *
FROM `program_kerja`
WHERE `program_kerja`.`id` = \'1\'')
 2 SYSTEMPATH\Database\BaseConnection.php(825): CodeIgniter\Database\BaseConnection->simpleQuery('SELECT *
FROM `program_kerja`
WHERE `program_kerja`.`id` = \'1\'')
 3 SYSTEMPATH\Database\BaseBuilder.php(1655): CodeIgniter\Database\BaseConnection->query('SELECT *
FROM `program_kerja`
WHERE `program_kerja`.`id` = :program_kerja.id:', [...], false)
 4 SYSTEMPATH\Model.php(194): CodeIgniter\Database\BaseBuilder->get()
 5 SYSTEMPATH\BaseModel.php(615): CodeIgniter\Model->doFind(true, '1')
 6 APPPATH\Controllers\Admin\Profil.php(368): CodeIgniter\BaseModel->find('1')
 7 SYSTEMPATH\CodeIgniter.php(974): App\Controllers\Admin\Profil->updateProgramKerja('1')
 8 SYSTEMPATH\CodeIgniter.php(520): CodeIgniter\CodeIgniter->runController(Object(App\Controllers\Admin\Profil))
 9 SYSTEMPATH\CodeIgniter.php(363): CodeIgniter\CodeIgniter->handleRequest(null, Object(Config\Cache), false)
10 SYSTEMPATH\Boot.php(417): CodeIgniter\CodeIgniter->run()
11 SYSTEMPATH\Boot.php(68): CodeIgniter\Boot::runCodeIgniter(Object(CodeIgniter\CodeIgniter))
12 FCPATH\index.php(59): CodeIgniter\Boot::bootWeb(Object(Config\Paths))
CRITICAL - 2026-07-26 13:58:32 --> [Caused by] mysqli_sql_exception: Unknown column 'program_kerja.id' in 'where clause'
in SYSTEMPATH\Database\MySQLi\Connection.php on line 300.
 1 SYSTEMPATH\Database\MySQLi\Connection.php(300): mysqli->query('SELECT *
FROM `program_kerja`
WHERE `program_kerja`.`id` = \'1\'', 0)
 2 SYSTEMPATH\Database\BaseConnection.php(908): CodeIgniter\Database\MySQLi\Connection->execute('SELECT *
FROM `program_kerja`
WHERE `program_kerja`.`id` = \'1\'')
 3 SYSTEMPATH\Database\BaseConnection.php(825): CodeIgniter\Database\BaseConnection->simpleQuery('SELECT *
FROM `program_kerja`
WHERE `program_kerja`.`id` = \'1\'')
 4 SYSTEMPATH\Database\BaseBuilder.php(1655): CodeIgniter\Database\BaseConnection->query('SELECT *
FROM `program_kerja`
WHERE `program_kerja`.`id` = :program_kerja.id:', [...], false)
 5 SYSTEMPATH\Model.php(194): CodeIgniter\Database\BaseBuilder->get()
 6 SYSTEMPATH\BaseModel.php(615): CodeIgniter\Model->doFind(true, '1')
 7 APPPATH\Controllers\Admin\Profil.php(368): CodeIgniter\BaseModel->find('1')
 8 SYSTEMPATH\CodeIgniter.php(974): App\Controllers\Admin\Profil->updateProgramKerja('1')
 9 SYSTEMPATH\CodeIgniter.php(520): CodeIgniter\CodeIgniter->runController(Object(App\Controllers\Admin\Profil))
10 SYSTEMPATH\CodeIgniter.php(363): CodeIgniter\CodeIgniter->handleRequest(null, Object(Config\Cache), false)
11 SYSTEMPATH\Boot.php(417): CodeIgniter\CodeIgniter->run()
12 SYSTEMPATH\Boot.php(68): CodeIgniter\Boot::runCodeIgniter(Object(CodeIgniter\CodeIgniter))
13 FCPATH\index.php(59): CodeIgniter\Boot::bootWeb(Object(Config\Paths))
DEBUG - 2026-07-26 13:58:36 --> Session: Class initialized using 'CodeIgniter\Session\Handlers\FileHandler' driver.
ERROR - 2026-07-26 13:58:47 --> Unknown column 'program_kerja.id' in 'where clause'
in SYSTEMPATH\Database\MySQLi\Connection.php on line 300.
 1 SYSTEMPATH\Database\MySQLi\Connection.php(300): mysqli->query('SELECT *
FROM `program_kerja`
WHERE `program_kerja`.`id` = \'1\'', 0)
 2 SYSTEMPATH\Database\BaseConnection.php(908): CodeIgniter\Database\MySQLi\Connection->execute('SELECT *
FROM `program_kerja`
WHERE `program_kerja`.`id` = \'1\'')
 3 SYSTEMPATH\Database\BaseConnection.php(825): CodeIgniter\Database\BaseConnection->simpleQuery('SELECT *
FROM `program_kerja`
WHERE `program_kerja`.`id` = \'1\'')
 4 SYSTEMPATH\Database\BaseBuilder.php(1655): CodeIgniter\Database\BaseConnection->query('SELECT *
FROM `program_kerja`
WHERE `program_kerja`.`id` = :program_kerja.id:', [...], false)
 5 SYSTEMPATH\Model.php(194): CodeIgniter\Database\BaseBuilder->get()
 6 SYSTEMPATH\BaseModel.php(615): CodeIgniter\Model->doFind(true, '1')
 7 APPPATH\Controllers\Admin\Profil.php(368): CodeIgniter\BaseModel->find('1')
 8 SYSTEMPATH\CodeIgniter.php(974): App\Controllers\Admin\Profil->updateProgramKerja('1')
 9 SYSTEMPATH\CodeIgniter.php(520): CodeIgniter\CodeIgniter->runController(Object(App\Controllers\Admin\Profil))
10 SYSTEMPATH\CodeIgniter.php(363): CodeIgniter\CodeIgniter->handleRequest(null, Object(Config\Cache), false)
11 SYSTEMPATH\Boot.php(417): CodeIgniter\CodeIgniter->run()
12 SYSTEMPATH\Boot.php(68): CodeIgniter\Boot::runCodeIgniter(Object(CodeIgniter\CodeIgniter))
13 FCPATH\index.php(59): CodeIgniter\Boot::bootWeb(Object(Config\Paths))
CRITICAL - 2026-07-26 13:58:47 --> CodeIgniter\Database\Exceptions\DatabaseException: Unknown column 'program_kerja.id' in 'where clause'
[Method: POST, Route: admin/profil/program-kerja/update/1]
in SYSTEMPATH\Database\BaseConnection.php on line 863.
 1 SYSTEMPATH\Database\BaseBuilder.php(1655): CodeIgniter\Database\BaseConnection->query('SELECT *
FROM `program_kerja`
WHERE `program_kerja`.`id` = :program_kerja.id:', [...], false)
 2 SYSTEMPATH\Model.php(194): CodeIgniter\Database\BaseBuilder->get()
 3 SYSTEMPATH\BaseModel.php(615): CodeIgniter\Model->doFind(true, '1')
 4 APPPATH\Controllers\Admin\Profil.php(368): CodeIgniter\BaseModel->find('1')
 5 SYSTEMPATH\CodeIgniter.php(974): App\Controllers\Admin\Profil->updateProgramKerja('1')
 6 SYSTEMPATH\CodeIgniter.php(520): CodeIgniter\CodeIgniter->runController(Object(App\Controllers\Admin\Profil))
 7 SYSTEMPATH\CodeIgniter.php(363): CodeIgniter\CodeIgniter->handleRequest(null, Object(Config\Cache), false)
 8 SYSTEMPATH\Boot.php(417): CodeIgniter\CodeIgniter->run()
 9 SYSTEMPATH\Boot.php(68): CodeIgniter\Boot::runCodeIgniter(Object(CodeIgniter\CodeIgniter))
10 FCPATH\index.php(59): CodeIgniter\Boot::bootWeb(Object(Config\Paths))
CRITICAL - 2026-07-26 13:58:47 --> [Caused by] CodeIgniter\Database\Exceptions\DatabaseException: Unknown column 'program_kerja.id' in 'where clause'
in SYSTEMPATH\Database\MySQLi\Connection.php on line 310.
 1 SYSTEMPATH\Database\BaseConnection.php(908): CodeIgniter\Database\MySQLi\Connection->execute('SELECT *
FROM `program_kerja`
WHERE `program_kerja`.`id` = \'1\'')
 2 SYSTEMPATH\Database\BaseConnection.php(825): CodeIgniter\Database\BaseConnection->simpleQuery('SELECT *
FROM `program_kerja`
WHERE `program_kerja`.`id` = \'1\'')
 3 SYSTEMPATH\Database\BaseBuilder.php(1655): CodeIgniter\Database\BaseConnection->query('SELECT *
FROM `program_kerja`
WHERE `program_kerja`.`id` = :program_kerja.id:', [...], false)
 4 SYSTEMPATH\Model.php(194): CodeIgniter\Database\BaseBuilder->get()
 5 SYSTEMPATH\BaseModel.php(615): CodeIgniter\Model->doFind(true, '1')
 6 APPPATH\Controllers\Admin\Profil.php(368): CodeIgniter\BaseModel->find('1')
 7 SYSTEMPATH\CodeIgniter.php(974): App\Controllers\Admin\Profil->updateProgramKerja('1')
 8 SYSTEMPATH\CodeIgniter.php(520): CodeIgniter\CodeIgniter->runController(Object(App\Controllers\Admin\Profil))
 9 SYSTEMPATH\CodeIgniter.php(363): CodeIgniter\CodeIgniter->handleRequest(null, Object(Config\Cache), false)
10 SYSTEMPATH\Boot.php(417): CodeIgniter\CodeIgniter->run()
11 SYSTEMPATH\Boot.php(68): CodeIgniter\Boot::runCodeIgniter(Object(CodeIgniter\CodeIgniter))
12 FCPATH\index.php(59): CodeIgniter\Boot::bootWeb(Object(Config\Paths))
CRITICAL - 2026-07-26 13:58:47 --> [Caused by] mysqli_sql_exception: Unknown column 'program_kerja.id' in 'where clause'
in SYSTEMPATH\Database\MySQLi\Connection.php on line 300.
 1 SYSTEMPATH\Database\MySQLi\Connection.php(300): mysqli->query('SELECT *
FROM `program_kerja`
WHERE `program_kerja`.`id` = \'1\'', 0)
 2 SYSTEMPATH\Database\BaseConnection.php(908): CodeIgniter\Database\MySQLi\Connection->execute('SELECT *
FROM `program_kerja`
WHERE `program_kerja`.`id` = \'1\'')
 3 SYSTEMPATH\Database\BaseConnection.php(825): CodeIgniter\Database\BaseConnection->simpleQuery('SELECT *
FROM `program_kerja`
WHERE `program_kerja`.`id` = \'1\'')
 4 SYSTEMPATH\Database\BaseBuilder.php(1655): CodeIgniter\Database\BaseConnection->query('SELECT *
FROM `program_kerja`
WHERE `program_kerja`.`id` = :program_kerja.id:', [...], false)
 5 SYSTEMPATH\Model.php(194): CodeIgniter\Database\BaseBuilder->get()
 6 SYSTEMPATH\BaseModel.php(615): CodeIgniter\Model->doFind(true, '1')
 7 APPPATH\Controllers\Admin\Profil.php(368): CodeIgniter\BaseModel->find('1')
 8 SYSTEMPATH\CodeIgniter.php(974): App\Controllers\Admin\Profil->updateProgramKerja('1')
 9 SYSTEMPATH\CodeIgniter.php(520): CodeIgniter\CodeIgniter->runController(Object(App\Controllers\Admin\Profil))
10 SYSTEMPATH\CodeIgniter.php(363): CodeIgniter\CodeIgniter->handleRequest(null, Object(Config\Cache), false)
11 SYSTEMPATH\Boot.php(417): CodeIgniter\CodeIgniter->run()
12 SYSTEMPATH\Boot.php(68): CodeIgniter\Boot::runCodeIgniter(Object(CodeIgniter\CodeIgniter))
13 FCPATH\index.php(59): CodeIgniter\Boot::bootWeb(Object(Config\Paths))
DEBUG - 2026-07-26 13:59:53 --> Session: Class initialized using 'CodeIgniter\Session\Handlers\FileHandler' driver.
DEBUG - 2026-07-26 13:59:53 --> Session: Class initialized using 'CodeIgniter\Session\Handlers\FileHandler' driver.
DEBUG - 2026-07-26 14:00:01 --> Session: Class initialized using 'CodeIgniter\Session\Handlers\FileHandler' driver.
DEBUG - 2026-07-26 14:00:02 --> Session: Class initialized using 'CodeIgniter\Session\Handlers\FileHandler' driver.
DEBUG - 2026-07-26 14:00:31 --> Session: Class initialized using 'CodeIgniter\Session\Handlers\FileHandler' driver.
CRITICAL - 2026-07-26 17:30:28 --> ParseError: syntax error, unexpected token "<", expecting "function" or "const"
[Method: GET, Route: admin/profil/program-kerja]
in APPPATH\Controllers\Admin\Profil.php on line 407.
 1 SYSTEMPATH\Autoloader\Autoloader.php(320): CodeIgniter\Autoloader\Autoloader->includeFile('C:\\wamp64\\www\\pw-muhammadiyah\\app\\Controllers\\Admin\\Profil.php')
 2 SYSTEMPATH\Autoloader\Autoloader.php(296): CodeIgniter\Autoloader\Autoloader->loadInNamespace('App\\Controllers\\Admin\\Profil')
 3 [internal function]: CodeIgniter\Autoloader\Autoloader->loadClass('App\\Controllers\\Admin\\Profil')
 4 SYSTEMPATH\Router\Router.php(790): class_exists('\\App\\Controllers\\Admin\\Profil')
 5 SYSTEMPATH\Router\Router.php(228): CodeIgniter\Router\Router->processRouteAttributes()
 6 SYSTEMPATH\CodeIgniter.php(852): CodeIgniter\Router\Router->handle('admin/profil/program-kerja')
 7 SYSTEMPATH\CodeIgniter.php(464): CodeIgniter\CodeIgniter->tryToRouteIt(Object(CodeIgniter\Router\RouteCollection))
 8 SYSTEMPATH\CodeIgniter.php(363): CodeIgniter\CodeIgniter->handleRequest(null, Object(Config\Cache), false)
 9 SYSTEMPATH\Boot.php(417): CodeIgniter\CodeIgniter->run()
10 SYSTEMPATH\Boot.php(68): CodeIgniter\Boot::runCodeIgniter(Object(CodeIgniter\CodeIgniter))
11 FCPATH\index.php(59): CodeIgniter\Boot::bootWeb(Object(Config\Paths))
CRITICAL - 2026-07-26 17:30:32 --> ParseError: syntax error, unexpected token "<", expecting "function" or "const"
[Method: GET, Route: admin/profil/struktur-organisasi]
in APPPATH\Controllers\Admin\Profil.php on line 407.
 1 SYSTEMPATH\Autoloader\Autoloader.php(320): CodeIgniter\Autoloader\Autoloader->includeFile('C:\\wamp64\\www\\pw-muhammadiyah\\app\\Controllers\\Admin\\Profil.php')
 2 SYSTEMPATH\Autoloader\Autoloader.php(296): CodeIgniter\Autoloader\Autoloader->loadInNamespace('App\\Controllers\\Admin\\Profil')
 3 [internal function]: CodeIgniter\Autoloader\Autoloader->loadClass('App\\Controllers\\Admin\\Profil')
 4 SYSTEMPATH\Router\Router.php(790): class_exists('\\App\\Controllers\\Admin\\Profil')
 5 SYSTEMPATH\Router\Router.php(228): CodeIgniter\Router\Router->processRouteAttributes()
 6 SYSTEMPATH\CodeIgniter.php(852): CodeIgniter\Router\Router->handle('admin/profil/struktur-organisasi')
 7 SYSTEMPATH\CodeIgniter.php(464): CodeIgniter\CodeIgniter->tryToRouteIt(Object(CodeIgniter\Router\RouteCollection))
 8 SYSTEMPATH\CodeIgniter.php(363): CodeIgniter\CodeIgniter->handleRequest(null, Object(Config\Cache), false)
 9 SYSTEMPATH\Boot.php(417): CodeIgniter\CodeIgniter->run()
10 SYSTEMPATH\Boot.php(68): CodeIgniter\Boot::runCodeIgniter(Object(CodeIgniter\CodeIgniter))
11 FCPATH\index.php(59): CodeIgniter\Boot::bootWeb(Object(Config\Paths))
CRITICAL - 2026-07-26 17:34:07 --> Error: Class "App\Models\AumModel" not found
[Method: GET, Route: admin/profil/program-kerja]
in APPPATH\Controllers\Admin\Profil.php on line 26.
 1 SYSTEMPATH\CodeIgniter.php(944): App\Controllers\Admin\Profil->__construct()
 2 SYSTEMPATH\CodeIgniter.php(511): CodeIgniter\CodeIgniter->createController()
 3 SYSTEMPATH\CodeIgniter.php(363): CodeIgniter\CodeIgniter->handleRequest(null, Object(Config\Cache), false)
 4 SYSTEMPATH\Boot.php(417): CodeIgniter\CodeIgniter->run()
 5 SYSTEMPATH\Boot.php(68): CodeIgniter\Boot::runCodeIgniter(Object(CodeIgniter\CodeIgniter))
 6 FCPATH\index.php(59): CodeIgniter\Boot::bootWeb(Object(Config\Paths))
CRITICAL - 2026-07-26 17:34:09 --> Error: Class "App\Models\AumModel" not found
[Method: GET, Route: admin/profil/program-kerja]
in APPPATH\Controllers\Admin\Profil.php on line 26.
 1 SYSTEMPATH\CodeIgniter.php(944): App\Controllers\Admin\Profil->__construct()
 2 SYSTEMPATH\CodeIgniter.php(511): CodeIgniter\CodeIgniter->createController()
 3 SYSTEMPATH\CodeIgniter.php(363): CodeIgniter\CodeIgniter->handleRequest(null, Object(Config\Cache), false)
 4 SYSTEMPATH\Boot.php(417): CodeIgniter\CodeIgniter->run()
 5 SYSTEMPATH\Boot.php(68): CodeIgniter\Boot::runCodeIgniter(Object(CodeIgniter\CodeIgniter))
 6 FCPATH\index.php(59): CodeIgniter\Boot::bootWeb(Object(Config\Paths))
CRITICAL - 2026-07-26 17:34:11 --> Error: Class "App\Models\AumModel" not found
[Method: GET, Route: admin/profil/visi-misi]
in APPPATH\Controllers\Admin\Profil.php on line 26.
 1 SYSTEMPATH\CodeIgniter.php(944): App\Controllers\Admin\Profil->__construct()
 2 SYSTEMPATH\CodeIgniter.php(511): CodeIgniter\CodeIgniter->createController()
 3 SYSTEMPATH\CodeIgniter.php(363): CodeIgniter\CodeIgniter->handleRequest(null, Object(Config\Cache), false)
 4 SYSTEMPATH\Boot.php(417): CodeIgniter\CodeIgniter->run()
 5 SYSTEMPATH\Boot.php(68): CodeIgniter\Boot::runCodeIgniter(Object(CodeIgniter\CodeIgniter))
 6 FCPATH\index.php(59): CodeIgniter\Boot::bootWeb(Object(Config\Paths))
CRITICAL - 2026-07-26 17:34:31 --> Error: Class "App\Models\AumModel" not found
[Method: GET, Route: admin/profil/aum]
in APPPATH\Controllers\Admin\Profil.php on line 26.
 1 SYSTEMPATH\CodeIgniter.php(944): App\Controllers\Admin\Profil->__construct()
 2 SYSTEMPATH\CodeIgniter.php(511): CodeIgniter\CodeIgniter->createController()
 3 SYSTEMPATH\CodeIgniter.php(363): CodeIgniter\CodeIgniter->handleRequest(null, Object(Config\Cache), false)
 4 SYSTEMPATH\Boot.php(417): CodeIgniter\CodeIgniter->run()
 5 SYSTEMPATH\Boot.php(68): CodeIgniter\Boot::runCodeIgniter(Object(CodeIgniter\CodeIgniter))
 6 FCPATH\index.php(59): CodeIgniter\Boot::bootWeb(Object(Config\Paths))
CRITICAL - 2026-07-26 17:34:55 --> Error: Class "App\Models\AumModel" not found
[Method: GET, Route: admin/profil/aum]
in APPPATH\Controllers\Admin\Profil.php on line 26.
 1 SYSTEMPATH\CodeIgniter.php(944): App\Controllers\Admin\Profil->__construct()
 2 SYSTEMPATH\CodeIgniter.php(511): CodeIgniter\CodeIgniter->createController()
 3 SYSTEMPATH\CodeIgniter.php(363): CodeIgniter\CodeIgniter->handleRequest(null, Object(Config\Cache), false)
 4 SYSTEMPATH\Boot.php(417): CodeIgniter\CodeIgniter->run()
 5 SYSTEMPATH\Boot.php(68): CodeIgniter\Boot::runCodeIgniter(Object(CodeIgniter\CodeIgniter))
 6 FCPATH\index.php(59): CodeIgniter\Boot::bootWeb(Object(Config\Paths))
ERROR - 2026-07-26 17:36:35 --> Table 'db_pwmuhammadiyah.aum' doesn't exist
in SYSTEMPATH\Database\MySQLi\Connection.php on line 300.
 1 SYSTEMPATH\Database\MySQLi\Connection.php(300): mysqli->query('SELECT *
FROM `aum`', 0)
 2 SYSTEMPATH\Database\BaseConnection.php(908): CodeIgniter\Database\MySQLi\Connection->execute('SELECT *
FROM `aum`')
 3 SYSTEMPATH\Database\BaseConnection.php(825): CodeIgniter\Database\BaseConnection->simpleQuery('SELECT *
FROM `aum`')
 4 SYSTEMPATH\Database\BaseBuilder.php(1655): CodeIgniter\Database\BaseConnection->query('SELECT *
FROM `aum`', [], false)
 5 SYSTEMPATH\Model.php(255): CodeIgniter\Database\BaseBuilder->get()
 6 SYSTEMPATH\BaseModel.php(676): CodeIgniter\Model->doFindAll(0, 0)
 7 APPPATH\Controllers\Admin\Profil.php(425): CodeIgniter\BaseModel->findAll()
 8 SYSTEMPATH\CodeIgniter.php(974): App\Controllers\Admin\Profil->aum()
 9 SYSTEMPATH\CodeIgniter.php(520): CodeIgniter\CodeIgniter->runController(Object(App\Controllers\Admin\Profil))
10 SYSTEMPATH\CodeIgniter.php(363): CodeIgniter\CodeIgniter->handleRequest(null, Object(Config\Cache), false)
11 SYSTEMPATH\Boot.php(417): CodeIgniter\CodeIgniter->run()
12 SYSTEMPATH\Boot.php(68): CodeIgniter\Boot::runCodeIgniter(Object(CodeIgniter\CodeIgniter))
13 FCPATH\index.php(59): CodeIgniter\Boot::bootWeb(Object(Config\Paths))
CRITICAL - 2026-07-26 17:36:35 --> CodeIgniter\Database\Exceptions\DatabaseException: Table 'db_pwmuhammadiyah.aum' doesn't exist
[Method: GET, Route: admin/profil/aum]
in SYSTEMPATH\Database\BaseConnection.php on line 863.
 1 SYSTEMPATH\Database\BaseBuilder.php(1655): CodeIgniter\Database\BaseConnection->query('SELECT *
FROM `aum`', [], false)
 2 SYSTEMPATH\Model.php(255): CodeIgniter\Database\BaseBuilder->get()
 3 SYSTEMPATH\BaseModel.php(676): CodeIgniter\Model->doFindAll(0, 0)
 4 APPPATH\Controllers\Admin\Profil.php(425): CodeIgniter\BaseModel->findAll()
 5 SYSTEMPATH\CodeIgniter.php(974): App\Controllers\Admin\Profil->aum()
 6 SYSTEMPATH\CodeIgniter.php(520): CodeIgniter\CodeIgniter->runController(Object(App\Controllers\Admin\Profil))
 7 SYSTEMPATH\CodeIgniter.php(363): CodeIgniter\CodeIgniter->handleRequest(null, Object(Config\Cache), false)
 8 SYSTEMPATH\Boot.php(417): CodeIgniter\CodeIgniter->run()
 9 SYSTEMPATH\Boot.php(68): CodeIgniter\Boot::runCodeIgniter(Object(CodeIgniter\CodeIgniter))
10 FCPATH\index.php(59): CodeIgniter\Boot::bootWeb(Object(Config\Paths))
CRITICAL - 2026-07-26 17:36:35 --> [Caused by] CodeIgniter\Database\Exceptions\DatabaseException: Table 'db_pwmuhammadiyah.aum' doesn't exist
in SYSTEMPATH\Database\MySQLi\Connection.php on line 310.
 1 SYSTEMPATH\Database\BaseConnection.php(908): CodeIgniter\Database\MySQLi\Connection->execute('SELECT *
FROM `aum`')
 2 SYSTEMPATH\Database\BaseConnection.php(825): CodeIgniter\Database\BaseConnection->simpleQuery('SELECT *
FROM `aum`')
 3 SYSTEMPATH\Database\BaseBuilder.php(1655): CodeIgniter\Database\BaseConnection->query('SELECT *
FROM `aum`', [], false)
 4 SYSTEMPATH\Model.php(255): CodeIgniter\Database\BaseBuilder->get()
 5 SYSTEMPATH\BaseModel.php(676): CodeIgniter\Model->doFindAll(0, 0)
 6 APPPATH\Controllers\Admin\Profil.php(425): CodeIgniter\BaseModel->findAll()
 7 SYSTEMPATH\CodeIgniter.php(974): App\Controllers\Admin\Profil->aum()
 8 SYSTEMPATH\CodeIgniter.php(520): CodeIgniter\CodeIgniter->runController(Object(App\Controllers\Admin\Profil))
 9 SYSTEMPATH\CodeIgniter.php(363): CodeIgniter\CodeIgniter->handleRequest(null, Object(Config\Cache), false)
10 SYSTEMPATH\Boot.php(417): CodeIgniter\CodeIgniter->run()
11 SYSTEMPATH\Boot.php(68): CodeIgniter\Boot::runCodeIgniter(Object(CodeIgniter\CodeIgniter))
12 FCPATH\index.php(59): CodeIgniter\Boot::bootWeb(Object(Config\Paths))
CRITICAL - 2026-07-26 17:36:35 --> [Caused by] mysqli_sql_exception: Table 'db_pwmuhammadiyah.aum' doesn't exist
in SYSTEMPATH\Database\MySQLi\Connection.php on line 300.
 1 SYSTEMPATH\Database\MySQLi\Connection.php(300): mysqli->query('SELECT *
FROM `aum`', 0)
 2 SYSTEMPATH\Database\BaseConnection.php(908): CodeIgniter\Database\MySQLi\Connection->execute('SELECT *
FROM `aum`')
 3 SYSTEMPATH\Database\BaseConnection.php(825): CodeIgniter\Database\BaseConnection->simpleQuery('SELECT *
FROM `aum`')
 4 SYSTEMPATH\Database\BaseBuilder.php(1655): CodeIgniter\Database\BaseConnection->query('SELECT *
FROM `aum`', [], false)
 5 SYSTEMPATH\Model.php(255): CodeIgniter\Database\BaseBuilder->get()
 6 SYSTEMPATH\BaseModel.php(676): CodeIgniter\Model->doFindAll(0, 0)
 7 APPPATH\Controllers\Admin\Profil.php(425): CodeIgniter\BaseModel->findAll()
 8 SYSTEMPATH\CodeIgniter.php(974): App\Controllers\Admin\Profil->aum()
 9 SYSTEMPATH\CodeIgniter.php(520): CodeIgniter\CodeIgniter->runController(Object(App\Controllers\Admin\Profil))
10 SYSTEMPATH\CodeIgniter.php(363): CodeIgniter\CodeIgniter->handleRequest(null, Object(Config\Cache), false)
11 SYSTEMPATH\Boot.php(417): CodeIgniter\CodeIgniter->run()
12 SYSTEMPATH\Boot.php(68): CodeIgniter\Boot::runCodeIgniter(Object(CodeIgniter\CodeIgniter))
13 FCPATH\index.php(59): CodeIgniter\Boot::bootWeb(Object(Config\Paths))
CRITICAL - 2026-07-26 17:38:05 --> ErrorException: require_once(C:\wamp64\www\pw-muhammadiyah\app\Views\admin\profil/../../controller/admin/profil.php): Failed to open stream: No such file or directory
[Method: GET, Route: admin/profil/aum]
in APPPATH\Views\admin\profil\aum.php on line 5.
 1 APPPATH\Views\admin\profil\aum.php(5): CodeIgniter\Debug\Exceptions->errorHandler(2, 'require_once(C:\\wamp64\\www\\pw-muhammadiyah\\app\\Views\\admin\\profil/../../controller/admin/profil.php): Failed to open stream: No such file or directory', 'C:\\wamp64\\www\\pw-muhammadiyah\\app\\Views\\admin\\profil\\aum.php', 5)
 2 APPPATH\Views\admin\profil\aum.php(5): require_once()
 3 SYSTEMPATH\View\View.php(240): include('C:\\wamp64\\www\\pw-muhammadiyah\\app\\Views\\admin\\profil\\aum.php')
 4 SYSTEMPATH\View\View.php(243): CodeIgniter\View\View->CodeIgniter\View\{closure}()
 5 SYSTEMPATH\Common.php(1268): CodeIgniter\View\View->render('admin/profil/aum', [], true)
 6 APPPATH\Controllers\Admin\Profil.php(429): view('admin/profil/aum', [...])
 7 SYSTEMPATH\CodeIgniter.php(974): App\Controllers\Admin\Profil->aum()
 8 SYSTEMPATH\CodeIgniter.php(520): CodeIgniter\CodeIgniter->runController(Object(App\Controllers\Admin\Profil))
 9 SYSTEMPATH\CodeIgniter.php(363): CodeIgniter\CodeIgniter->handleRequest(null, Object(Config\Cache), false)
10 SYSTEMPATH\Boot.php(417): CodeIgniter\CodeIgniter->run()
11 SYSTEMPATH\Boot.php(68): CodeIgniter\Boot::runCodeIgniter(Object(CodeIgniter\CodeIgniter))
12 FCPATH\index.php(59): CodeIgniter\Boot::bootWeb(Object(Config\Paths))
CRITICAL - 2026-07-26 17:39:41 --> ErrorException: require_once(C:\wamp64\www\pw-muhammadiyah\app\Views\admin\profil/../../controller/admin/profil.php): Failed to open stream: No such file or directory
[Method: GET, Route: admin/profil/aum]
in APPPATH\Views\admin\profil\aum.php on line 5.
 1 APPPATH\Views\admin\profil\aum.php(5): CodeIgniter\Debug\Exceptions->errorHandler(2, 'require_once(C:\\wamp64\\www\\pw-muhammadiyah\\app\\Views\\admin\\profil/../../controller/admin/profil.php): Failed to open stream: No such file or directory', 'C:\\wamp64\\www\\pw-muhammadiyah\\app\\Views\\admin\\profil\\aum.php', 5)
 2 APPPATH\Views\admin\profil\aum.php(5): require_once()
 3 SYSTEMPATH\View\View.php(240): include('C:\\wamp64\\www\\pw-muhammadiyah\\app\\Views\\admin\\profil\\aum.php')
 4 SYSTEMPATH\View\View.php(243): CodeIgniter\View\View->CodeIgniter\View\{closure}()
 5 SYSTEMPATH\Common.php(1268): CodeIgniter\View\View->render('admin/profil/aum', [], true)
 6 APPPATH\Controllers\Admin\Profil.php(429): view('admin/profil/aum', [...])
 7 SYSTEMPATH\CodeIgniter.php(974): App\Controllers\Admin\Profil->aum()
 8 SYSTEMPATH\CodeIgniter.php(520): CodeIgniter\CodeIgniter->runController(Object(App\Controllers\Admin\Profil))
 9 SYSTEMPATH\CodeIgniter.php(363): CodeIgniter\CodeIgniter->handleRequest(null, Object(Config\Cache), false)
10 SYSTEMPATH\Boot.php(417): CodeIgniter\CodeIgniter->run()
11 SYSTEMPATH\Boot.php(68): CodeIgniter\Boot::runCodeIgniter(Object(CodeIgniter\CodeIgniter))
12 FCPATH\index.php(59): CodeIgniter\Boot::bootWeb(Object(Config\Paths))
CRITICAL - 2026-07-26 17:39:43 --> ErrorException: require_once(C:\wamp64\www\pw-muhammadiyah\app\Views\admin\profil/../../controller/admin/profil.php): Failed to open stream: No such file or directory
[Method: GET, Route: admin/profil/aum]
in APPPATH\Views\admin\profil\aum.php on line 5.
 1 APPPATH\Views\admin\profil\aum.php(5): CodeIgniter\Debug\Exceptions->errorHandler(2, 'require_once(C:\\wamp64\\www\\pw-muhammadiyah\\app\\Views\\admin\\profil/../../controller/admin/profil.php): Failed to open stream: No such file or directory', 'C:\\wamp64\\www\\pw-muhammadiyah\\app\\Views\\admin\\profil\\aum.php', 5)
 2 APPPATH\Views\admin\profil\aum.php(5): require_once()
 3 SYSTEMPATH\View\View.php(240): include('C:\\wamp64\\www\\pw-muhammadiyah\\app\\Views\\admin\\profil\\aum.php')
 4 SYSTEMPATH\View\View.php(243): CodeIgniter\View\View->CodeIgniter\View\{closure}()
 5 SYSTEMPATH\Common.php(1268): CodeIgniter\View\View->render('admin/profil/aum', [], true)
 6 APPPATH\Controllers\Admin\Profil.php(429): view('admin/profil/aum', [...])
 7 SYSTEMPATH\CodeIgniter.php(974): App\Controllers\Admin\Profil->aum()
 8 SYSTEMPATH\CodeIgniter.php(520): CodeIgniter\CodeIgniter->runController(Object(App\Controllers\Admin\Profil))
 9 SYSTEMPATH\CodeIgniter.php(363): CodeIgniter\CodeIgniter->handleRequest(null, Object(Config\Cache), false)
10 SYSTEMPATH\Boot.php(417): CodeIgniter\CodeIgniter->run()
11 SYSTEMPATH\Boot.php(68): CodeIgniter\Boot::runCodeIgniter(Object(CodeIgniter\CodeIgniter))
12 FCPATH\index.php(59): CodeIgniter\Boot::bootWeb(Object(Config\Paths))
DEBUG - 2026-07-26 17:45:54 --> Session: Class initialized using 'CodeIgniter\Session\Handlers\FileHandler' driver.
DEBUG - 2026-07-26 17:46:48 --> Session: Class initialized using 'CodeIgniter\Session\Handlers\FileHandler' driver.
DEBUG - 2026-07-26 17:48:12 --> Session: Class initialized using 'CodeIgniter\Session\Handlers\FileHandler' driver.
DEBUG - 2026-07-26 17:48:15 --> Session: Class initialized using 'CodeIgniter\Session\Handlers\FileHandler' driver.
DEBUG - 2026-07-26 17:51:38 --> Session: Class initialized using 'CodeIgniter\Session\Handlers\FileHandler' driver.
ERROR - 2026-07-26 17:52:14 --> Unknown column 'updated_at' in 'field list'
in SYSTEMPATH\Database\MySQLi\Connection.php on line 300.
 1 SYSTEMPATH\Database\MySQLi\Connection.php(300): mysqli->query('INSERT INTO `aum` (`nama_aum`, `pimpinan`, `telepon`, `email`, `alamat`, `created_at`, `updated_at`) VALUES (\'adadad\', \'dad\', \'0888\', \'12basry@gmail.com\', \'aeda\', \'2026-07-26 17:52:14\', \'2026-07-26 17:52:14\')', 0)
 2 SYSTEMPATH\Database\BaseConnection.php(908): CodeIgniter\Database\MySQLi\Connection->execute('INSERT INTO `aum` (`nama_aum`, `pimpinan`, `telepon`, `email`, `alamat`, `created_at`, `updated_at`) VALUES (\'adadad\', \'dad\', \'0888\', \'12basry@gmail.com\', \'aeda\', \'2026-07-26 17:52:14\', \'2026-07-26 17:52:14\')')
 3 SYSTEMPATH\Database\BaseConnection.php(825): CodeIgniter\Database\BaseConnection->simpleQuery('INSERT INTO `aum` (`nama_aum`, `pimpinan`, `telepon`, `email`, `alamat`, `created_at`, `updated_at`) VALUES (\'adadad\', \'dad\', \'0888\', \'12basry@gmail.com\', \'aeda\', \'2026-07-26 17:52:14\', \'2026-07-26 17:52:14\')')
 4 SYSTEMPATH\Database\BaseBuilder.php(2351): CodeIgniter\Database\BaseConnection->query('INSERT INTO `aum` (`nama_aum`, `pimpinan`, `telepon`, `email`, `alamat`, `created_at`, `updated_at`) VALUES (:nama_aum:, :pimpinan:, :telepon:, :email:, :alamat:, :created_at:, :updated_at:)', [...], false)
 5 SYSTEMPATH\Model.php(357): CodeIgniter\Database\BaseBuilder->insert()
 6 SYSTEMPATH\BaseModel.php(899): CodeIgniter\Model->doInsert([...])
 7 SYSTEMPATH\Model.php(670): CodeIgniter\BaseModel->insert([...], false)
 8 SYSTEMPATH\BaseModel.php(752): CodeIgniter\Model->insert([...], false)
 9 APPPATH\Controllers\Admin\Profil.php(68): CodeIgniter\BaseModel->save([...])
10 SYSTEMPATH\CodeIgniter.php(974): App\Controllers\Admin\Profil->simpanAum()
11 SYSTEMPATH\CodeIgniter.php(520): CodeIgniter\CodeIgniter->runController(Object(App\Controllers\Admin\Profil))
12 SYSTEMPATH\CodeIgniter.php(363): CodeIgniter\CodeIgniter->handleRequest(null, Object(Config\Cache), false)
13 SYSTEMPATH\Boot.php(417): CodeIgniter\CodeIgniter->run()
14 SYSTEMPATH\Boot.php(68): CodeIgniter\Boot::runCodeIgniter(Object(CodeIgniter\CodeIgniter))
15 FCPATH\index.php(59): CodeIgniter\Boot::bootWeb(Object(Config\Paths))
CRITICAL - 2026-07-26 17:52:14 --> CodeIgniter\Database\Exceptions\DatabaseException: Unknown column 'updated_at' in 'field list'
[Method: POST, Route: admin/profil/aum/simpan]
in SYSTEMPATH\Database\BaseConnection.php on line 863.
 1 SYSTEMPATH\Database\BaseBuilder.php(2351): CodeIgniter\Database\BaseConnection->query('INSERT INTO `aum` (`nama_aum`, `pimpinan`, `telepon`, `email`, `alamat`, `created_at`, `updated_at`) VALUES (:nama_aum:, :pimpinan:, :telepon:, :email:, :alamat:, :created_at:, :updated_at:)', [...], false)
 2 SYSTEMPATH\Model.php(357): CodeIgniter\Database\BaseBuilder->insert()
 3 SYSTEMPATH\BaseModel.php(899): CodeIgniter\Model->doInsert([...])
 4 SYSTEMPATH\Model.php(670): CodeIgniter\BaseModel->insert([...], false)
 5 SYSTEMPATH\BaseModel.php(752): CodeIgniter\Model->insert([...], false)
 6 APPPATH\Controllers\Admin\Profil.php(68): CodeIgniter\BaseModel->save([...])
 7 SYSTEMPATH\CodeIgniter.php(974): App\Controllers\Admin\Profil->simpanAum()
 8 SYSTEMPATH\CodeIgniter.php(520): CodeIgniter\CodeIgniter->runController(Object(App\Controllers\Admin\Profil))
 9 SYSTEMPATH\CodeIgniter.php(363): CodeIgniter\CodeIgniter->handleRequest(null, Object(Config\Cache), false)
10 SYSTEMPATH\Boot.php(417): CodeIgniter\CodeIgniter->run()
11 SYSTEMPATH\Boot.php(68): CodeIgniter\Boot::runCodeIgniter(Object(CodeIgniter\CodeIgniter))
12 FCPATH\index.php(59): CodeIgniter\Boot::bootWeb(Object(Config\Paths))
CRITICAL - 2026-07-26 17:52:14 --> [Caused by] CodeIgniter\Database\Exceptions\DatabaseException: Unknown column 'updated_at' in 'field list'
in SYSTEMPATH\Database\MySQLi\Connection.php on line 310.
 1 SYSTEMPATH\Database\BaseConnection.php(908): CodeIgniter\Database\MySQLi\Connection->execute('INSERT INTO `aum` (`nama_aum`, `pimpinan`, `telepon`, `email`, `alamat`, `created_at`, `updated_at`) VALUES (\'adadad\', \'dad\', \'0888\', \'12basry@gmail.com\', \'aeda\', \'2026-07-26 17:52:14\', \'2026-07-26 17:52:14\')')
 2 SYSTEMPATH\Database\BaseConnection.php(825): CodeIgniter\Database\BaseConnection->simpleQuery('INSERT INTO `aum` (`nama_aum`, `pimpinan`, `telepon`, `email`, `alamat`, `created_at`, `updated_at`) VALUES (\'adadad\', \'dad\', \'0888\', \'12basry@gmail.com\', \'aeda\', \'2026-07-26 17:52:14\', \'2026-07-26 17:52:14\')')
 3 SYSTEMPATH\Database\BaseBuilder.php(2351): CodeIgniter\Database\BaseConnection->query('INSERT INTO `aum` (`nama_aum`, `pimpinan`, `telepon`, `email`, `alamat`, `created_at`, `updated_at`) VALUES (:nama_aum:, :pimpinan:, :telepon:, :email:, :alamat:, :created_at:, :updated_at:)', [...], false)
 4 SYSTEMPATH\Model.php(357): CodeIgniter\Database\BaseBuilder->insert()
 5 SYSTEMPATH\BaseModel.php(899): CodeIgniter\Model->doInsert([...])
 6 SYSTEMPATH\Model.php(670): CodeIgniter\BaseModel->insert([...], false)
 7 SYSTEMPATH\BaseModel.php(752): CodeIgniter\Model->insert([...], false)
 8 APPPATH\Controllers\Admin\Profil.php(68): CodeIgniter\BaseModel->save([...])
 9 SYSTEMPATH\CodeIgniter.php(974): App\Controllers\Admin\Profil->simpanAum()
10 SYSTEMPATH\CodeIgniter.php(520): CodeIgniter\CodeIgniter->runController(Object(App\Controllers\Admin\Profil))
11 SYSTEMPATH\CodeIgniter.php(363): CodeIgniter\CodeIgniter->handleRequest(null, Object(Config\Cache), false)
12 SYSTEMPATH\Boot.php(417): CodeIgniter\CodeIgniter->run()
13 SYSTEMPATH\Boot.php(68): CodeIgniter\Boot::runCodeIgniter(Object(CodeIgniter\CodeIgniter))
14 FCPATH\index.php(59): CodeIgniter\Boot::bootWeb(Object(Config\Paths))
CRITICAL - 2026-07-26 17:52:14 --> [Caused by] mysqli_sql_exception: Unknown column 'updated_at' in 'field list'
in SYSTEMPATH\Database\MySQLi\Connection.php on line 300.
 1 SYSTEMPATH\Database\MySQLi\Connection.php(300): mysqli->query('INSERT INTO `aum` (`nama_aum`, `pimpinan`, `telepon`, `email`, `alamat`, `created_at`, `updated_at`) VALUES (\'adadad\', \'dad\', \'0888\', \'12basry@gmail.com\', \'aeda\', \'2026-07-26 17:52:14\', \'2026-07-26 17:52:14\')', 0)
 2 SYSTEMPATH\Database\BaseConnection.php(908): CodeIgniter\Database\MySQLi\Connection->execute('INSERT INTO `aum` (`nama_aum`, `pimpinan`, `telepon`, `email`, `alamat`, `created_at`, `updated_at`) VALUES (\'adadad\', \'dad\', \'0888\', \'12basry@gmail.com\', \'aeda\', \'2026-07-26 17:52:14\', \'2026-07-26 17:52:14\')')
 3 SYSTEMPATH\Database\BaseConnection.php(825): CodeIgniter\Database\BaseConnection->simpleQuery('INSERT INTO `aum` (`nama_aum`, `pimpinan`, `telepon`, `email`, `alamat`, `created_at`, `updated_at`) VALUES (\'adadad\', \'dad\', \'0888\', \'12basry@gmail.com\', \'aeda\', \'2026-07-26 17:52:14\', \'2026-07-26 17:52:14\')')
 4 SYSTEMPATH\Database\BaseBuilder.php(2351): CodeIgniter\Database\BaseConnection->query('INSERT INTO `aum` (`nama_aum`, `pimpinan`, `telepon`, `email`, `alamat`, `created_at`, `updated_at`) VALUES (:nama_aum:, :pimpinan:, :telepon:, :email:, :alamat:, :created_at:, :updated_at:)', [...], false)
 5 SYSTEMPATH\Model.php(357): CodeIgniter\Database\BaseBuilder->insert()
 6 SYSTEMPATH\BaseModel.php(899): CodeIgniter\Model->doInsert([...])
 7 SYSTEMPATH\Model.php(670): CodeIgniter\BaseModel->insert([...], false)
 8 SYSTEMPATH\BaseModel.php(752): CodeIgniter\Model->insert([...], false)
 9 APPPATH\Controllers\Admin\Profil.php(68): CodeIgniter\BaseModel->save([...])
10 SYSTEMPATH\CodeIgniter.php(974): App\Controllers\Admin\Profil->simpanAum()
11 SYSTEMPATH\CodeIgniter.php(520): CodeIgniter\CodeIgniter->runController(Object(App\Controllers\Admin\Profil))
12 SYSTEMPATH\CodeIgniter.php(363): CodeIgniter\CodeIgniter->handleRequest(null, Object(Config\Cache), false)
13 SYSTEMPATH\Boot.php(417): CodeIgniter\CodeIgniter->run()
14 SYSTEMPATH\Boot.php(68): CodeIgniter\Boot::runCodeIgniter(Object(CodeIgniter\CodeIgniter))
15 FCPATH\index.php(59): CodeIgniter\Boot::bootWeb(Object(Config\Paths))
ERROR - 2026-07-26 17:55:02 --> Unknown column 'updated_at' in 'field list'
in SYSTEMPATH\Database\MySQLi\Connection.php on line 300.
 1 SYSTEMPATH\Database\MySQLi\Connection.php(300): mysqli->query('INSERT INTO `aum` (`nama_aum`, `pimpinan`, `telepon`, `email`, `alamat`, `created_at`, `updated_at`) VALUES (\'adadad\', \'dad\', \'0888\', \'12basry@gmail.com\', \'aeda\', \'2026-07-26 17:55:02\', \'2026-07-26 17:55:02\')', 0)
 2 SYSTEMPATH\Database\BaseConnection.php(908): CodeIgniter\Database\MySQLi\Connection->execute('INSERT INTO `aum` (`nama_aum`, `pimpinan`, `telepon`, `email`, `alamat`, `created_at`, `updated_at`) VALUES (\'adadad\', \'dad\', \'0888\', \'12basry@gmail.com\', \'aeda\', \'2026-07-26 17:55:02\', \'2026-07-26 17:55:02\')')
 3 SYSTEMPATH\Database\BaseConnection.php(825): CodeIgniter\Database\BaseConnection->simpleQuery('INSERT INTO `aum` (`nama_aum`, `pimpinan`, `telepon`, `email`, `alamat`, `created_at`, `updated_at`) VALUES (\'adadad\', \'dad\', \'0888\', \'12basry@gmail.com\', \'aeda\', \'2026-07-26 17:55:02\', \'2026-07-26 17:55:02\')')
 4 SYSTEMPATH\Database\BaseBuilder.php(2351): CodeIgniter\Database\BaseConnection->query('INSERT INTO `aum` (`nama_aum`, `pimpinan`, `telepon`, `email`, `alamat`, `created_at`, `updated_at`) VALUES (:nama_aum:, :pimpinan:, :telepon:, :email:, :alamat:, :created_at:, :updated_at:)', [...], false)
 5 SYSTEMPATH\Model.php(357): CodeIgniter\Database\BaseBuilder->insert()
 6 SYSTEMPATH\BaseModel.php(899): CodeIgniter\Model->doInsert([...])
 7 SYSTEMPATH\Model.php(670): CodeIgniter\BaseModel->insert([...], false)
 8 SYSTEMPATH\BaseModel.php(752): CodeIgniter\Model->insert([...], false)
 9 APPPATH\Controllers\Admin\Profil.php(68): CodeIgniter\BaseModel->save([...])
10 SYSTEMPATH\CodeIgniter.php(974): App\Controllers\Admin\Profil->simpanAum()
11 SYSTEMPATH\CodeIgniter.php(520): CodeIgniter\CodeIgniter->runController(Object(App\Controllers\Admin\Profil))
12 SYSTEMPATH\CodeIgniter.php(363): CodeIgniter\CodeIgniter->handleRequest(null, Object(Config\Cache), false)
13 SYSTEMPATH\Boot.php(417): CodeIgniter\CodeIgniter->run()
14 SYSTEMPATH\Boot.php(68): CodeIgniter\Boot::runCodeIgniter(Object(CodeIgniter\CodeIgniter))
15 FCPATH\index.php(59): CodeIgniter\Boot::bootWeb(Object(Config\Paths))
CRITICAL - 2026-07-26 17:55:02 --> CodeIgniter\Database\Exceptions\DatabaseException: Unknown column 'updated_at' in 'field list'
[Method: POST, Route: admin/profil/aum/simpan]
in SYSTEMPATH\Database\BaseConnection.php on line 863.
 1 SYSTEMPATH\Database\BaseBuilder.php(2351): CodeIgniter\Database\BaseConnection->query('INSERT INTO `aum` (`nama_aum`, `pimpinan`, `telepon`, `email`, `alamat`, `created_at`, `updated_at`) VALUES (:nama_aum:, :pimpinan:, :telepon:, :email:, :alamat:, :created_at:, :updated_at:)', [...], false)
 2 SYSTEMPATH\Model.php(357): CodeIgniter\Database\BaseBuilder->insert()
 3 SYSTEMPATH\BaseModel.php(899): CodeIgniter\Model->doInsert([...])
 4 SYSTEMPATH\Model.php(670): CodeIgniter\BaseModel->insert([...], false)
 5 SYSTEMPATH\BaseModel.php(752): CodeIgniter\Model->insert([...], false)
 6 APPPATH\Controllers\Admin\Profil.php(68): CodeIgniter\BaseModel->save([...])
 7 SYSTEMPATH\CodeIgniter.php(974): App\Controllers\Admin\Profil->simpanAum()
 8 SYSTEMPATH\CodeIgniter.php(520): CodeIgniter\CodeIgniter->runController(Object(App\Controllers\Admin\Profil))
 9 SYSTEMPATH\CodeIgniter.php(363): CodeIgniter\CodeIgniter->handleRequest(null, Object(Config\Cache), false)
10 SYSTEMPATH\Boot.php(417): CodeIgniter\CodeIgniter->run()
11 SYSTEMPATH\Boot.php(68): CodeIgniter\Boot::runCodeIgniter(Object(CodeIgniter\CodeIgniter))
12 FCPATH\index.php(59): CodeIgniter\Boot::bootWeb(Object(Config\Paths))
CRITICAL - 2026-07-26 17:55:02 --> [Caused by] CodeIgniter\Database\Exceptions\DatabaseException: Unknown column 'updated_at' in 'field list'
in SYSTEMPATH\Database\MySQLi\Connection.php on line 310.
 1 SYSTEMPATH\Database\BaseConnection.php(908): CodeIgniter\Database\MySQLi\Connection->execute('INSERT INTO `aum` (`nama_aum`, `pimpinan`, `telepon`, `email`, `alamat`, `created_at`, `updated_at`) VALUES (\'adadad\', \'dad\', \'0888\', \'12basry@gmail.com\', \'aeda\', \'2026-07-26 17:55:02\', \'2026-07-26 17:55:02\')')
 2 SYSTEMPATH\Database\BaseConnection.php(825): CodeIgniter\Database\BaseConnection->simpleQuery('INSERT INTO `aum` (`nama_aum`, `pimpinan`, `telepon`, `email`, `alamat`, `created_at`, `updated_at`) VALUES (\'adadad\', \'dad\', \'0888\', \'12basry@gmail.com\', \'aeda\', \'2026-07-26 17:55:02\', \'2026-07-26 17:55:02\')')
 3 SYSTEMPATH\Database\BaseBuilder.php(2351): CodeIgniter\Database\BaseConnection->query('INSERT INTO `aum` (`nama_aum`, `pimpinan`, `telepon`, `email`, `alamat`, `created_at`, `updated_at`) VALUES (:nama_aum:, :pimpinan:, :telepon:, :email:, :alamat:, :created_at:, :updated_at:)', [...], false)
 4 SYSTEMPATH\Model.php(357): CodeIgniter\Database\BaseBuilder->insert()
 5 SYSTEMPATH\BaseModel.php(899): CodeIgniter\Model->doInsert([...])
 6 SYSTEMPATH\Model.php(670): CodeIgniter\BaseModel->insert([...], false)
 7 SYSTEMPATH\BaseModel.php(752): CodeIgniter\Model->insert([...], false)
 8 APPPATH\Controllers\Admin\Profil.php(68): CodeIgniter\BaseModel->save([...])
 9 SYSTEMPATH\CodeIgniter.php(974): App\Controllers\Admin\Profil->simpanAum()
10 SYSTEMPATH\CodeIgniter.php(520): CodeIgniter\CodeIgniter->runController(Object(App\Controllers\Admin\Profil))
11 SYSTEMPATH\CodeIgniter.php(363): CodeIgniter\CodeIgniter->handleRequest(null, Object(Config\Cache), false)
12 SYSTEMPATH\Boot.php(417): CodeIgniter\CodeIgniter->run()
13 SYSTEMPATH\Boot.php(68): CodeIgniter\Boot::runCodeIgniter(Object(CodeIgniter\CodeIgniter))
14 FCPATH\index.php(59): CodeIgniter\Boot::bootWeb(Object(Config\Paths))
CRITICAL - 2026-07-26 17:55:02 --> [Caused by] mysqli_sql_exception: Unknown column 'updated_at' in 'field list'
in SYSTEMPATH\Database\MySQLi\Connection.php on line 300.
 1 SYSTEMPATH\Database\MySQLi\Connection.php(300): mysqli->query('INSERT INTO `aum` (`nama_aum`, `pimpinan`, `telepon`, `email`, `alamat`, `created_at`, `updated_at`) VALUES (\'adadad\', \'dad\', \'0888\', \'12basry@gmail.com\', \'aeda\', \'2026-07-26 17:55:02\', \'2026-07-26 17:55:02\')', 0)
 2 SYSTEMPATH\Database\BaseConnection.php(908): CodeIgniter\Database\MySQLi\Connection->execute('INSERT INTO `aum` (`nama_aum`, `pimpinan`, `telepon`, `email`, `alamat`, `created_at`, `updated_at`) VALUES (\'adadad\', \'dad\', \'0888\', \'12basry@gmail.com\', \'aeda\', \'2026-07-26 17:55:02\', \'2026-07-26 17:55:02\')')
 3 SYSTEMPATH\Database\BaseConnection.php(825): CodeIgniter\Database\BaseConnection->simpleQuery('INSERT INTO `aum` (`nama_aum`, `pimpinan`, `telepon`, `email`, `alamat`, `created_at`, `updated_at`) VALUES (\'adadad\', \'dad\', \'0888\', \'12basry@gmail.com\', \'aeda\', \'2026-07-26 17:55:02\', \'2026-07-26 17:55:02\')')
 4 SYSTEMPATH\Database\BaseBuilder.php(2351): CodeIgniter\Database\BaseConnection->query('INSERT INTO `aum` (`nama_aum`, `pimpinan`, `telepon`, `email`, `alamat`, `created_at`, `updated_at`) VALUES (:nama_aum:, :pimpinan:, :telepon:, :email:, :alamat:, :created_at:, :updated_at:)', [...], false)
 5 SYSTEMPATH\Model.php(357): CodeIgniter\Database\BaseBuilder->insert()
 6 SYSTEMPATH\BaseModel.php(899): CodeIgniter\Model->doInsert([...])
 7 SYSTEMPATH\Model.php(670): CodeIgniter\BaseModel->insert([...], false)
 8 SYSTEMPATH\BaseModel.php(752): CodeIgniter\Model->insert([...], false)
 9 APPPATH\Controllers\Admin\Profil.php(68): CodeIgniter\BaseModel->save([...])
10 SYSTEMPATH\CodeIgniter.php(974): App\Controllers\Admin\Profil->simpanAum()
11 SYSTEMPATH\CodeIgniter.php(520): CodeIgniter\CodeIgniter->runController(Object(App\Controllers\Admin\Profil))
12 SYSTEMPATH\CodeIgniter.php(363): CodeIgniter\CodeIgniter->handleRequest(null, Object(Config\Cache), false)
13 SYSTEMPATH\Boot.php(417): CodeIgniter\CodeIgniter->run()
14 SYSTEMPATH\Boot.php(68): CodeIgniter\Boot::runCodeIgniter(Object(CodeIgniter\CodeIgniter))
15 FCPATH\index.php(59): CodeIgniter\Boot::bootWeb(Object(Config\Paths))
DEBUG - 2026-07-26 17:55:09 --> Session: Class initialized using 'CodeIgniter\Session\Handlers\FileHandler' driver.
DEBUG - 2026-07-26 17:56:33 --> Session: Class initialized using 'CodeIgniter\Session\Handlers\FileHandler' driver.
ERROR - 2026-07-26 17:58:36 --> Unknown column 'updated_at' in 'field list'
in SYSTEMPATH\Database\MySQLi\Connection.php on line 300.
 1 SYSTEMPATH\Database\MySQLi\Connection.php(300): mysqli->query('INSERT INTO `aum` (`nama_aum`, `pimpinan`, `telepon`, `email`, `alamat`, `created_at`, `updated_at`) VALUES (\'adadd\', \'adad\', \'0888\', \'dadsd@gamail.com\', \'dadd\', \'2026-07-26 17:58:36\', \'2026-07-26 17:58:36\')', 0)
 2 SYSTEMPATH\Database\BaseConnection.php(908): CodeIgniter\Database\MySQLi\Connection->execute('INSERT INTO `aum` (`nama_aum`, `pimpinan`, `telepon`, `email`, `alamat`, `created_at`, `updated_at`) VALUES (\'adadd\', \'adad\', \'0888\', \'dadsd@gamail.com\', \'dadd\', \'2026-07-26 17:58:36\', \'2026-07-26 17:58:36\')')
 3 SYSTEMPATH\Database\BaseConnection.php(825): CodeIgniter\Database\BaseConnection->simpleQuery('INSERT INTO `aum` (`nama_aum`, `pimpinan`, `telepon`, `email`, `alamat`, `created_at`, `updated_at`) VALUES (\'adadd\', \'adad\', \'0888\', \'dadsd@gamail.com\', \'dadd\', \'2026-07-26 17:58:36\', \'2026-07-26 17:58:36\')')
 4 SYSTEMPATH\Database\BaseBuilder.php(2351): CodeIgniter\Database\BaseConnection->query('INSERT INTO `aum` (`nama_aum`, `pimpinan`, `telepon`, `email`, `alamat`, `created_at`, `updated_at`) VALUES (:nama_aum:, :pimpinan:, :telepon:, :email:, :alamat:, :created_at:, :updated_at:)', [...], false)
 5 SYSTEMPATH\Model.php(357): CodeIgniter\Database\BaseBuilder->insert()
 6 SYSTEMPATH\BaseModel.php(899): CodeIgniter\Model->doInsert([...])
 7 SYSTEMPATH\Model.php(670): CodeIgniter\BaseModel->insert([...], false)
 8 SYSTEMPATH\BaseModel.php(752): CodeIgniter\Model->insert([...], false)
 9 APPPATH\Controllers\Admin\Profil.php(68): CodeIgniter\BaseModel->save([...])
10 SYSTEMPATH\CodeIgniter.php(974): App\Controllers\Admin\Profil->simpanAum()
11 SYSTEMPATH\CodeIgniter.php(520): CodeIgniter\CodeIgniter->runController(Object(App\Controllers\Admin\Profil))
12 SYSTEMPATH\CodeIgniter.php(363): CodeIgniter\CodeIgniter->handleRequest(null, Object(Config\Cache), false)
13 SYSTEMPATH\Boot.php(417): CodeIgniter\CodeIgniter->run()
14 SYSTEMPATH\Boot.php(68): CodeIgniter\Boot::runCodeIgniter(Object(CodeIgniter\CodeIgniter))
15 FCPATH\index.php(59): CodeIgniter\Boot::bootWeb(Object(Config\Paths))
CRITICAL - 2026-07-26 17:58:36 --> CodeIgniter\Database\Exceptions\DatabaseException: Unknown column 'updated_at' in 'field list'
[Method: POST, Route: admin/profil/amal-usaha/simpan]
in SYSTEMPATH\Database\BaseConnection.php on line 863.
 1 SYSTEMPATH\Database\BaseBuilder.php(2351): CodeIgniter\Database\BaseConnection->query('INSERT INTO `aum` (`nama_aum`, `pimpinan`, `telepon`, `email`, `alamat`, `created_at`, `updated_at`) VALUES (:nama_aum:, :pimpinan:, :telepon:, :email:, :alamat:, :created_at:, :updated_at:)', [...], false)
 2 SYSTEMPATH\Model.php(357): CodeIgniter\Database\BaseBuilder->insert()
 3 SYSTEMPATH\BaseModel.php(899): CodeIgniter\Model->doInsert([...])
 4 SYSTEMPATH\Model.php(670): CodeIgniter\BaseModel->insert([...], false)
 5 SYSTEMPATH\BaseModel.php(752): CodeIgniter\Model->insert([...], false)
 6 APPPATH\Controllers\Admin\Profil.php(68): CodeIgniter\BaseModel->save([...])
 7 SYSTEMPATH\CodeIgniter.php(974): App\Controllers\Admin\Profil->simpanAum()
 8 SYSTEMPATH\CodeIgniter.php(520): CodeIgniter\CodeIgniter->runController(Object(App\Controllers\Admin\Profil))
 9 SYSTEMPATH\CodeIgniter.php(363): CodeIgniter\CodeIgniter->handleRequest(null, Object(Config\Cache), false)
10 SYSTEMPATH\Boot.php(417): CodeIgniter\CodeIgniter->run()
11 SYSTEMPATH\Boot.php(68): CodeIgniter\Boot::runCodeIgniter(Object(CodeIgniter\CodeIgniter))
12 FCPATH\index.php(59): CodeIgniter\Boot::bootWeb(Object(Config\Paths))
CRITICAL - 2026-07-26 17:58:36 --> [Caused by] CodeIgniter\Database\Exceptions\DatabaseException: Unknown column 'updated_at' in 'field list'
in SYSTEMPATH\Database\MySQLi\Connection.php on line 310.
 1 SYSTEMPATH\Database\BaseConnection.php(908): CodeIgniter\Database\MySQLi\Connection->execute('INSERT INTO `aum` (`nama_aum`, `pimpinan`, `telepon`, `email`, `alamat`, `created_at`, `updated_at`) VALUES (\'adadd\', \'adad\', \'0888\', \'dadsd@gamail.com\', \'dadd\', \'2026-07-26 17:58:36\', \'2026-07-26 17:58:36\')')
 2 SYSTEMPATH\Database\BaseConnection.php(825): CodeIgniter\Database\BaseConnection->simpleQuery('INSERT INTO `aum` (`nama_aum`, `pimpinan`, `telepon`, `email`, `alamat`, `created_at`, `updated_at`) VALUES (\'adadd\', \'adad\', \'0888\', \'dadsd@gamail.com\', \'dadd\', \'2026-07-26 17:58:36\', \'2026-07-26 17:58:36\')')
 3 SYSTEMPATH\Database\BaseBuilder.php(2351): CodeIgniter\Database\BaseConnection->query('INSERT INTO `aum` (`nama_aum`, `pimpinan`, `telepon`, `email`, `alamat`, `created_at`, `updated_at`) VALUES (:nama_aum:, :pimpinan:, :telepon:, :email:, :alamat:, :created_at:, :updated_at:)', [...], false)
 4 SYSTEMPATH\Model.php(357): CodeIgniter\Database\BaseBuilder->insert()
 5 SYSTEMPATH\BaseModel.php(899): CodeIgniter\Model->doInsert([...])
 6 SYSTEMPATH\Model.php(670): CodeIgniter\BaseModel->insert([...], false)
 7 SYSTEMPATH\BaseModel.php(752): CodeIgniter\Model->insert([...], false)
 8 APPPATH\Controllers\Admin\Profil.php(68): CodeIgniter\BaseModel->save([...])
 9 SYSTEMPATH\CodeIgniter.php(974): App\Controllers\Admin\Profil->simpanAum()
10 SYSTEMPATH\CodeIgniter.php(520): CodeIgniter\CodeIgniter->runController(Object(App\Controllers\Admin\Profil))
11 SYSTEMPATH\CodeIgniter.php(363): CodeIgniter\CodeIgniter->handleRequest(null, Object(Config\Cache), false)
12 SYSTEMPATH\Boot.php(417): CodeIgniter\CodeIgniter->run()
13 SYSTEMPATH\Boot.php(68): CodeIgniter\Boot::runCodeIgniter(Object(CodeIgniter\CodeIgniter))
14 FCPATH\index.php(59): CodeIgniter\Boot::bootWeb(Object(Config\Paths))
CRITICAL - 2026-07-26 17:58:36 --> [Caused by] mysqli_sql_exception: Unknown column 'updated_at' in 'field list'
in SYSTEMPATH\Database\MySQLi\Connection.php on line 300.
 1 SYSTEMPATH\Database\MySQLi\Connection.php(300): mysqli->query('INSERT INTO `aum` (`nama_aum`, `pimpinan`, `telepon`, `email`, `alamat`, `created_at`, `updated_at`) VALUES (\'adadd\', \'adad\', \'0888\', \'dadsd@gamail.com\', \'dadd\', \'2026-07-26 17:58:36\', \'2026-07-26 17:58:36\')', 0)
 2 SYSTEMPATH\Database\BaseConnection.php(908): CodeIgniter\Database\MySQLi\Connection->execute('INSERT INTO `aum` (`nama_aum`, `pimpinan`, `telepon`, `email`, `alamat`, `created_at`, `updated_at`) VALUES (\'adadd\', \'adad\', \'0888\', \'dadsd@gamail.com\', \'dadd\', \'2026-07-26 17:58:36\', \'2026-07-26 17:58:36\')')
 3 SYSTEMPATH\Database\BaseConnection.php(825): CodeIgniter\Database\BaseConnection->simpleQuery('INSERT INTO `aum` (`nama_aum`, `pimpinan`, `telepon`, `email`, `alamat`, `created_at`, `updated_at`) VALUES (\'adadd\', \'adad\', \'0888\', \'dadsd@gamail.com\', \'dadd\', \'2026-07-26 17:58:36\', \'2026-07-26 17:58:36\')')
 4 SYSTEMPATH\Database\BaseBuilder.php(2351): CodeIgniter\Database\BaseConnection->query('INSERT INTO `aum` (`nama_aum`, `pimpinan`, `telepon`, `email`, `alamat`, `created_at`, `updated_at`) VALUES (:nama_aum:, :pimpinan:, :telepon:, :email:, :alamat:, :created_at:, :updated_at:)', [...], false)
 5 SYSTEMPATH\Model.php(357): CodeIgniter\Database\BaseBuilder->insert()
 6 SYSTEMPATH\BaseModel.php(899): CodeIgniter\Model->doInsert([...])
 7 SYSTEMPATH\Model.php(670): CodeIgniter\BaseModel->insert([...], false)
 8 SYSTEMPATH\BaseModel.php(752): CodeIgniter\Model->insert([...], false)
 9 APPPATH\Controllers\Admin\Profil.php(68): CodeIgniter\BaseModel->save([...])
10 SYSTEMPATH\CodeIgniter.php(974): App\Controllers\Admin\Profil->simpanAum()
11 SYSTEMPATH\CodeIgniter.php(520): CodeIgniter\CodeIgniter->runController(Object(App\Controllers\Admin\Profil))
12 SYSTEMPATH\CodeIgniter.php(363): CodeIgniter\CodeIgniter->handleRequest(null, Object(Config\Cache), false)
13 SYSTEMPATH\Boot.php(417): CodeIgniter\CodeIgniter->run()
14 SYSTEMPATH\Boot.php(68): CodeIgniter\Boot::runCodeIgniter(Object(CodeIgniter\CodeIgniter))
15 FCPATH\index.php(59): CodeIgniter\Boot::bootWeb(Object(Config\Paths))
ERROR - 2026-07-26 18:01:28 --> Unknown column 'updated_at' in 'field list'
in SYSTEMPATH\Database\MySQLi\Connection.php on line 300.
 1 SYSTEMPATH\Database\MySQLi\Connection.php(300): mysqli->query('INSERT INTO `aum` (`nama_aum`, `pimpinan`, `telepon`, `email`, `alamat`, `created_at`, `updated_at`) VALUES (\'adadd\', \'adad\', \'0888\', \'dadsd@gamail.com\', \'dadd\', \'2026-07-26 18:01:28\', \'2026-07-26 18:01:28\')', 0)
 2 SYSTEMPATH\Database\BaseConnection.php(908): CodeIgniter\Database\MySQLi\Connection->execute('INSERT INTO `aum` (`nama_aum`, `pimpinan`, `telepon`, `email`, `alamat`, `created_at`, `updated_at`) VALUES (\'adadd\', \'adad\', \'0888\', \'dadsd@gamail.com\', \'dadd\', \'2026-07-26 18:01:28\', \'2026-07-26 18:01:28\')')
 3 SYSTEMPATH\Database\BaseConnection.php(825): CodeIgniter\Database\BaseConnection->simpleQuery('INSERT INTO `aum` (`nama_aum`, `pimpinan`, `telepon`, `email`, `alamat`, `created_at`, `updated_at`) VALUES (\'adadd\', \'adad\', \'0888\', \'dadsd@gamail.com\', \'dadd\', \'2026-07-26 18:01:28\', \'2026-07-26 18:01:28\')')
 4 SYSTEMPATH\Database\BaseBuilder.php(2351): CodeIgniter\Database\BaseConnection->query('INSERT INTO `aum` (`nama_aum`, `pimpinan`, `telepon`, `email`, `alamat`, `created_at`, `updated_at`) VALUES (:nama_aum:, :pimpinan:, :telepon:, :email:, :alamat:, :created_at:, :updated_at:)', [...], false)
 5 SYSTEMPATH\Model.php(357): CodeIgniter\Database\BaseBuilder->insert()
 6 SYSTEMPATH\BaseModel.php(899): CodeIgniter\Model->doInsert([...])
 7 SYSTEMPATH\Model.php(670): CodeIgniter\BaseModel->insert([...], false)
 8 SYSTEMPATH\BaseModel.php(752): CodeIgniter\Model->insert([...], false)
 9 APPPATH\Controllers\Admin\Profil.php(69): CodeIgniter\BaseModel->save([...])
10 SYSTEMPATH\CodeIgniter.php(974): App\Controllers\Admin\Profil->simpanAum()
11 SYSTEMPATH\CodeIgniter.php(520): CodeIgniter\CodeIgniter->runController(Object(App\Controllers\Admin\Profil))
12 SYSTEMPATH\CodeIgniter.php(363): CodeIgniter\CodeIgniter->handleRequest(null, Object(Config\Cache), false)
13 SYSTEMPATH\Boot.php(417): CodeIgniter\CodeIgniter->run()
14 SYSTEMPATH\Boot.php(68): CodeIgniter\Boot::runCodeIgniter(Object(CodeIgniter\CodeIgniter))
15 FCPATH\index.php(59): CodeIgniter\Boot::bootWeb(Object(Config\Paths))
CRITICAL - 2026-07-26 18:01:28 --> CodeIgniter\Database\Exceptions\DatabaseException: Unknown column 'updated_at' in 'field list'
[Method: POST, Route: admin/profil/amal-usaha/simpan]
in SYSTEMPATH\Database\BaseConnection.php on line 863.
 1 SYSTEMPATH\Database\BaseBuilder.php(2351): CodeIgniter\Database\BaseConnection->query('INSERT INTO `aum` (`nama_aum`, `pimpinan`, `telepon`, `email`, `alamat`, `created_at`, `updated_at`) VALUES (:nama_aum:, :pimpinan:, :telepon:, :email:, :alamat:, :created_at:, :updated_at:)', [...], false)
 2 SYSTEMPATH\Model.php(357): CodeIgniter\Database\BaseBuilder->insert()
 3 SYSTEMPATH\BaseModel.php(899): CodeIgniter\Model->doInsert([...])
 4 SYSTEMPATH\Model.php(670): CodeIgniter\BaseModel->insert([...], false)
 5 SYSTEMPATH\BaseModel.php(752): CodeIgniter\Model->insert([...], false)
 6 APPPATH\Controllers\Admin\Profil.php(69): CodeIgniter\BaseModel->save([...])
 7 SYSTEMPATH\CodeIgniter.php(974): App\Controllers\Admin\Profil->simpanAum()
 8 SYSTEMPATH\CodeIgniter.php(520): CodeIgniter\CodeIgniter->runController(Object(App\Controllers\Admin\Profil))
 9 SYSTEMPATH\CodeIgniter.php(363): CodeIgniter\CodeIgniter->handleRequest(null, Object(Config\Cache), false)
10 SYSTEMPATH\Boot.php(417): CodeIgniter\CodeIgniter->run()
11 SYSTEMPATH\Boot.php(68): CodeIgniter\Boot::runCodeIgniter(Object(CodeIgniter\CodeIgniter))
12 FCPATH\index.php(59): CodeIgniter\Boot::bootWeb(Object(Config\Paths))
CRITICAL - 2026-07-26 18:01:28 --> [Caused by] CodeIgniter\Database\Exceptions\DatabaseException: Unknown column 'updated_at' in 'field list'
in SYSTEMPATH\Database\MySQLi\Connection.php on line 310.
 1 SYSTEMPATH\Database\BaseConnection.php(908): CodeIgniter\Database\MySQLi\Connection->execute('INSERT INTO `aum` (`nama_aum`, `pimpinan`, `telepon`, `email`, `alamat`, `created_at`, `updated_at`) VALUES (\'adadd\', \'adad\', \'0888\', \'dadsd@gamail.com\', \'dadd\', \'2026-07-26 18:01:28\', \'2026-07-26 18:01:28\')')
 2 SYSTEMPATH\Database\BaseConnection.php(825): CodeIgniter\Database\BaseConnection->simpleQuery('INSERT INTO `aum` (`nama_aum`, `pimpinan`, `telepon`, `email`, `alamat`, `created_at`, `updated_at`) VALUES (\'adadd\', \'adad\', \'0888\', \'dadsd@gamail.com\', \'dadd\', \'2026-07-26 18:01:28\', \'2026-07-26 18:01:28\')')
 3 SYSTEMPATH\Database\BaseBuilder.php(2351): CodeIgniter\Database\BaseConnection->query('INSERT INTO `aum` (`nama_aum`, `pimpinan`, `telepon`, `email`, `alamat`, `created_at`, `updated_at`) VALUES (:nama_aum:, :pimpinan:, :telepon:, :email:, :alamat:, :created_at:, :updated_at:)', [...], false)
 4 SYSTEMPATH\Model.php(357): CodeIgniter\Database\BaseBuilder->insert()
 5 SYSTEMPATH\BaseModel.php(899): CodeIgniter\Model->doInsert([...])
 6 SYSTEMPATH\Model.php(670): CodeIgniter\BaseModel->insert([...], false)
 7 SYSTEMPATH\BaseModel.php(752): CodeIgniter\Model->insert([...], false)
 8 APPPATH\Controllers\Admin\Profil.php(69): CodeIgniter\BaseModel->save([...])
 9 SYSTEMPATH\CodeIgniter.php(974): App\Controllers\Admin\Profil->simpanAum()
10 SYSTEMPATH\CodeIgniter.php(520): CodeIgniter\CodeIgniter->runController(Object(App\Controllers\Admin\Profil))
11 SYSTEMPATH\CodeIgniter.php(363): CodeIgniter\CodeIgniter->handleRequest(null, Object(Config\Cache), false)
12 SYSTEMPATH\Boot.php(417): CodeIgniter\CodeIgniter->run()
13 SYSTEMPATH\Boot.php(68): CodeIgniter\Boot::runCodeIgniter(Object(CodeIgniter\CodeIgniter))
14 FCPATH\index.php(59): CodeIgniter\Boot::bootWeb(Object(Config\Paths))
CRITICAL - 2026-07-26 18:01:28 --> [Caused by] mysqli_sql_exception: Unknown column 'updated_at' in 'field list'
in SYSTEMPATH\Database\MySQLi\Connection.php on line 300.
 1 SYSTEMPATH\Database\MySQLi\Connection.php(300): mysqli->query('INSERT INTO `aum` (`nama_aum`, `pimpinan`, `telepon`, `email`, `alamat`, `created_at`, `updated_at`) VALUES (\'adadd\', \'adad\', \'0888\', \'dadsd@gamail.com\', \'dadd\', \'2026-07-26 18:01:28\', \'2026-07-26 18:01:28\')', 0)
 2 SYSTEMPATH\Database\BaseConnection.php(908): CodeIgniter\Database\MySQLi\Connection->execute('INSERT INTO `aum` (`nama_aum`, `pimpinan`, `telepon`, `email`, `alamat`, `created_at`, `updated_at`) VALUES (\'adadd\', \'adad\', \'0888\', \'dadsd@gamail.com\', \'dadd\', \'2026-07-26 18:01:28\', \'2026-07-26 18:01:28\')')
 3 SYSTEMPATH\Database\BaseConnection.php(825): CodeIgniter\Database\BaseConnection->simpleQuery('INSERT INTO `aum` (`nama_aum`, `pimpinan`, `telepon`, `email`, `alamat`, `created_at`, `updated_at`) VALUES (\'adadd\', \'adad\', \'0888\', \'dadsd@gamail.com\', \'dadd\', \'2026-07-26 18:01:28\', \'2026-07-26 18:01:28\')')
 4 SYSTEMPATH\Database\BaseBuilder.php(2351): CodeIgniter\Database\BaseConnection->query('INSERT INTO `aum` (`nama_aum`, `pimpinan`, `telepon`, `email`, `alamat`, `created_at`, `updated_at`) VALUES (:nama_aum:, :pimpinan:, :telepon:, :email:, :alamat:, :created_at:, :updated_at:)', [...], false)
 5 SYSTEMPATH\Model.php(357): CodeIgniter\Database\BaseBuilder->insert()
 6 SYSTEMPATH\BaseModel.php(899): CodeIgniter\Model->doInsert([...])
 7 SYSTEMPATH\Model.php(670): CodeIgniter\BaseModel->insert([...], false)
 8 SYSTEMPATH\BaseModel.php(752): CodeIgniter\Model->insert([...], false)
 9 APPPATH\Controllers\Admin\Profil.php(69): CodeIgniter\BaseModel->save([...])
10 SYSTEMPATH\CodeIgniter.php(974): App\Controllers\Admin\Profil->simpanAum()
11 SYSTEMPATH\CodeIgniter.php(520): CodeIgniter\CodeIgniter->runController(Object(App\Controllers\Admin\Profil))
12 SYSTEMPATH\CodeIgniter.php(363): CodeIgniter\CodeIgniter->handleRequest(null, Object(Config\Cache), false)
13 SYSTEMPATH\Boot.php(417): CodeIgniter\CodeIgniter->run()
14 SYSTEMPATH\Boot.php(68): CodeIgniter\Boot::runCodeIgniter(Object(CodeIgniter\CodeIgniter))
15 FCPATH\index.php(59): CodeIgniter\Boot::bootWeb(Object(Config\Paths))
ERROR - 2026-07-26 18:01:35 --> Unknown column 'updated_at' in 'field list'
in SYSTEMPATH\Database\MySQLi\Connection.php on line 300.
 1 SYSTEMPATH\Database\MySQLi\Connection.php(300): mysqli->query('INSERT INTO `aum` (`nama_aum`, `pimpinan`, `telepon`, `email`, `alamat`, `created_at`, `updated_at`) VALUES (\'adadd\', \'adad\', \'0888\', \'dadsd@gamail.com\', \'dadd\', \'2026-07-26 18:01:35\', \'2026-07-26 18:01:35\')', 0)
 2 SYSTEMPATH\Database\BaseConnection.php(908): CodeIgniter\Database\MySQLi\Connection->execute('INSERT INTO `aum` (`nama_aum`, `pimpinan`, `telepon`, `email`, `alamat`, `created_at`, `updated_at`) VALUES (\'adadd\', \'adad\', \'0888\', \'dadsd@gamail.com\', \'dadd\', \'2026-07-26 18:01:35\', \'2026-07-26 18:01:35\')')
 3 SYSTEMPATH\Database\BaseConnection.php(825): CodeIgniter\Database\BaseConnection->simpleQuery('INSERT INTO `aum` (`nama_aum`, `pimpinan`, `telepon`, `email`, `alamat`, `created_at`, `updated_at`) VALUES (\'adadd\', \'adad\', \'0888\', \'dadsd@gamail.com\', \'dadd\', \'2026-07-26 18:01:35\', \'2026-07-26 18:01:35\')')
 4 SYSTEMPATH\Database\BaseBuilder.php(2351): CodeIgniter\Database\BaseConnection->query('INSERT INTO `aum` (`nama_aum`, `pimpinan`, `telepon`, `email`, `alamat`, `created_at`, `updated_at`) VALUES (:nama_aum:, :pimpinan:, :telepon:, :email:, :alamat:, :created_at:, :updated_at:)', [...], false)
 5 SYSTEMPATH\Model.php(357): CodeIgniter\Database\BaseBuilder->insert()
 6 SYSTEMPATH\BaseModel.php(899): CodeIgniter\Model->doInsert([...])
 7 SYSTEMPATH\Model.php(670): CodeIgniter\BaseModel->insert([...], false)
 8 SYSTEMPATH\BaseModel.php(752): CodeIgniter\Model->insert([...], false)
 9 APPPATH\Controllers\Admin\Profil.php(69): CodeIgniter\BaseModel->save([...])
10 SYSTEMPATH\CodeIgniter.php(974): App\Controllers\Admin\Profil->simpanAum()
11 SYSTEMPATH\CodeIgniter.php(520): CodeIgniter\CodeIgniter->runController(Object(App\Controllers\Admin\Profil))
12 SYSTEMPATH\CodeIgniter.php(363): CodeIgniter\CodeIgniter->handleRequest(null, Object(Config\Cache), false)
13 SYSTEMPATH\Boot.php(417): CodeIgniter\CodeIgniter->run()
14 SYSTEMPATH\Boot.php(68): CodeIgniter\Boot::runCodeIgniter(Object(CodeIgniter\CodeIgniter))
15 FCPATH\index.php(59): CodeIgniter\Boot::bootWeb(Object(Config\Paths))
CRITICAL - 2026-07-26 18:01:35 --> CodeIgniter\Database\Exceptions\DatabaseException: Unknown column 'updated_at' in 'field list'
[Method: POST, Route: admin/profil/amal-usaha/simpan]
in SYSTEMPATH\Database\BaseConnection.php on line 863.
 1 SYSTEMPATH\Database\BaseBuilder.php(2351): CodeIgniter\Database\BaseConnection->query('INSERT INTO `aum` (`nama_aum`, `pimpinan`, `telepon`, `email`, `alamat`, `created_at`, `updated_at`) VALUES (:nama_aum:, :pimpinan:, :telepon:, :email:, :alamat:, :created_at:, :updated_at:)', [...], false)
 2 SYSTEMPATH\Model.php(357): CodeIgniter\Database\BaseBuilder->insert()
 3 SYSTEMPATH\BaseModel.php(899): CodeIgniter\Model->doInsert([...])
 4 SYSTEMPATH\Model.php(670): CodeIgniter\BaseModel->insert([...], false)
 5 SYSTEMPATH\BaseModel.php(752): CodeIgniter\Model->insert([...], false)
 6 APPPATH\Controllers\Admin\Profil.php(69): CodeIgniter\BaseModel->save([...])
 7 SYSTEMPATH\CodeIgniter.php(974): App\Controllers\Admin\Profil->simpanAum()
 8 SYSTEMPATH\CodeIgniter.php(520): CodeIgniter\CodeIgniter->runController(Object(App\Controllers\Admin\Profil))
 9 SYSTEMPATH\CodeIgniter.php(363): CodeIgniter\CodeIgniter->handleRequest(null, Object(Config\Cache), false)
10 SYSTEMPATH\Boot.php(417): CodeIgniter\CodeIgniter->run()
11 SYSTEMPATH\Boot.php(68): CodeIgniter\Boot::runCodeIgniter(Object(CodeIgniter\CodeIgniter))
12 FCPATH\index.php(59): CodeIgniter\Boot::bootWeb(Object(Config\Paths))
CRITICAL - 2026-07-26 18:01:35 --> [Caused by] CodeIgniter\Database\Exceptions\DatabaseException: Unknown column 'updated_at' in 'field list'
in SYSTEMPATH\Database\MySQLi\Connection.php on line 310.
 1 SYSTEMPATH\Database\BaseConnection.php(908): CodeIgniter\Database\MySQLi\Connection->execute('INSERT INTO `aum` (`nama_aum`, `pimpinan`, `telepon`, `email`, `alamat`, `created_at`, `updated_at`) VALUES (\'adadd\', \'adad\', \'0888\', \'dadsd@gamail.com\', \'dadd\', \'2026-07-26 18:01:35\', \'2026-07-26 18:01:35\')')
 2 SYSTEMPATH\Database\BaseConnection.php(825): CodeIgniter\Database\BaseConnection->simpleQuery('INSERT INTO `aum` (`nama_aum`, `pimpinan`, `telepon`, `email`, `alamat`, `created_at`, `updated_at`) VALUES (\'adadd\', \'adad\', \'0888\', \'dadsd@gamail.com\', \'dadd\', \'2026-07-26 18:01:35\', \'2026-07-26 18:01:35\')')
 3 SYSTEMPATH\Database\BaseBuilder.php(2351): CodeIgniter\Database\BaseConnection->query('INSERT INTO `aum` (`nama_aum`, `pimpinan`, `telepon`, `email`, `alamat`, `created_at`, `updated_at`) VALUES (:nama_aum:, :pimpinan:, :telepon:, :email:, :alamat:, :created_at:, :updated_at:)', [...], false)
 4 SYSTEMPATH\Model.php(357): CodeIgniter\Database\BaseBuilder->insert()
 5 SYSTEMPATH\BaseModel.php(899): CodeIgniter\Model->doInsert([...])
 6 SYSTEMPATH\Model.php(670): CodeIgniter\BaseModel->insert([...], false)
 7 SYSTEMPATH\BaseModel.php(752): CodeIgniter\Model->insert([...], false)
 8 APPPATH\Controllers\Admin\Profil.php(69): CodeIgniter\BaseModel->save([...])
 9 SYSTEMPATH\CodeIgniter.php(974): App\Controllers\Admin\Profil->simpanAum()
10 SYSTEMPATH\CodeIgniter.php(520): CodeIgniter\CodeIgniter->runController(Object(App\Controllers\Admin\Profil))
11 SYSTEMPATH\CodeIgniter.php(363): CodeIgniter\CodeIgniter->handleRequest(null, Object(Config\Cache), false)
12 SYSTEMPATH\Boot.php(417): CodeIgniter\CodeIgniter->run()
13 SYSTEMPATH\Boot.php(68): CodeIgniter\Boot::runCodeIgniter(Object(CodeIgniter\CodeIgniter))
14 FCPATH\index.php(59): CodeIgniter\Boot::bootWeb(Object(Config\Paths))
CRITICAL - 2026-07-26 18:01:35 --> [Caused by] mysqli_sql_exception: Unknown column 'updated_at' in 'field list'
in SYSTEMPATH\Database\MySQLi\Connection.php on line 300.
 1 SYSTEMPATH\Database\MySQLi\Connection.php(300): mysqli->query('INSERT INTO `aum` (`nama_aum`, `pimpinan`, `telepon`, `email`, `alamat`, `created_at`, `updated_at`) VALUES (\'adadd\', \'adad\', \'0888\', \'dadsd@gamail.com\', \'dadd\', \'2026-07-26 18:01:35\', \'2026-07-26 18:01:35\')', 0)
 2 SYSTEMPATH\Database\BaseConnection.php(908): CodeIgniter\Database\MySQLi\Connection->execute('INSERT INTO `aum` (`nama_aum`, `pimpinan`, `telepon`, `email`, `alamat`, `created_at`, `updated_at`) VALUES (\'adadd\', \'adad\', \'0888\', \'dadsd@gamail.com\', \'dadd\', \'2026-07-26 18:01:35\', \'2026-07-26 18:01:35\')')
 3 SYSTEMPATH\Database\BaseConnection.php(825): CodeIgniter\Database\BaseConnection->simpleQuery('INSERT INTO `aum` (`nama_aum`, `pimpinan`, `telepon`, `email`, `alamat`, `created_at`, `updated_at`) VALUES (\'adadd\', \'adad\', \'0888\', \'dadsd@gamail.com\', \'dadd\', \'2026-07-26 18:01:35\', \'2026-07-26 18:01:35\')')
 4 SYSTEMPATH\Database\BaseBuilder.php(2351): CodeIgniter\Database\BaseConnection->query('INSERT INTO `aum` (`nama_aum`, `pimpinan`, `telepon`, `email`, `alamat`, `created_at`, `updated_at`) VALUES (:nama_aum:, :pimpinan:, :telepon:, :email:, :alamat:, :created_at:, :updated_at:)', [...], false)
 5 SYSTEMPATH\Model.php(357): CodeIgniter\Database\BaseBuilder->insert()
 6 SYSTEMPATH\BaseModel.php(899): CodeIgniter\Model->doInsert([...])
 7 SYSTEMPATH\Model.php(670): CodeIgniter\BaseModel->insert([...], false)
 8 SYSTEMPATH\BaseModel.php(752): CodeIgniter\Model->insert([...], false)
 9 APPPATH\Controllers\Admin\Profil.php(69): CodeIgniter\BaseModel->save([...])
10 SYSTEMPATH\CodeIgniter.php(974): App\Controllers\Admin\Profil->simpanAum()
11 SYSTEMPATH\CodeIgniter.php(520): CodeIgniter\CodeIgniter->runController(Object(App\Controllers\Admin\Profil))
12 SYSTEMPATH\CodeIgniter.php(363): CodeIgniter\CodeIgniter->handleRequest(null, Object(Config\Cache), false)
13 SYSTEMPATH\Boot.php(417): CodeIgniter\CodeIgniter->run()
14 SYSTEMPATH\Boot.php(68): CodeIgniter\Boot::runCodeIgniter(Object(CodeIgniter\CodeIgniter))
15 FCPATH\index.php(59): CodeIgniter\Boot::bootWeb(Object(Config\Paths))
DEBUG - 2026-07-26 18:01:45 --> Session: Class initialized using 'CodeIgniter\Session\Handlers\FileHandler' driver.
DEBUG - 2026-07-26 18:01:49 --> Session: Class initialized using 'CodeIgniter\Session\Handlers\FileHandler' driver.
ERROR - 2026-07-26 18:02:12 --> Unknown column 'updated_at' in 'field list'
in SYSTEMPATH\Database\MySQLi\Connection.php on line 300.
 1 SYSTEMPATH\Database\MySQLi\Connection.php(300): mysqli->query('INSERT INTO `aum` (`nama_aum`, `pimpinan`, `telepon`, `email`, `alamat`, `created_at`, `updated_at`) VALUES (\'adad\', \'dda\', \'0888\', \'puput@si.ihs.ac.id\', \'adad\', \'2026-07-26 18:02:12\', \'2026-07-26 18:02:12\')', 0)
 2 SYSTEMPATH\Database\BaseConnection.php(908): CodeIgniter\Database\MySQLi\Connection->execute('INSERT INTO `aum` (`nama_aum`, `pimpinan`, `telepon`, `email`, `alamat`, `created_at`, `updated_at`) VALUES (\'adad\', \'dda\', \'0888\', \'puput@si.ihs.ac.id\', \'adad\', \'2026-07-26 18:02:12\', \'2026-07-26 18:02:12\')')
 3 SYSTEMPATH\Database\BaseConnection.php(825): CodeIgniter\Database\BaseConnection->simpleQuery('INSERT INTO `aum` (`nama_aum`, `pimpinan`, `telepon`, `email`, `alamat`, `created_at`, `updated_at`) VALUES (\'adad\', \'dda\', \'0888\', \'puput@si.ihs.ac.id\', \'adad\', \'2026-07-26 18:02:12\', \'2026-07-26 18:02:12\')')
 4 SYSTEMPATH\Database\BaseBuilder.php(2351): CodeIgniter\Database\BaseConnection->query('INSERT INTO `aum` (`nama_aum`, `pimpinan`, `telepon`, `email`, `alamat`, `created_at`, `updated_at`) VALUES (:nama_aum:, :pimpinan:, :telepon:, :email:, :alamat:, :created_at:, :updated_at:)', [...], false)
 5 SYSTEMPATH\Model.php(357): CodeIgniter\Database\BaseBuilder->insert()
 6 SYSTEMPATH\BaseModel.php(899): CodeIgniter\Model->doInsert([...])
 7 SYSTEMPATH\Model.php(670): CodeIgniter\BaseModel->insert([...], false)
 8 SYSTEMPATH\BaseModel.php(752): CodeIgniter\Model->insert([...], false)
 9 APPPATH\Controllers\Admin\Profil.php(69): CodeIgniter\BaseModel->save([...])
10 SYSTEMPATH\CodeIgniter.php(974): App\Controllers\Admin\Profil->simpanAum()
11 SYSTEMPATH\CodeIgniter.php(520): CodeIgniter\CodeIgniter->runController(Object(App\Controllers\Admin\Profil))
12 SYSTEMPATH\CodeIgniter.php(363): CodeIgniter\CodeIgniter->handleRequest(null, Object(Config\Cache), false)
13 SYSTEMPATH\Boot.php(417): CodeIgniter\CodeIgniter->run()
14 SYSTEMPATH\Boot.php(68): CodeIgniter\Boot::runCodeIgniter(Object(CodeIgniter\CodeIgniter))
15 FCPATH\index.php(59): CodeIgniter\Boot::bootWeb(Object(Config\Paths))
CRITICAL - 2026-07-26 18:02:12 --> CodeIgniter\Database\Exceptions\DatabaseException: Unknown column 'updated_at' in 'field list'
[Method: POST, Route: admin/profil/amal-usaha/simpan]
in SYSTEMPATH\Database\BaseConnection.php on line 863.
 1 SYSTEMPATH\Database\BaseBuilder.php(2351): CodeIgniter\Database\BaseConnection->query('INSERT INTO `aum` (`nama_aum`, `pimpinan`, `telepon`, `email`, `alamat`, `created_at`, `updated_at`) VALUES (:nama_aum:, :pimpinan:, :telepon:, :email:, :alamat:, :created_at:, :updated_at:)', [...], false)
 2 SYSTEMPATH\Model.php(357): CodeIgniter\Database\BaseBuilder->insert()
 3 SYSTEMPATH\BaseModel.php(899): CodeIgniter\Model->doInsert([...])
 4 SYSTEMPATH\Model.php(670): CodeIgniter\BaseModel->insert([...], false)
 5 SYSTEMPATH\BaseModel.php(752): CodeIgniter\Model->insert([...], false)
 6 APPPATH\Controllers\Admin\Profil.php(69): CodeIgniter\BaseModel->save([...])
 7 SYSTEMPATH\CodeIgniter.php(974): App\Controllers\Admin\Profil->simpanAum()
 8 SYSTEMPATH\CodeIgniter.php(520): CodeIgniter\CodeIgniter->runController(Object(App\Controllers\Admin\Profil))
 9 SYSTEMPATH\CodeIgniter.php(363): CodeIgniter\CodeIgniter->handleRequest(null, Object(Config\Cache), false)
10 SYSTEMPATH\Boot.php(417): CodeIgniter\CodeIgniter->run()
11 SYSTEMPATH\Boot.php(68): CodeIgniter\Boot::runCodeIgniter(Object(CodeIgniter\CodeIgniter))
12 FCPATH\index.php(59): CodeIgniter\Boot::bootWeb(Object(Config\Paths))
CRITICAL - 2026-07-26 18:02:12 --> [Caused by] CodeIgniter\Database\Exceptions\DatabaseException: Unknown column 'updated_at' in 'field list'
in SYSTEMPATH\Database\MySQLi\Connection.php on line 310.
 1 SYSTEMPATH\Database\BaseConnection.php(908): CodeIgniter\Database\MySQLi\Connection->execute('INSERT INTO `aum` (`nama_aum`, `pimpinan`, `telepon`, `email`, `alamat`, `created_at`, `updated_at`) VALUES (\'adad\', \'dda\', \'0888\', \'puput@si.ihs.ac.id\', \'adad\', \'2026-07-26 18:02:12\', \'2026-07-26 18:02:12\')')
 2 SYSTEMPATH\Database\BaseConnection.php(825): CodeIgniter\Database\BaseConnection->simpleQuery('INSERT INTO `aum` (`nama_aum`, `pimpinan`, `telepon`, `email`, `alamat`, `created_at`, `updated_at`) VALUES (\'adad\', \'dda\', \'0888\', \'puput@si.ihs.ac.id\', \'adad\', \'2026-07-26 18:02:12\', \'2026-07-26 18:02:12\')')
 3 SYSTEMPATH\Database\BaseBuilder.php(2351): CodeIgniter\Database\BaseConnection->query('INSERT INTO `aum` (`nama_aum`, `pimpinan`, `telepon`, `email`, `alamat`, `created_at`, `updated_at`) VALUES (:nama_aum:, :pimpinan:, :telepon:, :email:, :alamat:, :created_at:, :updated_at:)', [...], false)
 4 SYSTEMPATH\Model.php(357): CodeIgniter\Database\BaseBuilder->insert()
 5 SYSTEMPATH\BaseModel.php(899): CodeIgniter\Model->doInsert([...])
 6 SYSTEMPATH\Model.php(670): CodeIgniter\BaseModel->insert([...], false)
 7 SYSTEMPATH\BaseModel.php(752): CodeIgniter\Model->insert([...], false)
 8 APPPATH\Controllers\Admin\Profil.php(69): CodeIgniter\BaseModel->save([...])
 9 SYSTEMPATH\CodeIgniter.php(974): App\Controllers\Admin\Profil->simpanAum()
10 SYSTEMPATH\CodeIgniter.php(520): CodeIgniter\CodeIgniter->runController(Object(App\Controllers\Admin\Profil))
11 SYSTEMPATH\CodeIgniter.php(363): CodeIgniter\CodeIgniter->handleRequest(null, Object(Config\Cache), false)
12 SYSTEMPATH\Boot.php(417): CodeIgniter\CodeIgniter->run()
13 SYSTEMPATH\Boot.php(68): CodeIgniter\Boot::runCodeIgniter(Object(CodeIgniter\CodeIgniter))
14 FCPATH\index.php(59): CodeIgniter\Boot::bootWeb(Object(Config\Paths))
CRITICAL - 2026-07-26 18:02:12 --> [Caused by] mysqli_sql_exception: Unknown column 'updated_at' in 'field list'
in SYSTEMPATH\Database\MySQLi\Connection.php on line 300.
 1 SYSTEMPATH\Database\MySQLi\Connection.php(300): mysqli->query('INSERT INTO `aum` (`nama_aum`, `pimpinan`, `telepon`, `email`, `alamat`, `created_at`, `updated_at`) VALUES (\'adad\', \'dda\', \'0888\', \'puput@si.ihs.ac.id\', \'adad\', \'2026-07-26 18:02:12\', \'2026-07-26 18:02:12\')', 0)
 2 SYSTEMPATH\Database\BaseConnection.php(908): CodeIgniter\Database\MySQLi\Connection->execute('INSERT INTO `aum` (`nama_aum`, `pimpinan`, `telepon`, `email`, `alamat`, `created_at`, `updated_at`) VALUES (\'adad\', \'dda\', \'0888\', \'puput@si.ihs.ac.id\', \'adad\', \'2026-07-26 18:02:12\', \'2026-07-26 18:02:12\')')
 3 SYSTEMPATH\Database\BaseConnection.php(825): CodeIgniter\Database\BaseConnection->simpleQuery('INSERT INTO `aum` (`nama_aum`, `pimpinan`, `telepon`, `email`, `alamat`, `created_at`, `updated_at`) VALUES (\'adad\', \'dda\', \'0888\', \'puput@si.ihs.ac.id\', \'adad\', \'2026-07-26 18:02:12\', \'2026-07-26 18:02:12\')')
 4 SYSTEMPATH\Database\BaseBuilder.php(2351): CodeIgniter\Database\BaseConnection->query('INSERT INTO `aum` (`nama_aum`, `pimpinan`, `telepon`, `email`, `alamat`, `created_at`, `updated_at`) VALUES (:nama_aum:, :pimpinan:, :telepon:, :email:, :alamat:, :created_at:, :updated_at:)', [...], false)
 5 SYSTEMPATH\Model.php(357): CodeIgniter\Database\BaseBuilder->insert()
 6 SYSTEMPATH\BaseModel.php(899): CodeIgniter\Model->doInsert([...])
 7 SYSTEMPATH\Model.php(670): CodeIgniter\BaseModel->insert([...], false)
 8 SYSTEMPATH\BaseModel.php(752): CodeIgniter\Model->insert([...], false)
 9 APPPATH\Controllers\Admin\Profil.php(69): CodeIgniter\BaseModel->save([...])
10 SYSTEMPATH\CodeIgniter.php(974): App\Controllers\Admin\Profil->simpanAum()
11 SYSTEMPATH\CodeIgniter.php(520): CodeIgniter\CodeIgniter->runController(Object(App\Controllers\Admin\Profil))
12 SYSTEMPATH\CodeIgniter.php(363): CodeIgniter\CodeIgniter->handleRequest(null, Object(Config\Cache), false)
13 SYSTEMPATH\Boot.php(417): CodeIgniter\CodeIgniter->run()
14 SYSTEMPATH\Boot.php(68): CodeIgniter\Boot::runCodeIgniter(Object(CodeIgniter\CodeIgniter))
15 FCPATH\index.php(59): CodeIgniter\Boot::bootWeb(Object(Config\Paths))
DEBUG - 2026-07-26 18:03:44 --> Session: Class initialized using 'CodeIgniter\Session\Handlers\FileHandler' driver.
DEBUG - 2026-07-26 18:03:44 --> Session: Class initialized using 'CodeIgniter\Session\Handlers\FileHandler' driver.
ERROR - 2026-07-26 18:04:10 --> Unknown column 'aum.id' in 'where clause'
in SYSTEMPATH\Database\MySQLi\Connection.php on line 300.
 1 SYSTEMPATH\Database\MySQLi\Connection.php(300): mysqli->query('SELECT *
FROM `aum`
WHERE `aum`.`id` = \'1\'', 0)
 2 SYSTEMPATH\Database\BaseConnection.php(908): CodeIgniter\Database\MySQLi\Connection->execute('SELECT *
FROM `aum`
WHERE `aum`.`id` = \'1\'')
 3 SYSTEMPATH\Database\BaseConnection.php(825): CodeIgniter\Database\BaseConnection->simpleQuery('SELECT *
FROM `aum`
WHERE `aum`.`id` = \'1\'')
 4 SYSTEMPATH\Database\BaseBuilder.php(1655): CodeIgniter\Database\BaseConnection->query('SELECT *
FROM `aum`
WHERE `aum`.`id` = :aum.id:', [...], false)
 5 SYSTEMPATH\Model.php(194): CodeIgniter\Database\BaseBuilder->get()
 6 SYSTEMPATH\BaseModel.php(615): CodeIgniter\Model->doFind(true, '1')
 7 APPPATH\Controllers\Admin\Profil.php(87): CodeIgniter\BaseModel->find('1')
 8 SYSTEMPATH\CodeIgniter.php(974): App\Controllers\Admin\Profil->updateAum('1')
 9 SYSTEMPATH\CodeIgniter.php(520): CodeIgniter\CodeIgniter->runController(Object(App\Controllers\Admin\Profil))
10 SYSTEMPATH\CodeIgniter.php(363): CodeIgniter\CodeIgniter->handleRequest(null, Object(Config\Cache), false)
11 SYSTEMPATH\Boot.php(417): CodeIgniter\CodeIgniter->run()
12 SYSTEMPATH\Boot.php(68): CodeIgniter\Boot::runCodeIgniter(Object(CodeIgniter\CodeIgniter))
13 FCPATH\index.php(59): CodeIgniter\Boot::bootWeb(Object(Config\Paths))
CRITICAL - 2026-07-26 18:04:10 --> CodeIgniter\Database\Exceptions\DatabaseException: Unknown column 'aum.id' in 'where clause'
[Method: POST, Route: admin/profil/amal-usaha/update/1]
in SYSTEMPATH\Database\BaseConnection.php on line 863.
 1 SYSTEMPATH\Database\BaseBuilder.php(1655): CodeIgniter\Database\BaseConnection->query('SELECT *
FROM `aum`
WHERE `aum`.`id` = :aum.id:', [...], false)
 2 SYSTEMPATH\Model.php(194): CodeIgniter\Database\BaseBuilder->get()
 3 SYSTEMPATH\BaseModel.php(615): CodeIgniter\Model->doFind(true, '1')
 4 APPPATH\Controllers\Admin\Profil.php(87): CodeIgniter\BaseModel->find('1')
 5 SYSTEMPATH\CodeIgniter.php(974): App\Controllers\Admin\Profil->updateAum('1')
 6 SYSTEMPATH\CodeIgniter.php(520): CodeIgniter\CodeIgniter->runController(Object(App\Controllers\Admin\Profil))
 7 SYSTEMPATH\CodeIgniter.php(363): CodeIgniter\CodeIgniter->handleRequest(null, Object(Config\Cache), false)
 8 SYSTEMPATH\Boot.php(417): CodeIgniter\CodeIgniter->run()
 9 SYSTEMPATH\Boot.php(68): CodeIgniter\Boot::runCodeIgniter(Object(CodeIgniter\CodeIgniter))
10 FCPATH\index.php(59): CodeIgniter\Boot::bootWeb(Object(Config\Paths))
CRITICAL - 2026-07-26 18:04:10 --> [Caused by] CodeIgniter\Database\Exceptions\DatabaseException: Unknown column 'aum.id' in 'where clause'
in SYSTEMPATH\Database\MySQLi\Connection.php on line 310.
 1 SYSTEMPATH\Database\BaseConnection.php(908): CodeIgniter\Database\MySQLi\Connection->execute('SELECT *
FROM `aum`
WHERE `aum`.`id` = \'1\'')
 2 SYSTEMPATH\Database\BaseConnection.php(825): CodeIgniter\Database\BaseConnection->simpleQuery('SELECT *
FROM `aum`
WHERE `aum`.`id` = \'1\'')
 3 SYSTEMPATH\Database\BaseBuilder.php(1655): CodeIgniter\Database\BaseConnection->query('SELECT *
FROM `aum`
WHERE `aum`.`id` = :aum.id:', [...], false)
 4 SYSTEMPATH\Model.php(194): CodeIgniter\Database\BaseBuilder->get()
 5 SYSTEMPATH\BaseModel.php(615): CodeIgniter\Model->doFind(true, '1')
 6 APPPATH\Controllers\Admin\Profil.php(87): CodeIgniter\BaseModel->find('1')
 7 SYSTEMPATH\CodeIgniter.php(974): App\Controllers\Admin\Profil->updateAum('1')
 8 SYSTEMPATH\CodeIgniter.php(520): CodeIgniter\CodeIgniter->runController(Object(App\Controllers\Admin\Profil))
 9 SYSTEMPATH\CodeIgniter.php(363): CodeIgniter\CodeIgniter->handleRequest(null, Object(Config\Cache), false)
10 SYSTEMPATH\Boot.php(417): CodeIgniter\CodeIgniter->run()
11 SYSTEMPATH\Boot.php(68): CodeIgniter\Boot::runCodeIgniter(Object(CodeIgniter\CodeIgniter))
12 FCPATH\index.php(59): CodeIgniter\Boot::bootWeb(Object(Config\Paths))
CRITICAL - 2026-07-26 18:04:10 --> [Caused by] mysqli_sql_exception: Unknown column 'aum.id' in 'where clause'
in SYSTEMPATH\Database\MySQLi\Connection.php on line 300.
 1 SYSTEMPATH\Database\MySQLi\Connection.php(300): mysqli->query('SELECT *
FROM `aum`
WHERE `aum`.`id` = \'1\'', 0)
 2 SYSTEMPATH\Database\BaseConnection.php(908): CodeIgniter\Database\MySQLi\Connection->execute('SELECT *
FROM `aum`
WHERE `aum`.`id` = \'1\'')
 3 SYSTEMPATH\Database\BaseConnection.php(825): CodeIgniter\Database\BaseConnection->simpleQuery('SELECT *
FROM `aum`
WHERE `aum`.`id` = \'1\'')
 4 SYSTEMPATH\Database\BaseBuilder.php(1655): CodeIgniter\Database\BaseConnection->query('SELECT *
FROM `aum`
WHERE `aum`.`id` = :aum.id:', [...], false)
 5 SYSTEMPATH\Model.php(194): CodeIgniter\Database\BaseBuilder->get()
 6 SYSTEMPATH\BaseModel.php(615): CodeIgniter\Model->doFind(true, '1')
 7 APPPATH\Controllers\Admin\Profil.php(87): CodeIgniter\BaseModel->find('1')
 8 SYSTEMPATH\CodeIgniter.php(974): App\Controllers\Admin\Profil->updateAum('1')
 9 SYSTEMPATH\CodeIgniter.php(520): CodeIgniter\CodeIgniter->runController(Object(App\Controllers\Admin\Profil))
10 SYSTEMPATH\CodeIgniter.php(363): CodeIgniter\CodeIgniter->handleRequest(null, Object(Config\Cache), false)
11 SYSTEMPATH\Boot.php(417): CodeIgniter\CodeIgniter->run()
12 SYSTEMPATH\Boot.php(68): CodeIgniter\Boot::runCodeIgniter(Object(CodeIgniter\CodeIgniter))
13 FCPATH\index.php(59): CodeIgniter\Boot::bootWeb(Object(Config\Paths))
DEBUG - 2026-07-26 18:04:56 --> Session: Class initialized using 'CodeIgniter\Session\Handlers\FileHandler' driver.
DEBUG - 2026-07-26 18:04:56 --> Session: Class initialized using 'CodeIgniter\Session\Handlers\FileHandler' driver.
DEBUG - 2026-07-26 18:05:10 --> Session: Class initialized using 'CodeIgniter\Session\Handlers\FileHandler' driver.
DEBUG - 2026-07-26 18:05:10 --> Session: Class initialized using 'CodeIgniter\Session\Handlers\FileHandler' driver.
