DEBUG - 2026-07-27 03:19:53 --> Session: Class initialized using 'CodeIgniter\Session\Handlers\FileHandler' driver.
DEBUG - 2026-07-27 03:20:16 --> Session: Class initialized using 'CodeIgniter\Session\Handlers\FileHandler' driver.
DEBUG - 2026-07-27 03:28:46 --> Session: Class initialized using 'CodeIgniter\Session\Handlers\FileHandler' driver.
DEBUG - 2026-07-27 03:30:38 --> Session: Class initialized using 'CodeIgniter\Session\Handlers\FileHandler' driver.
DEBUG - 2026-07-27 03:33:59 --> Session: Class initialized using 'CodeIgniter\Session\Handlers\FileHandler' driver.
DEBUG - 2026-07-27 03:45:16 --> Session: Class initialized using 'CodeIgniter\Session\Handlers\FileHandler' driver.
DEBUG - 2026-07-27 03:45:35 --> Session: Class initialized using 'CodeIgniter\Session\Handlers\FileHandler' driver.
DEBUG - 2026-07-27 03:45:40 --> Session: Class initialized using 'CodeIgniter\Session\Handlers\FileHandler' driver.
DEBUG - 2026-07-27 03:46:22 --> Session: Class initialized using 'CodeIgniter\Session\Handlers\FileHandler' driver.
DEBUG - 2026-07-27 03:46:22 --> Session: Class initialized using 'CodeIgniter\Session\Handlers\FileHandler' driver.
DEBUG - 2026-07-27 03:46:39 --> Session: Class initialized using 'CodeIgniter\Session\Handlers\FileHandler' driver.
DEBUG - 2026-07-27 04:11:47 --> Session: Class initialized using 'CodeIgniter\Session\Handlers\FileHandler' driver.
DEBUG - 2026-07-27 04:15:48 --> Session: Class initialized using 'CodeIgniter\Session\Handlers\FileHandler' driver.
DEBUG - 2026-07-27 04:17:04 --> Session: Class initialized using 'CodeIgniter\Session\Handlers\FileHandler' driver.
DEBUG - 2026-07-27 04:21:55 --> Session: Class initialized using 'CodeIgniter\Session\Handlers\FileHandler' driver.
DEBUG - 2026-07-27 04:22:05 --> Session: Class initialized using 'CodeIgniter\Session\Handlers\FileHandler' driver.
ERROR - 2026-07-27 04:22:05 --> Unknown column 'updated_at' in 'field list'
in SYSTEMPATH\Database\MySQLi\Connection.php on line 300.
 1 SYSTEMPATH\Database\MySQLi\Connection.php(300): mysqli->query('INSERT INTO `refleksi` (`judul`, `isi`, `penulis`, `created_at`, `updated_at`) VALUES (\'dffs\', \'ffaff\', \'Admin\', \'2026-07-27 04:22:05\', \'2026-07-27 04:22:05\')', 0)
 2 SYSTEMPATH\Database\BaseConnection.php(908): CodeIgniter\Database\MySQLi\Connection->execute('INSERT INTO `refleksi` (`judul`, `isi`, `penulis`, `created_at`, `updated_at`) VALUES (\'dffs\', \'ffaff\', \'Admin\', \'2026-07-27 04:22:05\', \'2026-07-27 04:22:05\')')
 3 SYSTEMPATH\Database\BaseConnection.php(825): CodeIgniter\Database\BaseConnection->simpleQuery('INSERT INTO `refleksi` (`judul`, `isi`, `penulis`, `created_at`, `updated_at`) VALUES (\'dffs\', \'ffaff\', \'Admin\', \'2026-07-27 04:22:05\', \'2026-07-27 04:22:05\')')
 4 SYSTEMPATH\Database\BaseBuilder.php(2351): CodeIgniter\Database\BaseConnection->query('INSERT INTO `refleksi` (`judul`, `isi`, `penulis`, `created_at`, `updated_at`) VALUES (:judul:, :isi:, :penulis:, :created_at:, :updated_at:)', [...], false)
 5 SYSTEMPATH\Model.php(357): CodeIgniter\Database\BaseBuilder->insert()
 6 SYSTEMPATH\BaseModel.php(899): CodeIgniter\Model->doInsert([...])
 7 SYSTEMPATH\Model.php(670): CodeIgniter\BaseModel->insert([...], false)
 8 SYSTEMPATH\BaseModel.php(752): CodeIgniter\Model->insert([...], false)
 9 APPPATH\Controllers\Admin\Refleksi.php(31): CodeIgniter\BaseModel->save([...])
10 SYSTEMPATH\CodeIgniter.php(974): App\Controllers\Admin\Refleksi->simpan()
11 SYSTEMPATH\CodeIgniter.php(520): CodeIgniter\CodeIgniter->runController(Object(App\Controllers\Admin\Refleksi))
12 SYSTEMPATH\CodeIgniter.php(363): CodeIgniter\CodeIgniter->handleRequest(null, Object(Config\Cache), false)
13 SYSTEMPATH\Boot.php(417): CodeIgniter\CodeIgniter->run()
14 SYSTEMPATH\Boot.php(68): CodeIgniter\Boot::runCodeIgniter(Object(CodeIgniter\CodeIgniter))
15 FCPATH\index.php(59): CodeIgniter\Boot::bootWeb(Object(Config\Paths))
DEBUG - 2026-07-27 04:22:27 --> Session: Class initialized using 'CodeIgniter\Session\Handlers\FileHandler' driver.
ERROR - 2026-07-27 06:03:15 --> Table 'db_pwmuhammadiyah.amal_usaha' doesn't exist
in SYSTEMPATH\Database\MySQLi\Connection.php on line 300.
 1 SYSTEMPATH\Database\MySQLi\Connection.php(300): mysqli->query('SELECT COUNT(*) AS `numrows`
FROM `amal_usaha`', 0)
 2 SYSTEMPATH\Database\BaseConnection.php(908): CodeIgniter\Database\MySQLi\Connection->execute('SELECT COUNT(*) AS `numrows`
FROM `amal_usaha`')
 3 SYSTEMPATH\Database\BaseConnection.php(825): CodeIgniter\Database\BaseConnection->simpleQuery('SELECT COUNT(*) AS `numrows`
FROM `amal_usaha`')
 4 SYSTEMPATH\Database\BaseBuilder.php(1739): CodeIgniter\Database\BaseConnection->query('SELECT COUNT(*) AS `numrows`
FROM `amal_usaha`', [], false)
 5 APPPATH\Controllers\Dashboard.php(22): CodeIgniter\Database\BaseBuilder->countAllResults()
 6 SYSTEMPATH\CodeIgniter.php(974): App\Controllers\Dashboard->index()
 7 SYSTEMPATH\CodeIgniter.php(520): CodeIgniter\CodeIgniter->runController(Object(App\Controllers\Dashboard))
 8 SYSTEMPATH\CodeIgniter.php(363): CodeIgniter\CodeIgniter->handleRequest(null, Object(Config\Cache), false)
 9 SYSTEMPATH\Boot.php(417): CodeIgniter\CodeIgniter->run()
10 SYSTEMPATH\Boot.php(68): CodeIgniter\Boot::runCodeIgniter(Object(CodeIgniter\CodeIgniter))
11 FCPATH\index.php(59): CodeIgniter\Boot::bootWeb(Object(Config\Paths))
CRITICAL - 2026-07-27 06:03:15 --> CodeIgniter\Database\Exceptions\DatabaseException: Table 'db_pwmuhammadiyah.amal_usaha' doesn't exist
[Method: GET, Route: dashboard]
in SYSTEMPATH\Database\BaseConnection.php on line 863.
 1 SYSTEMPATH\Database\BaseBuilder.php(1739): CodeIgniter\Database\BaseConnection->query('SELECT COUNT(*) AS `numrows`
FROM `amal_usaha`', [], false)
 2 APPPATH\Controllers\Dashboard.php(22): CodeIgniter\Database\BaseBuilder->countAllResults()
 3 SYSTEMPATH\CodeIgniter.php(974): App\Controllers\Dashboard->index()
 4 SYSTEMPATH\CodeIgniter.php(520): CodeIgniter\CodeIgniter->runController(Object(App\Controllers\Dashboard))
 5 SYSTEMPATH\CodeIgniter.php(363): CodeIgniter\CodeIgniter->handleRequest(null, Object(Config\Cache), false)
 6 SYSTEMPATH\Boot.php(417): CodeIgniter\CodeIgniter->run()
 7 SYSTEMPATH\Boot.php(68): CodeIgniter\Boot::runCodeIgniter(Object(CodeIgniter\CodeIgniter))
 8 FCPATH\index.php(59): CodeIgniter\Boot::bootWeb(Object(Config\Paths))
CRITICAL - 2026-07-27 06:03:15 --> [Caused by] CodeIgniter\Database\Exceptions\DatabaseException: Table 'db_pwmuhammadiyah.amal_usaha' doesn't exist
in SYSTEMPATH\Database\MySQLi\Connection.php on line 310.
 1 SYSTEMPATH\Database\BaseConnection.php(908): CodeIgniter\Database\MySQLi\Connection->execute('SELECT COUNT(*) AS `numrows`
FROM `amal_usaha`')
 2 SYSTEMPATH\Database\BaseConnection.php(825): CodeIgniter\Database\BaseConnection->simpleQuery('SELECT COUNT(*) AS `numrows`
FROM `amal_usaha`')
 3 SYSTEMPATH\Database\BaseBuilder.php(1739): CodeIgniter\Database\BaseConnection->query('SELECT COUNT(*) AS `numrows`
FROM `amal_usaha`', [], false)
 4 APPPATH\Controllers\Dashboard.php(22): CodeIgniter\Database\BaseBuilder->countAllResults()
 5 SYSTEMPATH\CodeIgniter.php(974): App\Controllers\Dashboard->index()
 6 SYSTEMPATH\CodeIgniter.php(520): CodeIgniter\CodeIgniter->runController(Object(App\Controllers\Dashboard))
 7 SYSTEMPATH\CodeIgniter.php(363): CodeIgniter\CodeIgniter->handleRequest(null, Object(Config\Cache), false)
 8 SYSTEMPATH\Boot.php(417): CodeIgniter\CodeIgniter->run()
 9 SYSTEMPATH\Boot.php(68): CodeIgniter\Boot::runCodeIgniter(Object(CodeIgniter\CodeIgniter))
10 FCPATH\index.php(59): CodeIgniter\Boot::bootWeb(Object(Config\Paths))
CRITICAL - 2026-07-27 06:03:15 --> [Caused by] mysqli_sql_exception: Table 'db_pwmuhammadiyah.amal_usaha' doesn't exist
in SYSTEMPATH\Database\MySQLi\Connection.php on line 300.
 1 SYSTEMPATH\Database\MySQLi\Connection.php(300): mysqli->query('SELECT COUNT(*) AS `numrows`
FROM `amal_usaha`', 0)
 2 SYSTEMPATH\Database\BaseConnection.php(908): CodeIgniter\Database\MySQLi\Connection->execute('SELECT COUNT(*) AS `numrows`
FROM `amal_usaha`')
 3 SYSTEMPATH\Database\BaseConnection.php(825): CodeIgniter\Database\BaseConnection->simpleQuery('SELECT COUNT(*) AS `numrows`
FROM `amal_usaha`')
 4 SYSTEMPATH\Database\BaseBuilder.php(1739): CodeIgniter\Database\BaseConnection->query('SELECT COUNT(*) AS `numrows`
FROM `amal_usaha`', [], false)
 5 APPPATH\Controllers\Dashboard.php(22): CodeIgniter\Database\BaseBuilder->countAllResults()
 6 SYSTEMPATH\CodeIgniter.php(974): App\Controllers\Dashboard->index()
 7 SYSTEMPATH\CodeIgniter.php(520): CodeIgniter\CodeIgniter->runController(Object(App\Controllers\Dashboard))
 8 SYSTEMPATH\CodeIgniter.php(363): CodeIgniter\CodeIgniter->handleRequest(null, Object(Config\Cache), false)
 9 SYSTEMPATH\Boot.php(417): CodeIgniter\CodeIgniter->run()
10 SYSTEMPATH\Boot.php(68): CodeIgniter\Boot::runCodeIgniter(Object(CodeIgniter\CodeIgniter))
11 FCPATH\index.php(59): CodeIgniter\Boot::bootWeb(Object(Config\Paths))
ERROR - 2026-07-27 06:03:20 --> Table 'db_pwmuhammadiyah.amal_usaha' doesn't exist
in SYSTEMPATH\Database\MySQLi\Connection.php on line 300.
 1 SYSTEMPATH\Database\MySQLi\Connection.php(300): mysqli->query('SELECT COUNT(*) AS `numrows`
FROM `amal_usaha`', 0)
 2 SYSTEMPATH\Database\BaseConnection.php(908): CodeIgniter\Database\MySQLi\Connection->execute('SELECT COUNT(*) AS `numrows`
FROM `amal_usaha`')
 3 SYSTEMPATH\Database\BaseConnection.php(825): CodeIgniter\Database\BaseConnection->simpleQuery('SELECT COUNT(*) AS `numrows`
FROM `amal_usaha`')
 4 SYSTEMPATH\Database\BaseBuilder.php(1739): CodeIgniter\Database\BaseConnection->query('SELECT COUNT(*) AS `numrows`
FROM `amal_usaha`', [], false)
 5 APPPATH\Controllers\Dashboard.php(22): CodeIgniter\Database\BaseBuilder->countAllResults()
 6 SYSTEMPATH\CodeIgniter.php(974): App\Controllers\Dashboard->index()
 7 SYSTEMPATH\CodeIgniter.php(520): CodeIgniter\CodeIgniter->runController(Object(App\Controllers\Dashboard))
 8 SYSTEMPATH\CodeIgniter.php(363): CodeIgniter\CodeIgniter->handleRequest(null, Object(Config\Cache), false)
 9 SYSTEMPATH\Boot.php(417): CodeIgniter\CodeIgniter->run()
10 SYSTEMPATH\Boot.php(68): CodeIgniter\Boot::runCodeIgniter(Object(CodeIgniter\CodeIgniter))
11 FCPATH\index.php(59): CodeIgniter\Boot::bootWeb(Object(Config\Paths))
CRITICAL - 2026-07-27 06:03:20 --> CodeIgniter\Database\Exceptions\DatabaseException: Table 'db_pwmuhammadiyah.amal_usaha' doesn't exist
[Method: GET, Route: dashboard]
in SYSTEMPATH\Database\BaseConnection.php on line 863.
 1 SYSTEMPATH\Database\BaseBuilder.php(1739): CodeIgniter\Database\BaseConnection->query('SELECT COUNT(*) AS `numrows`
FROM `amal_usaha`', [], false)
 2 APPPATH\Controllers\Dashboard.php(22): CodeIgniter\Database\BaseBuilder->countAllResults()
 3 SYSTEMPATH\CodeIgniter.php(974): App\Controllers\Dashboard->index()
 4 SYSTEMPATH\CodeIgniter.php(520): CodeIgniter\CodeIgniter->runController(Object(App\Controllers\Dashboard))
 5 SYSTEMPATH\CodeIgniter.php(363): CodeIgniter\CodeIgniter->handleRequest(null, Object(Config\Cache), false)
 6 SYSTEMPATH\Boot.php(417): CodeIgniter\CodeIgniter->run()
 7 SYSTEMPATH\Boot.php(68): CodeIgniter\Boot::runCodeIgniter(Object(CodeIgniter\CodeIgniter))
 8 FCPATH\index.php(59): CodeIgniter\Boot::bootWeb(Object(Config\Paths))
CRITICAL - 2026-07-27 06:03:20 --> [Caused by] CodeIgniter\Database\Exceptions\DatabaseException: Table 'db_pwmuhammadiyah.amal_usaha' doesn't exist
in SYSTEMPATH\Database\MySQLi\Connection.php on line 310.
 1 SYSTEMPATH\Database\BaseConnection.php(908): CodeIgniter\Database\MySQLi\Connection->execute('SELECT COUNT(*) AS `numrows`
FROM `amal_usaha`')
 2 SYSTEMPATH\Database\BaseConnection.php(825): CodeIgniter\Database\BaseConnection->simpleQuery('SELECT COUNT(*) AS `numrows`
FROM `amal_usaha`')
 3 SYSTEMPATH\Database\BaseBuilder.php(1739): CodeIgniter\Database\BaseConnection->query('SELECT COUNT(*) AS `numrows`
FROM `amal_usaha`', [], false)
 4 APPPATH\Controllers\Dashboard.php(22): CodeIgniter\Database\BaseBuilder->countAllResults()
 5 SYSTEMPATH\CodeIgniter.php(974): App\Controllers\Dashboard->index()
 6 SYSTEMPATH\CodeIgniter.php(520): CodeIgniter\CodeIgniter->runController(Object(App\Controllers\Dashboard))
 7 SYSTEMPATH\CodeIgniter.php(363): CodeIgniter\CodeIgniter->handleRequest(null, Object(Config\Cache), false)
 8 SYSTEMPATH\Boot.php(417): CodeIgniter\CodeIgniter->run()
 9 SYSTEMPATH\Boot.php(68): CodeIgniter\Boot::runCodeIgniter(Object(CodeIgniter\CodeIgniter))
10 FCPATH\index.php(59): CodeIgniter\Boot::bootWeb(Object(Config\Paths))
CRITICAL - 2026-07-27 06:03:20 --> [Caused by] mysqli_sql_exception: Table 'db_pwmuhammadiyah.amal_usaha' doesn't exist
in SYSTEMPATH\Database\MySQLi\Connection.php on line 300.
 1 SYSTEMPATH\Database\MySQLi\Connection.php(300): mysqli->query('SELECT COUNT(*) AS `numrows`
FROM `amal_usaha`', 0)
 2 SYSTEMPATH\Database\BaseConnection.php(908): CodeIgniter\Database\MySQLi\Connection->execute('SELECT COUNT(*) AS `numrows`
FROM `amal_usaha`')
 3 SYSTEMPATH\Database\BaseConnection.php(825): CodeIgniter\Database\BaseConnection->simpleQuery('SELECT COUNT(*) AS `numrows`
FROM `amal_usaha`')
 4 SYSTEMPATH\Database\BaseBuilder.php(1739): CodeIgniter\Database\BaseConnection->query('SELECT COUNT(*) AS `numrows`
FROM `amal_usaha`', [], false)
 5 APPPATH\Controllers\Dashboard.php(22): CodeIgniter\Database\BaseBuilder->countAllResults()
 6 SYSTEMPATH\CodeIgniter.php(974): App\Controllers\Dashboard->index()
 7 SYSTEMPATH\CodeIgniter.php(520): CodeIgniter\CodeIgniter->runController(Object(App\Controllers\Dashboard))
 8 SYSTEMPATH\CodeIgniter.php(363): CodeIgniter\CodeIgniter->handleRequest(null, Object(Config\Cache), false)
 9 SYSTEMPATH\Boot.php(417): CodeIgniter\CodeIgniter->run()
10 SYSTEMPATH\Boot.php(68): CodeIgniter\Boot::runCodeIgniter(Object(CodeIgniter\CodeIgniter))
11 FCPATH\index.php(59): CodeIgniter\Boot::bootWeb(Object(Config\Paths))
ERROR - 2026-07-27 06:03:21 --> Table 'db_pwmuhammadiyah.amal_usaha' doesn't exist
in SYSTEMPATH\Database\MySQLi\Connection.php on line 300.
 1 SYSTEMPATH\Database\MySQLi\Connection.php(300): mysqli->query('SELECT COUNT(*) AS `numrows`
FROM `amal_usaha`', 0)
 2 SYSTEMPATH\Database\BaseConnection.php(908): CodeIgniter\Database\MySQLi\Connection->execute('SELECT COUNT(*) AS `numrows`
FROM `amal_usaha`')
 3 SYSTEMPATH\Database\BaseConnection.php(825): CodeIgniter\Database\BaseConnection->simpleQuery('SELECT COUNT(*) AS `numrows`
FROM `amal_usaha`')
 4 SYSTEMPATH\Database\BaseBuilder.php(1739): CodeIgniter\Database\BaseConnection->query('SELECT COUNT(*) AS `numrows`
FROM `amal_usaha`', [], false)
 5 APPPATH\Controllers\Dashboard.php(22): CodeIgniter\Database\BaseBuilder->countAllResults()
 6 SYSTEMPATH\CodeIgniter.php(974): App\Controllers\Dashboard->index()
 7 SYSTEMPATH\CodeIgniter.php(520): CodeIgniter\CodeIgniter->runController(Object(App\Controllers\Dashboard))
 8 SYSTEMPATH\CodeIgniter.php(363): CodeIgniter\CodeIgniter->handleRequest(null, Object(Config\Cache), false)
 9 SYSTEMPATH\Boot.php(417): CodeIgniter\CodeIgniter->run()
10 SYSTEMPATH\Boot.php(68): CodeIgniter\Boot::runCodeIgniter(Object(CodeIgniter\CodeIgniter))
11 FCPATH\index.php(59): CodeIgniter\Boot::bootWeb(Object(Config\Paths))
CRITICAL - 2026-07-27 06:03:21 --> CodeIgniter\Database\Exceptions\DatabaseException: Table 'db_pwmuhammadiyah.amal_usaha' doesn't exist
[Method: GET, Route: dashboard]
in SYSTEMPATH\Database\BaseConnection.php on line 863.
 1 SYSTEMPATH\Database\BaseBuilder.php(1739): CodeIgniter\Database\BaseConnection->query('SELECT COUNT(*) AS `numrows`
FROM `amal_usaha`', [], false)
 2 APPPATH\Controllers\Dashboard.php(22): CodeIgniter\Database\BaseBuilder->countAllResults()
 3 SYSTEMPATH\CodeIgniter.php(974): App\Controllers\Dashboard->index()
 4 SYSTEMPATH\CodeIgniter.php(520): CodeIgniter\CodeIgniter->runController(Object(App\Controllers\Dashboard))
 5 SYSTEMPATH\CodeIgniter.php(363): CodeIgniter\CodeIgniter->handleRequest(null, Object(Config\Cache), false)
 6 SYSTEMPATH\Boot.php(417): CodeIgniter\CodeIgniter->run()
 7 SYSTEMPATH\Boot.php(68): CodeIgniter\Boot::runCodeIgniter(Object(CodeIgniter\CodeIgniter))
 8 FCPATH\index.php(59): CodeIgniter\Boot::bootWeb(Object(Config\Paths))
CRITICAL - 2026-07-27 06:03:21 --> [Caused by] CodeIgniter\Database\Exceptions\DatabaseException: Table 'db_pwmuhammadiyah.amal_usaha' doesn't exist
in SYSTEMPATH\Database\MySQLi\Connection.php on line 310.
 1 SYSTEMPATH\Database\BaseConnection.php(908): CodeIgniter\Database\MySQLi\Connection->execute('SELECT COUNT(*) AS `numrows`
FROM `amal_usaha`')
 2 SYSTEMPATH\Database\BaseConnection.php(825): CodeIgniter\Database\BaseConnection->simpleQuery('SELECT COUNT(*) AS `numrows`
FROM `amal_usaha`')
 3 SYSTEMPATH\Database\BaseBuilder.php(1739): CodeIgniter\Database\BaseConnection->query('SELECT COUNT(*) AS `numrows`
FROM `amal_usaha`', [], false)
 4 APPPATH\Controllers\Dashboard.php(22): CodeIgniter\Database\BaseBuilder->countAllResults()
 5 SYSTEMPATH\CodeIgniter.php(974): App\Controllers\Dashboard->index()
 6 SYSTEMPATH\CodeIgniter.php(520): CodeIgniter\CodeIgniter->runController(Object(App\Controllers\Dashboard))
 7 SYSTEMPATH\CodeIgniter.php(363): CodeIgniter\CodeIgniter->handleRequest(null, Object(Config\Cache), false)
 8 SYSTEMPATH\Boot.php(417): CodeIgniter\CodeIgniter->run()
 9 SYSTEMPATH\Boot.php(68): CodeIgniter\Boot::runCodeIgniter(Object(CodeIgniter\CodeIgniter))
10 FCPATH\index.php(59): CodeIgniter\Boot::bootWeb(Object(Config\Paths))
CRITICAL - 2026-07-27 06:03:21 --> [Caused by] mysqli_sql_exception: Table 'db_pwmuhammadiyah.amal_usaha' doesn't exist
in SYSTEMPATH\Database\MySQLi\Connection.php on line 300.
 1 SYSTEMPATH\Database\MySQLi\Connection.php(300): mysqli->query('SELECT COUNT(*) AS `numrows`
FROM `amal_usaha`', 0)
 2 SYSTEMPATH\Database\BaseConnection.php(908): CodeIgniter\Database\MySQLi\Connection->execute('SELECT COUNT(*) AS `numrows`
FROM `amal_usaha`')
 3 SYSTEMPATH\Database\BaseConnection.php(825): CodeIgniter\Database\BaseConnection->simpleQuery('SELECT COUNT(*) AS `numrows`
FROM `amal_usaha`')
 4 SYSTEMPATH\Database\BaseBuilder.php(1739): CodeIgniter\Database\BaseConnection->query('SELECT COUNT(*) AS `numrows`
FROM `amal_usaha`', [], false)
 5 APPPATH\Controllers\Dashboard.php(22): CodeIgniter\Database\BaseBuilder->countAllResults()
 6 SYSTEMPATH\CodeIgniter.php(974): App\Controllers\Dashboard->index()
 7 SYSTEMPATH\CodeIgniter.php(520): CodeIgniter\CodeIgniter->runController(Object(App\Controllers\Dashboard))
 8 SYSTEMPATH\CodeIgniter.php(363): CodeIgniter\CodeIgniter->handleRequest(null, Object(Config\Cache), false)
 9 SYSTEMPATH\Boot.php(417): CodeIgniter\CodeIgniter->run()
10 SYSTEMPATH\Boot.php(68): CodeIgniter\Boot::runCodeIgniter(Object(CodeIgniter\CodeIgniter))
11 FCPATH\index.php(59): CodeIgniter\Boot::bootWeb(Object(Config\Paths))
DEBUG - 2026-07-27 06:03:59 --> Session: Class initialized using 'CodeIgniter\Session\Handlers\FileHandler' driver.
ERROR - 2026-07-27 06:03:59 --> Table 'db_pwmuhammadiyah.amal_usaha' doesn't exist
in SYSTEMPATH\Database\MySQLi\Connection.php on line 300.
 1 SYSTEMPATH\Database\MySQLi\Connection.php(300): mysqli->query('SELECT COUNT(*) AS `numrows`
FROM `amal_usaha`', 0)
 2 SYSTEMPATH\Database\BaseConnection.php(908): CodeIgniter\Database\MySQLi\Connection->execute('SELECT COUNT(*) AS `numrows`
FROM `amal_usaha`')
 3 SYSTEMPATH\Database\BaseConnection.php(825): CodeIgniter\Database\BaseConnection->simpleQuery('SELECT COUNT(*) AS `numrows`
FROM `amal_usaha`')
 4 SYSTEMPATH\Database\BaseBuilder.php(1739): CodeIgniter\Database\BaseConnection->query('SELECT COUNT(*) AS `numrows`
FROM `amal_usaha`', [], false)
 5 APPPATH\Controllers\Dashboard.php(22): CodeIgniter\Database\BaseBuilder->countAllResults()
 6 SYSTEMPATH\CodeIgniter.php(974): App\Controllers\Dashboard->index()
 7 SYSTEMPATH\CodeIgniter.php(520): CodeIgniter\CodeIgniter->runController(Object(App\Controllers\Dashboard))
 8 SYSTEMPATH\CodeIgniter.php(363): CodeIgniter\CodeIgniter->handleRequest(null, Object(Config\Cache), false)
 9 SYSTEMPATH\Boot.php(417): CodeIgniter\CodeIgniter->run()
10 SYSTEMPATH\Boot.php(68): CodeIgniter\Boot::runCodeIgniter(Object(CodeIgniter\CodeIgniter))
11 FCPATH\index.php(59): CodeIgniter\Boot::bootWeb(Object(Config\Paths))
CRITICAL - 2026-07-27 06:03:59 --> CodeIgniter\Database\Exceptions\DatabaseException: Table 'db_pwmuhammadiyah.amal_usaha' doesn't exist
[Method: GET, Route: dashboard]
in SYSTEMPATH\Database\BaseConnection.php on line 863.
 1 SYSTEMPATH\Database\BaseBuilder.php(1739): CodeIgniter\Database\BaseConnection->query('SELECT COUNT(*) AS `numrows`
FROM `amal_usaha`', [], false)
 2 APPPATH\Controllers\Dashboard.php(22): CodeIgniter\Database\BaseBuilder->countAllResults()
 3 SYSTEMPATH\CodeIgniter.php(974): App\Controllers\Dashboard->index()
 4 SYSTEMPATH\CodeIgniter.php(520): CodeIgniter\CodeIgniter->runController(Object(App\Controllers\Dashboard))
 5 SYSTEMPATH\CodeIgniter.php(363): CodeIgniter\CodeIgniter->handleRequest(null, Object(Config\Cache), false)
 6 SYSTEMPATH\Boot.php(417): CodeIgniter\CodeIgniter->run()
 7 SYSTEMPATH\Boot.php(68): CodeIgniter\Boot::runCodeIgniter(Object(CodeIgniter\CodeIgniter))
 8 FCPATH\index.php(59): CodeIgniter\Boot::bootWeb(Object(Config\Paths))
CRITICAL - 2026-07-27 06:03:59 --> [Caused by] CodeIgniter\Database\Exceptions\DatabaseException: Table 'db_pwmuhammadiyah.amal_usaha' doesn't exist
in SYSTEMPATH\Database\MySQLi\Connection.php on line 310.
 1 SYSTEMPATH\Database\BaseConnection.php(908): CodeIgniter\Database\MySQLi\Connection->execute('SELECT COUNT(*) AS `numrows`
FROM `amal_usaha`')
 2 SYSTEMPATH\Database\BaseConnection.php(825): CodeIgniter\Database\BaseConnection->simpleQuery('SELECT COUNT(*) AS `numrows`
FROM `amal_usaha`')
 3 SYSTEMPATH\Database\BaseBuilder.php(1739): CodeIgniter\Database\BaseConnection->query('SELECT COUNT(*) AS `numrows`
FROM `amal_usaha`', [], false)
 4 APPPATH\Controllers\Dashboard.php(22): CodeIgniter\Database\BaseBuilder->countAllResults()
 5 SYSTEMPATH\CodeIgniter.php(974): App\Controllers\Dashboard->index()
 6 SYSTEMPATH\CodeIgniter.php(520): CodeIgniter\CodeIgniter->runController(Object(App\Controllers\Dashboard))
 7 SYSTEMPATH\CodeIgniter.php(363): CodeIgniter\CodeIgniter->handleRequest(null, Object(Config\Cache), false)
 8 SYSTEMPATH\Boot.php(417): CodeIgniter\CodeIgniter->run()
 9 SYSTEMPATH\Boot.php(68): CodeIgniter\Boot::runCodeIgniter(Object(CodeIgniter\CodeIgniter))
10 FCPATH\index.php(59): CodeIgniter\Boot::bootWeb(Object(Config\Paths))
CRITICAL - 2026-07-27 06:03:59 --> [Caused by] mysqli_sql_exception: Table 'db_pwmuhammadiyah.amal_usaha' doesn't exist
in SYSTEMPATH\Database\MySQLi\Connection.php on line 300.
 1 SYSTEMPATH\Database\MySQLi\Connection.php(300): mysqli->query('SELECT COUNT(*) AS `numrows`
FROM `amal_usaha`', 0)
 2 SYSTEMPATH\Database\BaseConnection.php(908): CodeIgniter\Database\MySQLi\Connection->execute('SELECT COUNT(*) AS `numrows`
FROM `amal_usaha`')
 3 SYSTEMPATH\Database\BaseConnection.php(825): CodeIgniter\Database\BaseConnection->simpleQuery('SELECT COUNT(*) AS `numrows`
FROM `amal_usaha`')
 4 SYSTEMPATH\Database\BaseBuilder.php(1739): CodeIgniter\Database\BaseConnection->query('SELECT COUNT(*) AS `numrows`
FROM `amal_usaha`', [], false)
 5 APPPATH\Controllers\Dashboard.php(22): CodeIgniter\Database\BaseBuilder->countAllResults()
 6 SYSTEMPATH\CodeIgniter.php(974): App\Controllers\Dashboard->index()
 7 SYSTEMPATH\CodeIgniter.php(520): CodeIgniter\CodeIgniter->runController(Object(App\Controllers\Dashboard))
 8 SYSTEMPATH\CodeIgniter.php(363): CodeIgniter\CodeIgniter->handleRequest(null, Object(Config\Cache), false)
 9 SYSTEMPATH\Boot.php(417): CodeIgniter\CodeIgniter->run()
10 SYSTEMPATH\Boot.php(68): CodeIgniter\Boot::runCodeIgniter(Object(CodeIgniter\CodeIgniter))
11 FCPATH\index.php(59): CodeIgniter\Boot::bootWeb(Object(Config\Paths))
DEBUG - 2026-07-27 06:16:47 --> Session: Class initialized using 'CodeIgniter\Session\Handlers\FileHandler' driver.
ERROR - 2026-07-27 06:16:47 --> Table 'db_pwmuhammadiyah.amal_usaha' doesn't exist
in SYSTEMPATH\Database\MySQLi\Connection.php on line 300.
 1 SYSTEMPATH\Database\MySQLi\Connection.php(300): mysqli->query('SELECT COUNT(*) AS `numrows`
FROM `amal_usaha`', 0)
 2 SYSTEMPATH\Database\BaseConnection.php(908): CodeIgniter\Database\MySQLi\Connection->execute('SELECT COUNT(*) AS `numrows`
FROM `amal_usaha`')
 3 SYSTEMPATH\Database\BaseConnection.php(825): CodeIgniter\Database\BaseConnection->simpleQuery('SELECT COUNT(*) AS `numrows`
FROM `amal_usaha`')
 4 SYSTEMPATH\Database\BaseBuilder.php(1739): CodeIgniter\Database\BaseConnection->query('SELECT COUNT(*) AS `numrows`
FROM `amal_usaha`', [], false)
 5 APPPATH\Controllers\Dashboard.php(22): CodeIgniter\Database\BaseBuilder->countAllResults()
 6 SYSTEMPATH\CodeIgniter.php(974): App\Controllers\Dashboard->index()
 7 SYSTEMPATH\CodeIgniter.php(520): CodeIgniter\CodeIgniter->runController(Object(App\Controllers\Dashboard))
 8 SYSTEMPATH\CodeIgniter.php(363): CodeIgniter\CodeIgniter->handleRequest(null, Object(Config\Cache), false)
 9 SYSTEMPATH\Boot.php(417): CodeIgniter\CodeIgniter->run()
10 SYSTEMPATH\Boot.php(68): CodeIgniter\Boot::runCodeIgniter(Object(CodeIgniter\CodeIgniter))
11 FCPATH\index.php(59): CodeIgniter\Boot::bootWeb(Object(Config\Paths))
CRITICAL - 2026-07-27 06:16:47 --> CodeIgniter\Database\Exceptions\DatabaseException: Table 'db_pwmuhammadiyah.amal_usaha' doesn't exist
[Method: GET, Route: dashboard]
in SYSTEMPATH\Database\BaseConnection.php on line 863.
 1 SYSTEMPATH\Database\BaseBuilder.php(1739): CodeIgniter\Database\BaseConnection->query('SELECT COUNT(*) AS `numrows`
FROM `amal_usaha`', [], false)
 2 APPPATH\Controllers\Dashboard.php(22): CodeIgniter\Database\BaseBuilder->countAllResults()
 3 SYSTEMPATH\CodeIgniter.php(974): App\Controllers\Dashboard->index()
 4 SYSTEMPATH\CodeIgniter.php(520): CodeIgniter\CodeIgniter->runController(Object(App\Controllers\Dashboard))
 5 SYSTEMPATH\CodeIgniter.php(363): CodeIgniter\CodeIgniter->handleRequest(null, Object(Config\Cache), false)
 6 SYSTEMPATH\Boot.php(417): CodeIgniter\CodeIgniter->run()
 7 SYSTEMPATH\Boot.php(68): CodeIgniter\Boot::runCodeIgniter(Object(CodeIgniter\CodeIgniter))
 8 FCPATH\index.php(59): CodeIgniter\Boot::bootWeb(Object(Config\Paths))
CRITICAL - 2026-07-27 06:16:47 --> [Caused by] CodeIgniter\Database\Exceptions\DatabaseException: Table 'db_pwmuhammadiyah.amal_usaha' doesn't exist
in SYSTEMPATH\Database\MySQLi\Connection.php on line 310.
 1 SYSTEMPATH\Database\BaseConnection.php(908): CodeIgniter\Database\MySQLi\Connection->execute('SELECT COUNT(*) AS `numrows`
FROM `amal_usaha`')
 2 SYSTEMPATH\Database\BaseConnection.php(825): CodeIgniter\Database\BaseConnection->simpleQuery('SELECT COUNT(*) AS `numrows`
FROM `amal_usaha`')
 3 SYSTEMPATH\Database\BaseBuilder.php(1739): CodeIgniter\Database\BaseConnection->query('SELECT COUNT(*) AS `numrows`
FROM `amal_usaha`', [], false)
 4 APPPATH\Controllers\Dashboard.php(22): CodeIgniter\Database\BaseBuilder->countAllResults()
 5 SYSTEMPATH\CodeIgniter.php(974): App\Controllers\Dashboard->index()
 6 SYSTEMPATH\CodeIgniter.php(520): CodeIgniter\CodeIgniter->runController(Object(App\Controllers\Dashboard))
 7 SYSTEMPATH\CodeIgniter.php(363): CodeIgniter\CodeIgniter->handleRequest(null, Object(Config\Cache), false)
 8 SYSTEMPATH\Boot.php(417): CodeIgniter\CodeIgniter->run()
 9 SYSTEMPATH\Boot.php(68): CodeIgniter\Boot::runCodeIgniter(Object(CodeIgniter\CodeIgniter))
10 FCPATH\index.php(59): CodeIgniter\Boot::bootWeb(Object(Config\Paths))
CRITICAL - 2026-07-27 06:16:47 --> [Caused by] mysqli_sql_exception: Table 'db_pwmuhammadiyah.amal_usaha' doesn't exist
in SYSTEMPATH\Database\MySQLi\Connection.php on line 300.
 1 SYSTEMPATH\Database\MySQLi\Connection.php(300): mysqli->query('SELECT COUNT(*) AS `numrows`
FROM `amal_usaha`', 0)
 2 SYSTEMPATH\Database\BaseConnection.php(908): CodeIgniter\Database\MySQLi\Connection->execute('SELECT COUNT(*) AS `numrows`
FROM `amal_usaha`')
 3 SYSTEMPATH\Database\BaseConnection.php(825): CodeIgniter\Database\BaseConnection->simpleQuery('SELECT COUNT(*) AS `numrows`
FROM `amal_usaha`')
 4 SYSTEMPATH\Database\BaseBuilder.php(1739): CodeIgniter\Database\BaseConnection->query('SELECT COUNT(*) AS `numrows`
FROM `amal_usaha`', [], false)
 5 APPPATH\Controllers\Dashboard.php(22): CodeIgniter\Database\BaseBuilder->countAllResults()
 6 SYSTEMPATH\CodeIgniter.php(974): App\Controllers\Dashboard->index()
 7 SYSTEMPATH\CodeIgniter.php(520): CodeIgniter\CodeIgniter->runController(Object(App\Controllers\Dashboard))
 8 SYSTEMPATH\CodeIgniter.php(363): CodeIgniter\CodeIgniter->handleRequest(null, Object(Config\Cache), false)
 9 SYSTEMPATH\Boot.php(417): CodeIgniter\CodeIgniter->run()
10 SYSTEMPATH\Boot.php(68): CodeIgniter\Boot::runCodeIgniter(Object(CodeIgniter\CodeIgniter))
11 FCPATH\index.php(59): CodeIgniter\Boot::bootWeb(Object(Config\Paths))
DEBUG - 2026-07-27 06:16:49 --> Session: Class initialized using 'CodeIgniter\Session\Handlers\FileHandler' driver.
ERROR - 2026-07-27 06:16:49 --> Table 'db_pwmuhammadiyah.amal_usaha' doesn't exist
in SYSTEMPATH\Database\MySQLi\Connection.php on line 300.
 1 SYSTEMPATH\Database\MySQLi\Connection.php(300): mysqli->query('SELECT COUNT(*) AS `numrows`
FROM `amal_usaha`', 0)
 2 SYSTEMPATH\Database\BaseConnection.php(908): CodeIgniter\Database\MySQLi\Connection->execute('SELECT COUNT(*) AS `numrows`
FROM `amal_usaha`')
 3 SYSTEMPATH\Database\BaseConnection.php(825): CodeIgniter\Database\BaseConnection->simpleQuery('SELECT COUNT(*) AS `numrows`
FROM `amal_usaha`')
 4 SYSTEMPATH\Database\BaseBuilder.php(1739): CodeIgniter\Database\BaseConnection->query('SELECT COUNT(*) AS `numrows`
FROM `amal_usaha`', [], false)
 5 APPPATH\Controllers\Dashboard.php(22): CodeIgniter\Database\BaseBuilder->countAllResults()
 6 SYSTEMPATH\CodeIgniter.php(974): App\Controllers\Dashboard->index()
 7 SYSTEMPATH\CodeIgniter.php(520): CodeIgniter\CodeIgniter->runController(Object(App\Controllers\Dashboard))
 8 SYSTEMPATH\CodeIgniter.php(363): CodeIgniter\CodeIgniter->handleRequest(null, Object(Config\Cache), false)
 9 SYSTEMPATH\Boot.php(417): CodeIgniter\CodeIgniter->run()
10 SYSTEMPATH\Boot.php(68): CodeIgniter\Boot::runCodeIgniter(Object(CodeIgniter\CodeIgniter))
11 FCPATH\index.php(59): CodeIgniter\Boot::bootWeb(Object(Config\Paths))
CRITICAL - 2026-07-27 06:16:49 --> CodeIgniter\Database\Exceptions\DatabaseException: Table 'db_pwmuhammadiyah.amal_usaha' doesn't exist
[Method: GET, Route: dashboard]
in SYSTEMPATH\Database\BaseConnection.php on line 863.
 1 SYSTEMPATH\Database\BaseBuilder.php(1739): CodeIgniter\Database\BaseConnection->query('SELECT COUNT(*) AS `numrows`
FROM `amal_usaha`', [], false)
 2 APPPATH\Controllers\Dashboard.php(22): CodeIgniter\Database\BaseBuilder->countAllResults()
 3 SYSTEMPATH\CodeIgniter.php(974): App\Controllers\Dashboard->index()
 4 SYSTEMPATH\CodeIgniter.php(520): CodeIgniter\CodeIgniter->runController(Object(App\Controllers\Dashboard))
 5 SYSTEMPATH\CodeIgniter.php(363): CodeIgniter\CodeIgniter->handleRequest(null, Object(Config\Cache), false)
 6 SYSTEMPATH\Boot.php(417): CodeIgniter\CodeIgniter->run()
 7 SYSTEMPATH\Boot.php(68): CodeIgniter\Boot::runCodeIgniter(Object(CodeIgniter\CodeIgniter))
 8 FCPATH\index.php(59): CodeIgniter\Boot::bootWeb(Object(Config\Paths))
CRITICAL - 2026-07-27 06:16:49 --> [Caused by] CodeIgniter\Database\Exceptions\DatabaseException: Table 'db_pwmuhammadiyah.amal_usaha' doesn't exist
in SYSTEMPATH\Database\MySQLi\Connection.php on line 310.
 1 SYSTEMPATH\Database\BaseConnection.php(908): CodeIgniter\Database\MySQLi\Connection->execute('SELECT COUNT(*) AS `numrows`
FROM `amal_usaha`')
 2 SYSTEMPATH\Database\BaseConnection.php(825): CodeIgniter\Database\BaseConnection->simpleQuery('SELECT COUNT(*) AS `numrows`
FROM `amal_usaha`')
 3 SYSTEMPATH\Database\BaseBuilder.php(1739): CodeIgniter\Database\BaseConnection->query('SELECT COUNT(*) AS `numrows`
FROM `amal_usaha`', [], false)
 4 APPPATH\Controllers\Dashboard.php(22): CodeIgniter\Database\BaseBuilder->countAllResults()
 5 SYSTEMPATH\CodeIgniter.php(974): App\Controllers\Dashboard->index()
 6 SYSTEMPATH\CodeIgniter.php(520): CodeIgniter\CodeIgniter->runController(Object(App\Controllers\Dashboard))
 7 SYSTEMPATH\CodeIgniter.php(363): CodeIgniter\CodeIgniter->handleRequest(null, Object(Config\Cache), false)
 8 SYSTEMPATH\Boot.php(417): CodeIgniter\CodeIgniter->run()
 9 SYSTEMPATH\Boot.php(68): CodeIgniter\Boot::runCodeIgniter(Object(CodeIgniter\CodeIgniter))
10 FCPATH\index.php(59): CodeIgniter\Boot::bootWeb(Object(Config\Paths))
CRITICAL - 2026-07-27 06:16:49 --> [Caused by] mysqli_sql_exception: Table 'db_pwmuhammadiyah.amal_usaha' doesn't exist
in SYSTEMPATH\Database\MySQLi\Connection.php on line 300.
 1 SYSTEMPATH\Database\MySQLi\Connection.php(300): mysqli->query('SELECT COUNT(*) AS `numrows`
FROM `amal_usaha`', 0)
 2 SYSTEMPATH\Database\BaseConnection.php(908): CodeIgniter\Database\MySQLi\Connection->execute('SELECT COUNT(*) AS `numrows`
FROM `amal_usaha`')
 3 SYSTEMPATH\Database\BaseConnection.php(825): CodeIgniter\Database\BaseConnection->simpleQuery('SELECT COUNT(*) AS `numrows`
FROM `amal_usaha`')
 4 SYSTEMPATH\Database\BaseBuilder.php(1739): CodeIgniter\Database\BaseConnection->query('SELECT COUNT(*) AS `numrows`
FROM `amal_usaha`', [], false)
 5 APPPATH\Controllers\Dashboard.php(22): CodeIgniter\Database\BaseBuilder->countAllResults()
 6 SYSTEMPATH\CodeIgniter.php(974): App\Controllers\Dashboard->index()
 7 SYSTEMPATH\CodeIgniter.php(520): CodeIgniter\CodeIgniter->runController(Object(App\Controllers\Dashboard))
 8 SYSTEMPATH\CodeIgniter.php(363): CodeIgniter\CodeIgniter->handleRequest(null, Object(Config\Cache), false)
 9 SYSTEMPATH\Boot.php(417): CodeIgniter\CodeIgniter->run()
10 SYSTEMPATH\Boot.php(68): CodeIgniter\Boot::runCodeIgniter(Object(CodeIgniter\CodeIgniter))
11 FCPATH\index.php(59): CodeIgniter\Boot::bootWeb(Object(Config\Paths))
DEBUG - 2026-07-27 06:16:50 --> Session: Class initialized using 'CodeIgniter\Session\Handlers\FileHandler' driver.
ERROR - 2026-07-27 06:16:50 --> Table 'db_pwmuhammadiyah.amal_usaha' doesn't exist
in SYSTEMPATH\Database\MySQLi\Connection.php on line 300.
 1 SYSTEMPATH\Database\MySQLi\Connection.php(300): mysqli->query('SELECT COUNT(*) AS `numrows`
FROM `amal_usaha`', 0)
 2 SYSTEMPATH\Database\BaseConnection.php(908): CodeIgniter\Database\MySQLi\Connection->execute('SELECT COUNT(*) AS `numrows`
FROM `amal_usaha`')
 3 SYSTEMPATH\Database\BaseConnection.php(825): CodeIgniter\Database\BaseConnection->simpleQuery('SELECT COUNT(*) AS `numrows`
FROM `amal_usaha`')
 4 SYSTEMPATH\Database\BaseBuilder.php(1739): CodeIgniter\Database\BaseConnection->query('SELECT COUNT(*) AS `numrows`
FROM `amal_usaha`', [], false)
 5 APPPATH\Controllers\Dashboard.php(22): CodeIgniter\Database\BaseBuilder->countAllResults()
 6 SYSTEMPATH\CodeIgniter.php(974): App\Controllers\Dashboard->index()
 7 SYSTEMPATH\CodeIgniter.php(520): CodeIgniter\CodeIgniter->runController(Object(App\Controllers\Dashboard))
 8 SYSTEMPATH\CodeIgniter.php(363): CodeIgniter\CodeIgniter->handleRequest(null, Object(Config\Cache), false)
 9 SYSTEMPATH\Boot.php(417): CodeIgniter\CodeIgniter->run()
10 SYSTEMPATH\Boot.php(68): CodeIgniter\Boot::runCodeIgniter(Object(CodeIgniter\CodeIgniter))
11 FCPATH\index.php(59): CodeIgniter\Boot::bootWeb(Object(Config\Paths))
CRITICAL - 2026-07-27 06:16:50 --> CodeIgniter\Database\Exceptions\DatabaseException: Table 'db_pwmuhammadiyah.amal_usaha' doesn't exist
[Method: GET, Route: dashboard]
in SYSTEMPATH\Database\BaseConnection.php on line 863.
 1 SYSTEMPATH\Database\BaseBuilder.php(1739): CodeIgniter\Database\BaseConnection->query('SELECT COUNT(*) AS `numrows`
FROM `amal_usaha`', [], false)
 2 APPPATH\Controllers\Dashboard.php(22): CodeIgniter\Database\BaseBuilder->countAllResults()
 3 SYSTEMPATH\CodeIgniter.php(974): App\Controllers\Dashboard->index()
 4 SYSTEMPATH\CodeIgniter.php(520): CodeIgniter\CodeIgniter->runController(Object(App\Controllers\Dashboard))
 5 SYSTEMPATH\CodeIgniter.php(363): CodeIgniter\CodeIgniter->handleRequest(null, Object(Config\Cache), false)
 6 SYSTEMPATH\Boot.php(417): CodeIgniter\CodeIgniter->run()
 7 SYSTEMPATH\Boot.php(68): CodeIgniter\Boot::runCodeIgniter(Object(CodeIgniter\CodeIgniter))
 8 FCPATH\index.php(59): CodeIgniter\Boot::bootWeb(Object(Config\Paths))
CRITICAL - 2026-07-27 06:16:50 --> [Caused by] CodeIgniter\Database\Exceptions\DatabaseException: Table 'db_pwmuhammadiyah.amal_usaha' doesn't exist
in SYSTEMPATH\Database\MySQLi\Connection.php on line 310.
 1 SYSTEMPATH\Database\BaseConnection.php(908): CodeIgniter\Database\MySQLi\Connection->execute('SELECT COUNT(*) AS `numrows`
FROM `amal_usaha`')
 2 SYSTEMPATH\Database\BaseConnection.php(825): CodeIgniter\Database\BaseConnection->simpleQuery('SELECT COUNT(*) AS `numrows`
FROM `amal_usaha`')
 3 SYSTEMPATH\Database\BaseBuilder.php(1739): CodeIgniter\Database\BaseConnection->query('SELECT COUNT(*) AS `numrows`
FROM `amal_usaha`', [], false)
 4 APPPATH\Controllers\Dashboard.php(22): CodeIgniter\Database\BaseBuilder->countAllResults()
 5 SYSTEMPATH\CodeIgniter.php(974): App\Controllers\Dashboard->index()
 6 SYSTEMPATH\CodeIgniter.php(520): CodeIgniter\CodeIgniter->runController(Object(App\Controllers\Dashboard))
 7 SYSTEMPATH\CodeIgniter.php(363): CodeIgniter\CodeIgniter->handleRequest(null, Object(Config\Cache), false)
 8 SYSTEMPATH\Boot.php(417): CodeIgniter\CodeIgniter->run()
 9 SYSTEMPATH\Boot.php(68): CodeIgniter\Boot::runCodeIgniter(Object(CodeIgniter\CodeIgniter))
10 FCPATH\index.php(59): CodeIgniter\Boot::bootWeb(Object(Config\Paths))
CRITICAL - 2026-07-27 06:16:50 --> [Caused by] mysqli_sql_exception: Table 'db_pwmuhammadiyah.amal_usaha' doesn't exist
in SYSTEMPATH\Database\MySQLi\Connection.php on line 300.
 1 SYSTEMPATH\Database\MySQLi\Connection.php(300): mysqli->query('SELECT COUNT(*) AS `numrows`
FROM `amal_usaha`', 0)
 2 SYSTEMPATH\Database\BaseConnection.php(908): CodeIgniter\Database\MySQLi\Connection->execute('SELECT COUNT(*) AS `numrows`
FROM `amal_usaha`')
 3 SYSTEMPATH\Database\BaseConnection.php(825): CodeIgniter\Database\BaseConnection->simpleQuery('SELECT COUNT(*) AS `numrows`
FROM `amal_usaha`')
 4 SYSTEMPATH\Database\BaseBuilder.php(1739): CodeIgniter\Database\BaseConnection->query('SELECT COUNT(*) AS `numrows`
FROM `amal_usaha`', [], false)
 5 APPPATH\Controllers\Dashboard.php(22): CodeIgniter\Database\BaseBuilder->countAllResults()
 6 SYSTEMPATH\CodeIgniter.php(974): App\Controllers\Dashboard->index()
 7 SYSTEMPATH\CodeIgniter.php(520): CodeIgniter\CodeIgniter->runController(Object(App\Controllers\Dashboard))
 8 SYSTEMPATH\CodeIgniter.php(363): CodeIgniter\CodeIgniter->handleRequest(null, Object(Config\Cache), false)
 9 SYSTEMPATH\Boot.php(417): CodeIgniter\CodeIgniter->run()
10 SYSTEMPATH\Boot.php(68): CodeIgniter\Boot::runCodeIgniter(Object(CodeIgniter\CodeIgniter))
11 FCPATH\index.php(59): CodeIgniter\Boot::bootWeb(Object(Config\Paths))
DEBUG - 2026-07-27 06:16:50 --> Session: Class initialized using 'CodeIgniter\Session\Handlers\FileHandler' driver.
ERROR - 2026-07-27 06:16:50 --> Table 'db_pwmuhammadiyah.amal_usaha' doesn't exist
in SYSTEMPATH\Database\MySQLi\Connection.php on line 300.
 1 SYSTEMPATH\Database\MySQLi\Connection.php(300): mysqli->query('SELECT COUNT(*) AS `numrows`
FROM `amal_usaha`', 0)
 2 SYSTEMPATH\Database\BaseConnection.php(908): CodeIgniter\Database\MySQLi\Connection->execute('SELECT COUNT(*) AS `numrows`
FROM `amal_usaha`')
 3 SYSTEMPATH\Database\BaseConnection.php(825): CodeIgniter\Database\BaseConnection->simpleQuery('SELECT COUNT(*) AS `numrows`
FROM `amal_usaha`')
 4 SYSTEMPATH\Database\BaseBuilder.php(1739): CodeIgniter\Database\BaseConnection->query('SELECT COUNT(*) AS `numrows`
FROM `amal_usaha`', [], false)
 5 APPPATH\Controllers\Dashboard.php(22): CodeIgniter\Database\BaseBuilder->countAllResults()
 6 SYSTEMPATH\CodeIgniter.php(974): App\Controllers\Dashboard->index()
 7 SYSTEMPATH\CodeIgniter.php(520): CodeIgniter\CodeIgniter->runController(Object(App\Controllers\Dashboard))
 8 SYSTEMPATH\CodeIgniter.php(363): CodeIgniter\CodeIgniter->handleRequest(null, Object(Config\Cache), false)
 9 SYSTEMPATH\Boot.php(417): CodeIgniter\CodeIgniter->run()
10 SYSTEMPATH\Boot.php(68): CodeIgniter\Boot::runCodeIgniter(Object(CodeIgniter\CodeIgniter))
11 FCPATH\index.php(59): CodeIgniter\Boot::bootWeb(Object(Config\Paths))
CRITICAL - 2026-07-27 06:16:50 --> CodeIgniter\Database\Exceptions\DatabaseException: Table 'db_pwmuhammadiyah.amal_usaha' doesn't exist
[Method: GET, Route: dashboard]
in SYSTEMPATH\Database\BaseConnection.php on line 863.
 1 SYSTEMPATH\Database\BaseBuilder.php(1739): CodeIgniter\Database\BaseConnection->query('SELECT COUNT(*) AS `numrows`
FROM `amal_usaha`', [], false)
 2 APPPATH\Controllers\Dashboard.php(22): CodeIgniter\Database\BaseBuilder->countAllResults()
 3 SYSTEMPATH\CodeIgniter.php(974): App\Controllers\Dashboard->index()
 4 SYSTEMPATH\CodeIgniter.php(520): CodeIgniter\CodeIgniter->runController(Object(App\Controllers\Dashboard))
 5 SYSTEMPATH\CodeIgniter.php(363): CodeIgniter\CodeIgniter->handleRequest(null, Object(Config\Cache), false)
 6 SYSTEMPATH\Boot.php(417): CodeIgniter\CodeIgniter->run()
 7 SYSTEMPATH\Boot.php(68): CodeIgniter\Boot::runCodeIgniter(Object(CodeIgniter\CodeIgniter))
 8 FCPATH\index.php(59): CodeIgniter\Boot::bootWeb(Object(Config\Paths))
CRITICAL - 2026-07-27 06:16:50 --> [Caused by] CodeIgniter\Database\Exceptions\DatabaseException: Table 'db_pwmuhammadiyah.amal_usaha' doesn't exist
in SYSTEMPATH\Database\MySQLi\Connection.php on line 310.
 1 SYSTEMPATH\Database\BaseConnection.php(908): CodeIgniter\Database\MySQLi\Connection->execute('SELECT COUNT(*) AS `numrows`
FROM `amal_usaha`')
 2 SYSTEMPATH\Database\BaseConnection.php(825): CodeIgniter\Database\BaseConnection->simpleQuery('SELECT COUNT(*) AS `numrows`
FROM `amal_usaha`')
 3 SYSTEMPATH\Database\BaseBuilder.php(1739): CodeIgniter\Database\BaseConnection->query('SELECT COUNT(*) AS `numrows`
FROM `amal_usaha`', [], false)
 4 APPPATH\Controllers\Dashboard.php(22): CodeIgniter\Database\BaseBuilder->countAllResults()
 5 SYSTEMPATH\CodeIgniter.php(974): App\Controllers\Dashboard->index()
 6 SYSTEMPATH\CodeIgniter.php(520): CodeIgniter\CodeIgniter->runController(Object(App\Controllers\Dashboard))
 7 SYSTEMPATH\CodeIgniter.php(363): CodeIgniter\CodeIgniter->handleRequest(null, Object(Config\Cache), false)
 8 SYSTEMPATH\Boot.php(417): CodeIgniter\CodeIgniter->run()
 9 SYSTEMPATH\Boot.php(68): CodeIgniter\Boot::runCodeIgniter(Object(CodeIgniter\CodeIgniter))
10 FCPATH\index.php(59): CodeIgniter\Boot::bootWeb(Object(Config\Paths))
CRITICAL - 2026-07-27 06:16:50 --> [Caused by] mysqli_sql_exception: Table 'db_pwmuhammadiyah.amal_usaha' doesn't exist
in SYSTEMPATH\Database\MySQLi\Connection.php on line 300.
 1 SYSTEMPATH\Database\MySQLi\Connection.php(300): mysqli->query('SELECT COUNT(*) AS `numrows`
FROM `amal_usaha`', 0)
 2 SYSTEMPATH\Database\BaseConnection.php(908): CodeIgniter\Database\MySQLi\Connection->execute('SELECT COUNT(*) AS `numrows`
FROM `amal_usaha`')
 3 SYSTEMPATH\Database\BaseConnection.php(825): CodeIgniter\Database\BaseConnection->simpleQuery('SELECT COUNT(*) AS `numrows`
FROM `amal_usaha`')
 4 SYSTEMPATH\Database\BaseBuilder.php(1739): CodeIgniter\Database\BaseConnection->query('SELECT COUNT(*) AS `numrows`
FROM `amal_usaha`', [], false)
 5 APPPATH\Controllers\Dashboard.php(22): CodeIgniter\Database\BaseBuilder->countAllResults()
 6 SYSTEMPATH\CodeIgniter.php(974): App\Controllers\Dashboard->index()
 7 SYSTEMPATH\CodeIgniter.php(520): CodeIgniter\CodeIgniter->runController(Object(App\Controllers\Dashboard))
 8 SYSTEMPATH\CodeIgniter.php(363): CodeIgniter\CodeIgniter->handleRequest(null, Object(Config\Cache), false)
 9 SYSTEMPATH\Boot.php(417): CodeIgniter\CodeIgniter->run()
10 SYSTEMPATH\Boot.php(68): CodeIgniter\Boot::runCodeIgniter(Object(CodeIgniter\CodeIgniter))
11 FCPATH\index.php(59): CodeIgniter\Boot::bootWeb(Object(Config\Paths))
DEBUG - 2026-07-27 06:18:38 --> Session: Class initialized using 'CodeIgniter\Session\Handlers\FileHandler' driver.
ERROR - 2026-07-27 06:18:38 --> Table 'db_pwmuhammadiyah.amal_usaha' doesn't exist
in SYSTEMPATH\Database\MySQLi\Connection.php on line 300.
 1 SYSTEMPATH\Database\MySQLi\Connection.php(300): mysqli->query('SELECT COUNT(*) AS `numrows`
FROM `amal_usaha`', 0)
 2 SYSTEMPATH\Database\BaseConnection.php(908): CodeIgniter\Database\MySQLi\Connection->execute('SELECT COUNT(*) AS `numrows`
FROM `amal_usaha`')
 3 SYSTEMPATH\Database\BaseConnection.php(825): CodeIgniter\Database\BaseConnection->simpleQuery('SELECT COUNT(*) AS `numrows`
FROM `amal_usaha`')
 4 SYSTEMPATH\Database\BaseBuilder.php(1739): CodeIgniter\Database\BaseConnection->query('SELECT COUNT(*) AS `numrows`
FROM `amal_usaha`', [], false)
 5 APPPATH\Controllers\Dashboard.php(22): CodeIgniter\Database\BaseBuilder->countAllResults()
 6 SYSTEMPATH\CodeIgniter.php(974): App\Controllers\Dashboard->index()
 7 SYSTEMPATH\CodeIgniter.php(520): CodeIgniter\CodeIgniter->runController(Object(App\Controllers\Dashboard))
 8 SYSTEMPATH\CodeIgniter.php(363): CodeIgniter\CodeIgniter->handleRequest(null, Object(Config\Cache), false)
 9 SYSTEMPATH\Boot.php(417): CodeIgniter\CodeIgniter->run()
10 SYSTEMPATH\Boot.php(68): CodeIgniter\Boot::runCodeIgniter(Object(CodeIgniter\CodeIgniter))
11 FCPATH\index.php(59): CodeIgniter\Boot::bootWeb(Object(Config\Paths))
CRITICAL - 2026-07-27 06:18:38 --> CodeIgniter\Database\Exceptions\DatabaseException: Table 'db_pwmuhammadiyah.amal_usaha' doesn't exist
[Method: GET, Route: dashboard]
in SYSTEMPATH\Database\BaseConnection.php on line 863.
 1 SYSTEMPATH\Database\BaseBuilder.php(1739): CodeIgniter\Database\BaseConnection->query('SELECT COUNT(*) AS `numrows`
FROM `amal_usaha`', [], false)
 2 APPPATH\Controllers\Dashboard.php(22): CodeIgniter\Database\BaseBuilder->countAllResults()
 3 SYSTEMPATH\CodeIgniter.php(974): App\Controllers\Dashboard->index()
 4 SYSTEMPATH\CodeIgniter.php(520): CodeIgniter\CodeIgniter->runController(Object(App\Controllers\Dashboard))
 5 SYSTEMPATH\CodeIgniter.php(363): CodeIgniter\CodeIgniter->handleRequest(null, Object(Config\Cache), false)
 6 SYSTEMPATH\Boot.php(417): CodeIgniter\CodeIgniter->run()
 7 SYSTEMPATH\Boot.php(68): CodeIgniter\Boot::runCodeIgniter(Object(CodeIgniter\CodeIgniter))
 8 FCPATH\index.php(59): CodeIgniter\Boot::bootWeb(Object(Config\Paths))
CRITICAL - 2026-07-27 06:18:38 --> [Caused by] CodeIgniter\Database\Exceptions\DatabaseException: Table 'db_pwmuhammadiyah.amal_usaha' doesn't exist
in SYSTEMPATH\Database\MySQLi\Connection.php on line 310.
 1 SYSTEMPATH\Database\BaseConnection.php(908): CodeIgniter\Database\MySQLi\Connection->execute('SELECT COUNT(*) AS `numrows`
FROM `amal_usaha`')
 2 SYSTEMPATH\Database\BaseConnection.php(825): CodeIgniter\Database\BaseConnection->simpleQuery('SELECT COUNT(*) AS `numrows`
FROM `amal_usaha`')
 3 SYSTEMPATH\Database\BaseBuilder.php(1739): CodeIgniter\Database\BaseConnection->query('SELECT COUNT(*) AS `numrows`
FROM `amal_usaha`', [], false)
 4 APPPATH\Controllers\Dashboard.php(22): CodeIgniter\Database\BaseBuilder->countAllResults()
 5 SYSTEMPATH\CodeIgniter.php(974): App\Controllers\Dashboard->index()
 6 SYSTEMPATH\CodeIgniter.php(520): CodeIgniter\CodeIgniter->runController(Object(App\Controllers\Dashboard))
 7 SYSTEMPATH\CodeIgniter.php(363): CodeIgniter\CodeIgniter->handleRequest(null, Object(Config\Cache), false)
 8 SYSTEMPATH\Boot.php(417): CodeIgniter\CodeIgniter->run()
 9 SYSTEMPATH\Boot.php(68): CodeIgniter\Boot::runCodeIgniter(Object(CodeIgniter\CodeIgniter))
10 FCPATH\index.php(59): CodeIgniter\Boot::bootWeb(Object(Config\Paths))
CRITICAL - 2026-07-27 06:18:38 --> [Caused by] mysqli_sql_exception: Table 'db_pwmuhammadiyah.amal_usaha' doesn't exist
in SYSTEMPATH\Database\MySQLi\Connection.php on line 300.
 1 SYSTEMPATH\Database\MySQLi\Connection.php(300): mysqli->query('SELECT COUNT(*) AS `numrows`
FROM `amal_usaha`', 0)
 2 SYSTEMPATH\Database\BaseConnection.php(908): CodeIgniter\Database\MySQLi\Connection->execute('SELECT COUNT(*) AS `numrows`
FROM `amal_usaha`')
 3 SYSTEMPATH\Database\BaseConnection.php(825): CodeIgniter\Database\BaseConnection->simpleQuery('SELECT COUNT(*) AS `numrows`
FROM `amal_usaha`')
 4 SYSTEMPATH\Database\BaseBuilder.php(1739): CodeIgniter\Database\BaseConnection->query('SELECT COUNT(*) AS `numrows`
FROM `amal_usaha`', [], false)
 5 APPPATH\Controllers\Dashboard.php(22): CodeIgniter\Database\BaseBuilder->countAllResults()
 6 SYSTEMPATH\CodeIgniter.php(974): App\Controllers\Dashboard->index()
 7 SYSTEMPATH\CodeIgniter.php(520): CodeIgniter\CodeIgniter->runController(Object(App\Controllers\Dashboard))
 8 SYSTEMPATH\CodeIgniter.php(363): CodeIgniter\CodeIgniter->handleRequest(null, Object(Config\Cache), false)
 9 SYSTEMPATH\Boot.php(417): CodeIgniter\CodeIgniter->run()
10 SYSTEMPATH\Boot.php(68): CodeIgniter\Boot::runCodeIgniter(Object(CodeIgniter\CodeIgniter))
11 FCPATH\index.php(59): CodeIgniter\Boot::bootWeb(Object(Config\Paths))
DEBUG - 2026-07-27 06:18:40 --> Session: Class initialized using 'CodeIgniter\Session\Handlers\FileHandler' driver.
ERROR - 2026-07-27 06:18:40 --> Table 'db_pwmuhammadiyah.amal_usaha' doesn't exist
in SYSTEMPATH\Database\MySQLi\Connection.php on line 300.
 1 SYSTEMPATH\Database\MySQLi\Connection.php(300): mysqli->query('SELECT COUNT(*) AS `numrows`
FROM `amal_usaha`', 0)
 2 SYSTEMPATH\Database\BaseConnection.php(908): CodeIgniter\Database\MySQLi\Connection->execute('SELECT COUNT(*) AS `numrows`
FROM `amal_usaha`')
 3 SYSTEMPATH\Database\BaseConnection.php(825): CodeIgniter\Database\BaseConnection->simpleQuery('SELECT COUNT(*) AS `numrows`
FROM `amal_usaha`')
 4 SYSTEMPATH\Database\BaseBuilder.php(1739): CodeIgniter\Database\BaseConnection->query('SELECT COUNT(*) AS `numrows`
FROM `amal_usaha`', [], false)
 5 APPPATH\Controllers\Dashboard.php(22): CodeIgniter\Database\BaseBuilder->countAllResults()
 6 SYSTEMPATH\CodeIgniter.php(974): App\Controllers\Dashboard->index()
 7 SYSTEMPATH\CodeIgniter.php(520): CodeIgniter\CodeIgniter->runController(Object(App\Controllers\Dashboard))
 8 SYSTEMPATH\CodeIgniter.php(363): CodeIgniter\CodeIgniter->handleRequest(null, Object(Config\Cache), false)
 9 SYSTEMPATH\Boot.php(417): CodeIgniter\CodeIgniter->run()
10 SYSTEMPATH\Boot.php(68): CodeIgniter\Boot::runCodeIgniter(Object(CodeIgniter\CodeIgniter))
11 FCPATH\index.php(59): CodeIgniter\Boot::bootWeb(Object(Config\Paths))
CRITICAL - 2026-07-27 06:18:40 --> CodeIgniter\Database\Exceptions\DatabaseException: Table 'db_pwmuhammadiyah.amal_usaha' doesn't exist
[Method: GET, Route: dashboard]
in SYSTEMPATH\Database\BaseConnection.php on line 863.
 1 SYSTEMPATH\Database\BaseBuilder.php(1739): CodeIgniter\Database\BaseConnection->query('SELECT COUNT(*) AS `numrows`
FROM `amal_usaha`', [], false)
 2 APPPATH\Controllers\Dashboard.php(22): CodeIgniter\Database\BaseBuilder->countAllResults()
 3 SYSTEMPATH\CodeIgniter.php(974): App\Controllers\Dashboard->index()
 4 SYSTEMPATH\CodeIgniter.php(520): CodeIgniter\CodeIgniter->runController(Object(App\Controllers\Dashboard))
 5 SYSTEMPATH\CodeIgniter.php(363): CodeIgniter\CodeIgniter->handleRequest(null, Object(Config\Cache), false)
 6 SYSTEMPATH\Boot.php(417): CodeIgniter\CodeIgniter->run()
 7 SYSTEMPATH\Boot.php(68): CodeIgniter\Boot::runCodeIgniter(Object(CodeIgniter\CodeIgniter))
 8 FCPATH\index.php(59): CodeIgniter\Boot::bootWeb(Object(Config\Paths))
CRITICAL - 2026-07-27 06:18:40 --> [Caused by] CodeIgniter\Database\Exceptions\DatabaseException: Table 'db_pwmuhammadiyah.amal_usaha' doesn't exist
in SYSTEMPATH\Database\MySQLi\Connection.php on line 310.
 1 SYSTEMPATH\Database\BaseConnection.php(908): CodeIgniter\Database\MySQLi\Connection->execute('SELECT COUNT(*) AS `numrows`
FROM `amal_usaha`')
 2 SYSTEMPATH\Database\BaseConnection.php(825): CodeIgniter\Database\BaseConnection->simpleQuery('SELECT COUNT(*) AS `numrows`
FROM `amal_usaha`')
 3 SYSTEMPATH\Database\BaseBuilder.php(1739): CodeIgniter\Database\BaseConnection->query('SELECT COUNT(*) AS `numrows`
FROM `amal_usaha`', [], false)
 4 APPPATH\Controllers\Dashboard.php(22): CodeIgniter\Database\BaseBuilder->countAllResults()
 5 SYSTEMPATH\CodeIgniter.php(974): App\Controllers\Dashboard->index()
 6 SYSTEMPATH\CodeIgniter.php(520): CodeIgniter\CodeIgniter->runController(Object(App\Controllers\Dashboard))
 7 SYSTEMPATH\CodeIgniter.php(363): CodeIgniter\CodeIgniter->handleRequest(null, Object(Config\Cache), false)
 8 SYSTEMPATH\Boot.php(417): CodeIgniter\CodeIgniter->run()
 9 SYSTEMPATH\Boot.php(68): CodeIgniter\Boot::runCodeIgniter(Object(CodeIgniter\CodeIgniter))
10 FCPATH\index.php(59): CodeIgniter\Boot::bootWeb(Object(Config\Paths))
CRITICAL - 2026-07-27 06:18:40 --> [Caused by] mysqli_sql_exception: Table 'db_pwmuhammadiyah.amal_usaha' doesn't exist
in SYSTEMPATH\Database\MySQLi\Connection.php on line 300.
 1 SYSTEMPATH\Database\MySQLi\Connection.php(300): mysqli->query('SELECT COUNT(*) AS `numrows`
FROM `amal_usaha`', 0)
 2 SYSTEMPATH\Database\BaseConnection.php(908): CodeIgniter\Database\MySQLi\Connection->execute('SELECT COUNT(*) AS `numrows`
FROM `amal_usaha`')
 3 SYSTEMPATH\Database\BaseConnection.php(825): CodeIgniter\Database\BaseConnection->simpleQuery('SELECT COUNT(*) AS `numrows`
FROM `amal_usaha`')
 4 SYSTEMPATH\Database\BaseBuilder.php(1739): CodeIgniter\Database\BaseConnection->query('SELECT COUNT(*) AS `numrows`
FROM `amal_usaha`', [], false)
 5 APPPATH\Controllers\Dashboard.php(22): CodeIgniter\Database\BaseBuilder->countAllResults()
 6 SYSTEMPATH\CodeIgniter.php(974): App\Controllers\Dashboard->index()
 7 SYSTEMPATH\CodeIgniter.php(520): CodeIgniter\CodeIgniter->runController(Object(App\Controllers\Dashboard))
 8 SYSTEMPATH\CodeIgniter.php(363): CodeIgniter\CodeIgniter->handleRequest(null, Object(Config\Cache), false)
 9 SYSTEMPATH\Boot.php(417): CodeIgniter\CodeIgniter->run()
10 SYSTEMPATH\Boot.php(68): CodeIgniter\Boot::runCodeIgniter(Object(CodeIgniter\CodeIgniter))
11 FCPATH\index.php(59): CodeIgniter\Boot::bootWeb(Object(Config\Paths))
DEBUG - 2026-07-27 06:18:41 --> Session: Class initialized using 'CodeIgniter\Session\Handlers\FileHandler' driver.
ERROR - 2026-07-27 06:18:41 --> Table 'db_pwmuhammadiyah.amal_usaha' doesn't exist
in SYSTEMPATH\Database\MySQLi\Connection.php on line 300.
 1 SYSTEMPATH\Database\MySQLi\Connection.php(300): mysqli->query('SELECT COUNT(*) AS `numrows`
FROM `amal_usaha`', 0)
 2 SYSTEMPATH\Database\BaseConnection.php(908): CodeIgniter\Database\MySQLi\Connection->execute('SELECT COUNT(*) AS `numrows`
FROM `amal_usaha`')
 3 SYSTEMPATH\Database\BaseConnection.php(825): CodeIgniter\Database\BaseConnection->simpleQuery('SELECT COUNT(*) AS `numrows`
FROM `amal_usaha`')
 4 SYSTEMPATH\Database\BaseBuilder.php(1739): CodeIgniter\Database\BaseConnection->query('SELECT COUNT(*) AS `numrows`
FROM `amal_usaha`', [], false)
 5 APPPATH\Controllers\Dashboard.php(22): CodeIgniter\Database\BaseBuilder->countAllResults()
 6 SYSTEMPATH\CodeIgniter.php(974): App\Controllers\Dashboard->index()
 7 SYSTEMPATH\CodeIgniter.php(520): CodeIgniter\CodeIgniter->runController(Object(App\Controllers\Dashboard))
 8 SYSTEMPATH\CodeIgniter.php(363): CodeIgniter\CodeIgniter->handleRequest(null, Object(Config\Cache), false)
 9 SYSTEMPATH\Boot.php(417): CodeIgniter\CodeIgniter->run()
10 SYSTEMPATH\Boot.php(68): CodeIgniter\Boot::runCodeIgniter(Object(CodeIgniter\CodeIgniter))
11 FCPATH\index.php(59): CodeIgniter\Boot::bootWeb(Object(Config\Paths))
CRITICAL - 2026-07-27 06:18:41 --> CodeIgniter\Database\Exceptions\DatabaseException: Table 'db_pwmuhammadiyah.amal_usaha' doesn't exist
[Method: GET, Route: dashboard]
in SYSTEMPATH\Database\BaseConnection.php on line 863.
 1 SYSTEMPATH\Database\BaseBuilder.php(1739): CodeIgniter\Database\BaseConnection->query('SELECT COUNT(*) AS `numrows`
FROM `amal_usaha`', [], false)
 2 APPPATH\Controllers\Dashboard.php(22): CodeIgniter\Database\BaseBuilder->countAllResults()
 3 SYSTEMPATH\CodeIgniter.php(974): App\Controllers\Dashboard->index()
 4 SYSTEMPATH\CodeIgniter.php(520): CodeIgniter\CodeIgniter->runController(Object(App\Controllers\Dashboard))
 5 SYSTEMPATH\CodeIgniter.php(363): CodeIgniter\CodeIgniter->handleRequest(null, Object(Config\Cache), false)
 6 SYSTEMPATH\Boot.php(417): CodeIgniter\CodeIgniter->run()
 7 SYSTEMPATH\Boot.php(68): CodeIgniter\Boot::runCodeIgniter(Object(CodeIgniter\CodeIgniter))
 8 FCPATH\index.php(59): CodeIgniter\Boot::bootWeb(Object(Config\Paths))
CRITICAL - 2026-07-27 06:18:41 --> [Caused by] CodeIgniter\Database\Exceptions\DatabaseException: Table 'db_pwmuhammadiyah.amal_usaha' doesn't exist
in SYSTEMPATH\Database\MySQLi\Connection.php on line 310.
 1 SYSTEMPATH\Database\BaseConnection.php(908): CodeIgniter\Database\MySQLi\Connection->execute('SELECT COUNT(*) AS `numrows`
FROM `amal_usaha`')
 2 SYSTEMPATH\Database\BaseConnection.php(825): CodeIgniter\Database\BaseConnection->simpleQuery('SELECT COUNT(*) AS `numrows`
FROM `amal_usaha`')
 3 SYSTEMPATH\Database\BaseBuilder.php(1739): CodeIgniter\Database\BaseConnection->query('SELECT COUNT(*) AS `numrows`
FROM `amal_usaha`', [], false)
 4 APPPATH\Controllers\Dashboard.php(22): CodeIgniter\Database\BaseBuilder->countAllResults()
 5 SYSTEMPATH\CodeIgniter.php(974): App\Controllers\Dashboard->index()
 6 SYSTEMPATH\CodeIgniter.php(520): CodeIgniter\CodeIgniter->runController(Object(App\Controllers\Dashboard))
 7 SYSTEMPATH\CodeIgniter.php(363): CodeIgniter\CodeIgniter->handleRequest(null, Object(Config\Cache), false)
 8 SYSTEMPATH\Boot.php(417): CodeIgniter\CodeIgniter->run()
 9 SYSTEMPATH\Boot.php(68): CodeIgniter\Boot::runCodeIgniter(Object(CodeIgniter\CodeIgniter))
10 FCPATH\index.php(59): CodeIgniter\Boot::bootWeb(Object(Config\Paths))
CRITICAL - 2026-07-27 06:18:41 --> [Caused by] mysqli_sql_exception: Table 'db_pwmuhammadiyah.amal_usaha' doesn't exist
in SYSTEMPATH\Database\MySQLi\Connection.php on line 300.
 1 SYSTEMPATH\Database\MySQLi\Connection.php(300): mysqli->query('SELECT COUNT(*) AS `numrows`
FROM `amal_usaha`', 0)
 2 SYSTEMPATH\Database\BaseConnection.php(908): CodeIgniter\Database\MySQLi\Connection->execute('SELECT COUNT(*) AS `numrows`
FROM `amal_usaha`')
 3 SYSTEMPATH\Database\BaseConnection.php(825): CodeIgniter\Database\BaseConnection->simpleQuery('SELECT COUNT(*) AS `numrows`
FROM `amal_usaha`')
 4 SYSTEMPATH\Database\BaseBuilder.php(1739): CodeIgniter\Database\BaseConnection->query('SELECT COUNT(*) AS `numrows`
FROM `amal_usaha`', [], false)
 5 APPPATH\Controllers\Dashboard.php(22): CodeIgniter\Database\BaseBuilder->countAllResults()
 6 SYSTEMPATH\CodeIgniter.php(974): App\Controllers\Dashboard->index()
 7 SYSTEMPATH\CodeIgniter.php(520): CodeIgniter\CodeIgniter->runController(Object(App\Controllers\Dashboard))
 8 SYSTEMPATH\CodeIgniter.php(363): CodeIgniter\CodeIgniter->handleRequest(null, Object(Config\Cache), false)
 9 SYSTEMPATH\Boot.php(417): CodeIgniter\CodeIgniter->run()
10 SYSTEMPATH\Boot.php(68): CodeIgniter\Boot::runCodeIgniter(Object(CodeIgniter\CodeIgniter))
11 FCPATH\index.php(59): CodeIgniter\Boot::bootWeb(Object(Config\Paths))
DEBUG - 2026-07-27 06:22:43 --> Session: Class initialized using 'CodeIgniter\Session\Handlers\FileHandler' driver.
ERROR - 2026-07-27 06:22:43 --> Table 'db_pwmuhammadiyah.amal_usaha' doesn't exist
in SYSTEMPATH\Database\MySQLi\Connection.php on line 300.
 1 SYSTEMPATH\Database\MySQLi\Connection.php(300): mysqli->query('SELECT COUNT(*) AS `numrows`
FROM `amal_usaha`', 0)
 2 SYSTEMPATH\Database\BaseConnection.php(908): CodeIgniter\Database\MySQLi\Connection->execute('SELECT COUNT(*) AS `numrows`
FROM `amal_usaha`')
 3 SYSTEMPATH\Database\BaseConnection.php(825): CodeIgniter\Database\BaseConnection->simpleQuery('SELECT COUNT(*) AS `numrows`
FROM `amal_usaha`')
 4 SYSTEMPATH\Database\BaseBuilder.php(1739): CodeIgniter\Database\BaseConnection->query('SELECT COUNT(*) AS `numrows`
FROM `amal_usaha`', [], false)
 5 APPPATH\Controllers\Dashboard.php(22): CodeIgniter\Database\BaseBuilder->countAllResults()
 6 SYSTEMPATH\CodeIgniter.php(974): App\Controllers\Dashboard->index()
 7 SYSTEMPATH\CodeIgniter.php(520): CodeIgniter\CodeIgniter->runController(Object(App\Controllers\Dashboard))
 8 SYSTEMPATH\CodeIgniter.php(363): CodeIgniter\CodeIgniter->handleRequest(null, Object(Config\Cache), false)
 9 SYSTEMPATH\Boot.php(417): CodeIgniter\CodeIgniter->run()
10 SYSTEMPATH\Boot.php(68): CodeIgniter\Boot::runCodeIgniter(Object(CodeIgniter\CodeIgniter))
11 FCPATH\index.php(59): CodeIgniter\Boot::bootWeb(Object(Config\Paths))
CRITICAL - 2026-07-27 06:22:43 --> CodeIgniter\Database\Exceptions\DatabaseException: Table 'db_pwmuhammadiyah.amal_usaha' doesn't exist
[Method: GET, Route: dashboard]
in SYSTEMPATH\Database\BaseConnection.php on line 863.
 1 SYSTEMPATH\Database\BaseBuilder.php(1739): CodeIgniter\Database\BaseConnection->query('SELECT COUNT(*) AS `numrows`
FROM `amal_usaha`', [], false)
 2 APPPATH\Controllers\Dashboard.php(22): CodeIgniter\Database\BaseBuilder->countAllResults()
 3 SYSTEMPATH\CodeIgniter.php(974): App\Controllers\Dashboard->index()
 4 SYSTEMPATH\CodeIgniter.php(520): CodeIgniter\CodeIgniter->runController(Object(App\Controllers\Dashboard))
 5 SYSTEMPATH\CodeIgniter.php(363): CodeIgniter\CodeIgniter->handleRequest(null, Object(Config\Cache), false)
 6 SYSTEMPATH\Boot.php(417): CodeIgniter\CodeIgniter->run()
 7 SYSTEMPATH\Boot.php(68): CodeIgniter\Boot::runCodeIgniter(Object(CodeIgniter\CodeIgniter))
 8 FCPATH\index.php(59): CodeIgniter\Boot::bootWeb(Object(Config\Paths))
CRITICAL - 2026-07-27 06:22:43 --> [Caused by] CodeIgniter\Database\Exceptions\DatabaseException: Table 'db_pwmuhammadiyah.amal_usaha' doesn't exist
in SYSTEMPATH\Database\MySQLi\Connection.php on line 310.
 1 SYSTEMPATH\Database\BaseConnection.php(908): CodeIgniter\Database\MySQLi\Connection->execute('SELECT COUNT(*) AS `numrows`
FROM `amal_usaha`')
 2 SYSTEMPATH\Database\BaseConnection.php(825): CodeIgniter\Database\BaseConnection->simpleQuery('SELECT COUNT(*) AS `numrows`
FROM `amal_usaha`')
 3 SYSTEMPATH\Database\BaseBuilder.php(1739): CodeIgniter\Database\BaseConnection->query('SELECT COUNT(*) AS `numrows`
FROM `amal_usaha`', [], false)
 4 APPPATH\Controllers\Dashboard.php(22): CodeIgniter\Database\BaseBuilder->countAllResults()
 5 SYSTEMPATH\CodeIgniter.php(974): App\Controllers\Dashboard->index()
 6 SYSTEMPATH\CodeIgniter.php(520): CodeIgniter\CodeIgniter->runController(Object(App\Controllers\Dashboard))
 7 SYSTEMPATH\CodeIgniter.php(363): CodeIgniter\CodeIgniter->handleRequest(null, Object(Config\Cache), false)
 8 SYSTEMPATH\Boot.php(417): CodeIgniter\CodeIgniter->run()
 9 SYSTEMPATH\Boot.php(68): CodeIgniter\Boot::runCodeIgniter(Object(CodeIgniter\CodeIgniter))
10 FCPATH\index.php(59): CodeIgniter\Boot::bootWeb(Object(Config\Paths))
CRITICAL - 2026-07-27 06:22:43 --> [Caused by] mysqli_sql_exception: Table 'db_pwmuhammadiyah.amal_usaha' doesn't exist
in SYSTEMPATH\Database\MySQLi\Connection.php on line 300.
 1 SYSTEMPATH\Database\MySQLi\Connection.php(300): mysqli->query('SELECT COUNT(*) AS `numrows`
FROM `amal_usaha`', 0)
 2 SYSTEMPATH\Database\BaseConnection.php(908): CodeIgniter\Database\MySQLi\Connection->execute('SELECT COUNT(*) AS `numrows`
FROM `amal_usaha`')
 3 SYSTEMPATH\Database\BaseConnection.php(825): CodeIgniter\Database\BaseConnection->simpleQuery('SELECT COUNT(*) AS `numrows`
FROM `amal_usaha`')
 4 SYSTEMPATH\Database\BaseBuilder.php(1739): CodeIgniter\Database\BaseConnection->query('SELECT COUNT(*) AS `numrows`
FROM `amal_usaha`', [], false)
 5 APPPATH\Controllers\Dashboard.php(22): CodeIgniter\Database\BaseBuilder->countAllResults()
 6 SYSTEMPATH\CodeIgniter.php(974): App\Controllers\Dashboard->index()
 7 SYSTEMPATH\CodeIgniter.php(520): CodeIgniter\CodeIgniter->runController(Object(App\Controllers\Dashboard))
 8 SYSTEMPATH\CodeIgniter.php(363): CodeIgniter\CodeIgniter->handleRequest(null, Object(Config\Cache), false)
 9 SYSTEMPATH\Boot.php(417): CodeIgniter\CodeIgniter->run()
10 SYSTEMPATH\Boot.php(68): CodeIgniter\Boot::runCodeIgniter(Object(CodeIgniter\CodeIgniter))
11 FCPATH\index.php(59): CodeIgniter\Boot::bootWeb(Object(Config\Paths))
DEBUG - 2026-07-27 06:22:44 --> Session: Class initialized using 'CodeIgniter\Session\Handlers\FileHandler' driver.
ERROR - 2026-07-27 06:22:45 --> Table 'db_pwmuhammadiyah.amal_usaha' doesn't exist
in SYSTEMPATH\Database\MySQLi\Connection.php on line 300.
 1 SYSTEMPATH\Database\MySQLi\Connection.php(300): mysqli->query('SELECT COUNT(*) AS `numrows`
FROM `amal_usaha`', 0)
 2 SYSTEMPATH\Database\BaseConnection.php(908): CodeIgniter\Database\MySQLi\Connection->execute('SELECT COUNT(*) AS `numrows`
FROM `amal_usaha`')
 3 SYSTEMPATH\Database\BaseConnection.php(825): CodeIgniter\Database\BaseConnection->simpleQuery('SELECT COUNT(*) AS `numrows`
FROM `amal_usaha`')
 4 SYSTEMPATH\Database\BaseBuilder.php(1739): CodeIgniter\Database\BaseConnection->query('SELECT COUNT(*) AS `numrows`
FROM `amal_usaha`', [], false)
 5 APPPATH\Controllers\Dashboard.php(22): CodeIgniter\Database\BaseBuilder->countAllResults()
 6 SYSTEMPATH\CodeIgniter.php(974): App\Controllers\Dashboard->index()
 7 SYSTEMPATH\CodeIgniter.php(520): CodeIgniter\CodeIgniter->runController(Object(App\Controllers\Dashboard))
 8 SYSTEMPATH\CodeIgniter.php(363): CodeIgniter\CodeIgniter->handleRequest(null, Object(Config\Cache), false)
 9 SYSTEMPATH\Boot.php(417): CodeIgniter\CodeIgniter->run()
10 SYSTEMPATH\Boot.php(68): CodeIgniter\Boot::runCodeIgniter(Object(CodeIgniter\CodeIgniter))
11 FCPATH\index.php(59): CodeIgniter\Boot::bootWeb(Object(Config\Paths))
CRITICAL - 2026-07-27 06:22:45 --> CodeIgniter\Database\Exceptions\DatabaseException: Table 'db_pwmuhammadiyah.amal_usaha' doesn't exist
[Method: GET, Route: dashboard]
in SYSTEMPATH\Database\BaseConnection.php on line 863.
 1 SYSTEMPATH\Database\BaseBuilder.php(1739): CodeIgniter\Database\BaseConnection->query('SELECT COUNT(*) AS `numrows`
FROM `amal_usaha`', [], false)
 2 APPPATH\Controllers\Dashboard.php(22): CodeIgniter\Database\BaseBuilder->countAllResults()
 3 SYSTEMPATH\CodeIgniter.php(974): App\Controllers\Dashboard->index()
 4 SYSTEMPATH\CodeIgniter.php(520): CodeIgniter\CodeIgniter->runController(Object(App\Controllers\Dashboard))
 5 SYSTEMPATH\CodeIgniter.php(363): CodeIgniter\CodeIgniter->handleRequest(null, Object(Config\Cache), false)
 6 SYSTEMPATH\Boot.php(417): CodeIgniter\CodeIgniter->run()
 7 SYSTEMPATH\Boot.php(68): CodeIgniter\Boot::runCodeIgniter(Object(CodeIgniter\CodeIgniter))
 8 FCPATH\index.php(59): CodeIgniter\Boot::bootWeb(Object(Config\Paths))
CRITICAL - 2026-07-27 06:22:45 --> [Caused by] CodeIgniter\Database\Exceptions\DatabaseException: Table 'db_pwmuhammadiyah.amal_usaha' doesn't exist
in SYSTEMPATH\Database\MySQLi\Connection.php on line 310.
 1 SYSTEMPATH\Database\BaseConnection.php(908): CodeIgniter\Database\MySQLi\Connection->execute('SELECT COUNT(*) AS `numrows`
FROM `amal_usaha`')
 2 SYSTEMPATH\Database\BaseConnection.php(825): CodeIgniter\Database\BaseConnection->simpleQuery('SELECT COUNT(*) AS `numrows`
FROM `amal_usaha`')
 3 SYSTEMPATH\Database\BaseBuilder.php(1739): CodeIgniter\Database\BaseConnection->query('SELECT COUNT(*) AS `numrows`
FROM `amal_usaha`', [], false)
 4 APPPATH\Controllers\Dashboard.php(22): CodeIgniter\Database\BaseBuilder->countAllResults()
 5 SYSTEMPATH\CodeIgniter.php(974): App\Controllers\Dashboard->index()
 6 SYSTEMPATH\CodeIgniter.php(520): CodeIgniter\CodeIgniter->runController(Object(App\Controllers\Dashboard))
 7 SYSTEMPATH\CodeIgniter.php(363): CodeIgniter\CodeIgniter->handleRequest(null, Object(Config\Cache), false)
 8 SYSTEMPATH\Boot.php(417): CodeIgniter\CodeIgniter->run()
 9 SYSTEMPATH\Boot.php(68): CodeIgniter\Boot::runCodeIgniter(Object(CodeIgniter\CodeIgniter))
10 FCPATH\index.php(59): CodeIgniter\Boot::bootWeb(Object(Config\Paths))
CRITICAL - 2026-07-27 06:22:45 --> [Caused by] mysqli_sql_exception: Table 'db_pwmuhammadiyah.amal_usaha' doesn't exist
in SYSTEMPATH\Database\MySQLi\Connection.php on line 300.
 1 SYSTEMPATH\Database\MySQLi\Connection.php(300): mysqli->query('SELECT COUNT(*) AS `numrows`
FROM `amal_usaha`', 0)
 2 SYSTEMPATH\Database\BaseConnection.php(908): CodeIgniter\Database\MySQLi\Connection->execute('SELECT COUNT(*) AS `numrows`
FROM `amal_usaha`')
 3 SYSTEMPATH\Database\BaseConnection.php(825): CodeIgniter\Database\BaseConnection->simpleQuery('SELECT COUNT(*) AS `numrows`
FROM `amal_usaha`')
 4 SYSTEMPATH\Database\BaseBuilder.php(1739): CodeIgniter\Database\BaseConnection->query('SELECT COUNT(*) AS `numrows`
FROM `amal_usaha`', [], false)
 5 APPPATH\Controllers\Dashboard.php(22): CodeIgniter\Database\BaseBuilder->countAllResults()
 6 SYSTEMPATH\CodeIgniter.php(974): App\Controllers\Dashboard->index()
 7 SYSTEMPATH\CodeIgniter.php(520): CodeIgniter\CodeIgniter->runController(Object(App\Controllers\Dashboard))
 8 SYSTEMPATH\CodeIgniter.php(363): CodeIgniter\CodeIgniter->handleRequest(null, Object(Config\Cache), false)
 9 SYSTEMPATH\Boot.php(417): CodeIgniter\CodeIgniter->run()
10 SYSTEMPATH\Boot.php(68): CodeIgniter\Boot::runCodeIgniter(Object(CodeIgniter\CodeIgniter))
11 FCPATH\index.php(59): CodeIgniter\Boot::bootWeb(Object(Config\Paths))
DEBUG - 2026-07-27 06:22:47 --> Session: Class initialized using 'CodeIgniter\Session\Handlers\FileHandler' driver.
DEBUG - 2026-07-27 06:22:47 --> Session: Class initialized using 'CodeIgniter\Session\Handlers\FileHandler' driver.
ERROR - 2026-07-27 06:22:47 --> Table 'db_pwmuhammadiyah.amal_usaha' doesn't exist
in SYSTEMPATH\Database\MySQLi\Connection.php on line 300.
 1 SYSTEMPATH\Database\MySQLi\Connection.php(300): mysqli->query('SELECT COUNT(*) AS `numrows`
FROM `amal_usaha`', 0)
 2 SYSTEMPATH\Database\BaseConnection.php(908): CodeIgniter\Database\MySQLi\Connection->execute('SELECT COUNT(*) AS `numrows`
FROM `amal_usaha`')
 3 SYSTEMPATH\Database\BaseConnection.php(825): CodeIgniter\Database\BaseConnection->simpleQuery('SELECT COUNT(*) AS `numrows`
FROM `amal_usaha`')
 4 SYSTEMPATH\Database\BaseBuilder.php(1739): CodeIgniter\Database\BaseConnection->query('SELECT COUNT(*) AS `numrows`
FROM `amal_usaha`', [], false)
 5 APPPATH\Controllers\Dashboard.php(22): CodeIgniter\Database\BaseBuilder->countAllResults()
 6 SYSTEMPATH\CodeIgniter.php(974): App\Controllers\Dashboard->index()
 7 SYSTEMPATH\CodeIgniter.php(520): CodeIgniter\CodeIgniter->runController(Object(App\Controllers\Dashboard))
 8 SYSTEMPATH\CodeIgniter.php(363): CodeIgniter\CodeIgniter->handleRequest(null, Object(Config\Cache), false)
 9 SYSTEMPATH\Boot.php(417): CodeIgniter\CodeIgniter->run()
10 SYSTEMPATH\Boot.php(68): CodeIgniter\Boot::runCodeIgniter(Object(CodeIgniter\CodeIgniter))
11 FCPATH\index.php(59): CodeIgniter\Boot::bootWeb(Object(Config\Paths))
CRITICAL - 2026-07-27 06:22:47 --> CodeIgniter\Database\Exceptions\DatabaseException: Table 'db_pwmuhammadiyah.amal_usaha' doesn't exist
[Method: GET, Route: dashboard]
in SYSTEMPATH\Database\BaseConnection.php on line 863.
 1 SYSTEMPATH\Database\BaseBuilder.php(1739): CodeIgniter\Database\BaseConnection->query('SELECT COUNT(*) AS `numrows`
FROM `amal_usaha`', [], false)
 2 APPPATH\Controllers\Dashboard.php(22): CodeIgniter\Database\BaseBuilder->countAllResults()
 3 SYSTEMPATH\CodeIgniter.php(974): App\Controllers\Dashboard->index()
 4 SYSTEMPATH\CodeIgniter.php(520): CodeIgniter\CodeIgniter->runController(Object(App\Controllers\Dashboard))
 5 SYSTEMPATH\CodeIgniter.php(363): CodeIgniter\CodeIgniter->handleRequest(null, Object(Config\Cache), false)
 6 SYSTEMPATH\Boot.php(417): CodeIgniter\CodeIgniter->run()
 7 SYSTEMPATH\Boot.php(68): CodeIgniter\Boot::runCodeIgniter(Object(CodeIgniter\CodeIgniter))
 8 FCPATH\index.php(59): CodeIgniter\Boot::bootWeb(Object(Config\Paths))
CRITICAL - 2026-07-27 06:22:47 --> [Caused by] CodeIgniter\Database\Exceptions\DatabaseException: Table 'db_pwmuhammadiyah.amal_usaha' doesn't exist
in SYSTEMPATH\Database\MySQLi\Connection.php on line 310.
 1 SYSTEMPATH\Database\BaseConnection.php(908): CodeIgniter\Database\MySQLi\Connection->execute('SELECT COUNT(*) AS `numrows`
FROM `amal_usaha`')
 2 SYSTEMPATH\Database\BaseConnection.php(825): CodeIgniter\Database\BaseConnection->simpleQuery('SELECT COUNT(*) AS `numrows`
FROM `amal_usaha`')
 3 SYSTEMPATH\Database\BaseBuilder.php(1739): CodeIgniter\Database\BaseConnection->query('SELECT COUNT(*) AS `numrows`
FROM `amal_usaha`', [], false)
 4 APPPATH\Controllers\Dashboard.php(22): CodeIgniter\Database\BaseBuilder->countAllResults()
 5 SYSTEMPATH\CodeIgniter.php(974): App\Controllers\Dashboard->index()
 6 SYSTEMPATH\CodeIgniter.php(520): CodeIgniter\CodeIgniter->runController(Object(App\Controllers\Dashboard))
 7 SYSTEMPATH\CodeIgniter.php(363): CodeIgniter\CodeIgniter->handleRequest(null, Object(Config\Cache), false)
 8 SYSTEMPATH\Boot.php(417): CodeIgniter\CodeIgniter->run()
 9 SYSTEMPATH\Boot.php(68): CodeIgniter\Boot::runCodeIgniter(Object(CodeIgniter\CodeIgniter))
10 FCPATH\index.php(59): CodeIgniter\Boot::bootWeb(Object(Config\Paths))
CRITICAL - 2026-07-27 06:22:47 --> [Caused by] mysqli_sql_exception: Table 'db_pwmuhammadiyah.amal_usaha' doesn't exist
in SYSTEMPATH\Database\MySQLi\Connection.php on line 300.
 1 SYSTEMPATH\Database\MySQLi\Connection.php(300): mysqli->query('SELECT COUNT(*) AS `numrows`
FROM `amal_usaha`', 0)
 2 SYSTEMPATH\Database\BaseConnection.php(908): CodeIgniter\Database\MySQLi\Connection->execute('SELECT COUNT(*) AS `numrows`
FROM `amal_usaha`')
 3 SYSTEMPATH\Database\BaseConnection.php(825): CodeIgniter\Database\BaseConnection->simpleQuery('SELECT COUNT(*) AS `numrows`
FROM `amal_usaha`')
 4 SYSTEMPATH\Database\BaseBuilder.php(1739): CodeIgniter\Database\BaseConnection->query('SELECT COUNT(*) AS `numrows`
FROM `amal_usaha`', [], false)
 5 APPPATH\Controllers\Dashboard.php(22): CodeIgniter\Database\BaseBuilder->countAllResults()
 6 SYSTEMPATH\CodeIgniter.php(974): App\Controllers\Dashboard->index()
 7 SYSTEMPATH\CodeIgniter.php(520): CodeIgniter\CodeIgniter->runController(Object(App\Controllers\Dashboard))
 8 SYSTEMPATH\CodeIgniter.php(363): CodeIgniter\CodeIgniter->handleRequest(null, Object(Config\Cache), false)
 9 SYSTEMPATH\Boot.php(417): CodeIgniter\CodeIgniter->run()
10 SYSTEMPATH\Boot.php(68): CodeIgniter\Boot::runCodeIgniter(Object(CodeIgniter\CodeIgniter))
11 FCPATH\index.php(59): CodeIgniter\Boot::bootWeb(Object(Config\Paths))
DEBUG - 2026-07-27 06:22:51 --> Session: Class initialized using 'CodeIgniter\Session\Handlers\FileHandler' driver.
DEBUG - 2026-07-27 06:22:51 --> Session: Class initialized using 'CodeIgniter\Session\Handlers\FileHandler' driver.
ERROR - 2026-07-27 06:22:51 --> Table 'db_pwmuhammadiyah.amal_usaha' doesn't exist
in SYSTEMPATH\Database\MySQLi\Connection.php on line 300.
 1 SYSTEMPATH\Database\MySQLi\Connection.php(300): mysqli->query('SELECT COUNT(*) AS `numrows`
FROM `amal_usaha`', 0)
 2 SYSTEMPATH\Database\BaseConnection.php(908): CodeIgniter\Database\MySQLi\Connection->execute('SELECT COUNT(*) AS `numrows`
FROM `amal_usaha`')
 3 SYSTEMPATH\Database\BaseConnection.php(825): CodeIgniter\Database\BaseConnection->simpleQuery('SELECT COUNT(*) AS `numrows`
FROM `amal_usaha`')
 4 SYSTEMPATH\Database\BaseBuilder.php(1739): CodeIgniter\Database\BaseConnection->query('SELECT COUNT(*) AS `numrows`
FROM `amal_usaha`', [], false)
 5 APPPATH\Controllers\Dashboard.php(22): CodeIgniter\Database\BaseBuilder->countAllResults()
 6 SYSTEMPATH\CodeIgniter.php(974): App\Controllers\Dashboard->index()
 7 SYSTEMPATH\CodeIgniter.php(520): CodeIgniter\CodeIgniter->runController(Object(App\Controllers\Dashboard))
 8 SYSTEMPATH\CodeIgniter.php(363): CodeIgniter\CodeIgniter->handleRequest(null, Object(Config\Cache), false)
 9 SYSTEMPATH\Boot.php(417): CodeIgniter\CodeIgniter->run()
10 SYSTEMPATH\Boot.php(68): CodeIgniter\Boot::runCodeIgniter(Object(CodeIgniter\CodeIgniter))
11 FCPATH\index.php(59): CodeIgniter\Boot::bootWeb(Object(Config\Paths))
CRITICAL - 2026-07-27 06:22:51 --> CodeIgniter\Database\Exceptions\DatabaseException: Table 'db_pwmuhammadiyah.amal_usaha' doesn't exist
[Method: GET, Route: dashboard]
in SYSTEMPATH\Database\BaseConnection.php on line 863.
 1 SYSTEMPATH\Database\BaseBuilder.php(1739): CodeIgniter\Database\BaseConnection->query('SELECT COUNT(*) AS `numrows`
FROM `amal_usaha`', [], false)
 2 APPPATH\Controllers\Dashboard.php(22): CodeIgniter\Database\BaseBuilder->countAllResults()
 3 SYSTEMPATH\CodeIgniter.php(974): App\Controllers\Dashboard->index()
 4 SYSTEMPATH\CodeIgniter.php(520): CodeIgniter\CodeIgniter->runController(Object(App\Controllers\Dashboard))
 5 SYSTEMPATH\CodeIgniter.php(363): CodeIgniter\CodeIgniter->handleRequest(null, Object(Config\Cache), false)
 6 SYSTEMPATH\Boot.php(417): CodeIgniter\CodeIgniter->run()
 7 SYSTEMPATH\Boot.php(68): CodeIgniter\Boot::runCodeIgniter(Object(CodeIgniter\CodeIgniter))
 8 FCPATH\index.php(59): CodeIgniter\Boot::bootWeb(Object(Config\Paths))
CRITICAL - 2026-07-27 06:22:51 --> [Caused by] CodeIgniter\Database\Exceptions\DatabaseException: Table 'db_pwmuhammadiyah.amal_usaha' doesn't exist
in SYSTEMPATH\Database\MySQLi\Connection.php on line 310.
 1 SYSTEMPATH\Database\BaseConnection.php(908): CodeIgniter\Database\MySQLi\Connection->execute('SELECT COUNT(*) AS `numrows`
FROM `amal_usaha`')
 2 SYSTEMPATH\Database\BaseConnection.php(825): CodeIgniter\Database\BaseConnection->simpleQuery('SELECT COUNT(*) AS `numrows`
FROM `amal_usaha`')
 3 SYSTEMPATH\Database\BaseBuilder.php(1739): CodeIgniter\Database\BaseConnection->query('SELECT COUNT(*) AS `numrows`
FROM `amal_usaha`', [], false)
 4 APPPATH\Controllers\Dashboard.php(22): CodeIgniter\Database\BaseBuilder->countAllResults()
 5 SYSTEMPATH\CodeIgniter.php(974): App\Controllers\Dashboard->index()
 6 SYSTEMPATH\CodeIgniter.php(520): CodeIgniter\CodeIgniter->runController(Object(App\Controllers\Dashboard))
 7 SYSTEMPATH\CodeIgniter.php(363): CodeIgniter\CodeIgniter->handleRequest(null, Object(Config\Cache), false)
 8 SYSTEMPATH\Boot.php(417): CodeIgniter\CodeIgniter->run()
 9 SYSTEMPATH\Boot.php(68): CodeIgniter\Boot::runCodeIgniter(Object(CodeIgniter\CodeIgniter))
10 FCPATH\index.php(59): CodeIgniter\Boot::bootWeb(Object(Config\Paths))
CRITICAL - 2026-07-27 06:22:51 --> [Caused by] mysqli_sql_exception: Table 'db_pwmuhammadiyah.amal_usaha' doesn't exist
in SYSTEMPATH\Database\MySQLi\Connection.php on line 300.
 1 SYSTEMPATH\Database\MySQLi\Connection.php(300): mysqli->query('SELECT COUNT(*) AS `numrows`
FROM `amal_usaha`', 0)
 2 SYSTEMPATH\Database\BaseConnection.php(908): CodeIgniter\Database\MySQLi\Connection->execute('SELECT COUNT(*) AS `numrows`
FROM `amal_usaha`')
 3 SYSTEMPATH\Database\BaseConnection.php(825): CodeIgniter\Database\BaseConnection->simpleQuery('SELECT COUNT(*) AS `numrows`
FROM `amal_usaha`')
 4 SYSTEMPATH\Database\BaseBuilder.php(1739): CodeIgniter\Database\BaseConnection->query('SELECT COUNT(*) AS `numrows`
FROM `amal_usaha`', [], false)
 5 APPPATH\Controllers\Dashboard.php(22): CodeIgniter\Database\BaseBuilder->countAllResults()
 6 SYSTEMPATH\CodeIgniter.php(974): App\Controllers\Dashboard->index()
 7 SYSTEMPATH\CodeIgniter.php(520): CodeIgniter\CodeIgniter->runController(Object(App\Controllers\Dashboard))
 8 SYSTEMPATH\CodeIgniter.php(363): CodeIgniter\CodeIgniter->handleRequest(null, Object(Config\Cache), false)
 9 SYSTEMPATH\Boot.php(417): CodeIgniter\CodeIgniter->run()
10 SYSTEMPATH\Boot.php(68): CodeIgniter\Boot::runCodeIgniter(Object(CodeIgniter\CodeIgniter))
11 FCPATH\index.php(59): CodeIgniter\Boot::bootWeb(Object(Config\Paths))
DEBUG - 2026-07-27 06:34:54 --> Session: Class initialized using 'CodeIgniter\Session\Handlers\FileHandler' driver.
ERROR - 2026-07-27 06:34:54 --> Table 'db_pwmuhammadiyah.amal_usaha' doesn't exist
in SYSTEMPATH\Database\MySQLi\Connection.php on line 300.
 1 SYSTEMPATH\Database\MySQLi\Connection.php(300): mysqli->query('SELECT COUNT(*) AS `numrows`
FROM `amal_usaha`', 0)
 2 SYSTEMPATH\Database\BaseConnection.php(908): CodeIgniter\Database\MySQLi\Connection->execute('SELECT COUNT(*) AS `numrows`
FROM `amal_usaha`')
 3 SYSTEMPATH\Database\BaseConnection.php(825): CodeIgniter\Database\BaseConnection->simpleQuery('SELECT COUNT(*) AS `numrows`
FROM `amal_usaha`')
 4 SYSTEMPATH\Database\BaseBuilder.php(1739): CodeIgniter\Database\BaseConnection->query('SELECT COUNT(*) AS `numrows`
FROM `amal_usaha`', [], false)
 5 APPPATH\Controllers\Dashboard.php(22): CodeIgniter\Database\BaseBuilder->countAllResults()
 6 SYSTEMPATH\CodeIgniter.php(974): App\Controllers\Dashboard->index()
 7 SYSTEMPATH\CodeIgniter.php(520): CodeIgniter\CodeIgniter->runController(Object(App\Controllers\Dashboard))
 8 SYSTEMPATH\CodeIgniter.php(363): CodeIgniter\CodeIgniter->handleRequest(null, Object(Config\Cache), false)
 9 SYSTEMPATH\Boot.php(417): CodeIgniter\CodeIgniter->run()
10 SYSTEMPATH\Boot.php(68): CodeIgniter\Boot::runCodeIgniter(Object(CodeIgniter\CodeIgniter))
11 FCPATH\index.php(59): CodeIgniter\Boot::bootWeb(Object(Config\Paths))
CRITICAL - 2026-07-27 06:34:54 --> CodeIgniter\Database\Exceptions\DatabaseException: Table 'db_pwmuhammadiyah.amal_usaha' doesn't exist
[Method: GET, Route: dashboard]
in SYSTEMPATH\Database\BaseConnection.php on line 863.
 1 SYSTEMPATH\Database\BaseBuilder.php(1739): CodeIgniter\Database\BaseConnection->query('SELECT COUNT(*) AS `numrows`
FROM `amal_usaha`', [], false)
 2 APPPATH\Controllers\Dashboard.php(22): CodeIgniter\Database\BaseBuilder->countAllResults()
 3 SYSTEMPATH\CodeIgniter.php(974): App\Controllers\Dashboard->index()
 4 SYSTEMPATH\CodeIgniter.php(520): CodeIgniter\CodeIgniter->runController(Object(App\Controllers\Dashboard))
 5 SYSTEMPATH\CodeIgniter.php(363): CodeIgniter\CodeIgniter->handleRequest(null, Object(Config\Cache), false)
 6 SYSTEMPATH\Boot.php(417): CodeIgniter\CodeIgniter->run()
 7 SYSTEMPATH\Boot.php(68): CodeIgniter\Boot::runCodeIgniter(Object(CodeIgniter\CodeIgniter))
 8 FCPATH\index.php(59): CodeIgniter\Boot::bootWeb(Object(Config\Paths))
CRITICAL - 2026-07-27 06:34:54 --> [Caused by] CodeIgniter\Database\Exceptions\DatabaseException: Table 'db_pwmuhammadiyah.amal_usaha' doesn't exist
in SYSTEMPATH\Database\MySQLi\Connection.php on line 310.
 1 SYSTEMPATH\Database\BaseConnection.php(908): CodeIgniter\Database\MySQLi\Connection->execute('SELECT COUNT(*) AS `numrows`
FROM `amal_usaha`')
 2 SYSTEMPATH\Database\BaseConnection.php(825): CodeIgniter\Database\BaseConnection->simpleQuery('SELECT COUNT(*) AS `numrows`
FROM `amal_usaha`')
 3 SYSTEMPATH\Database\BaseBuilder.php(1739): CodeIgniter\Database\BaseConnection->query('SELECT COUNT(*) AS `numrows`
FROM `amal_usaha`', [], false)
 4 APPPATH\Controllers\Dashboard.php(22): CodeIgniter\Database\BaseBuilder->countAllResults()
 5 SYSTEMPATH\CodeIgniter.php(974): App\Controllers\Dashboard->index()
 6 SYSTEMPATH\CodeIgniter.php(520): CodeIgniter\CodeIgniter->runController(Object(App\Controllers\Dashboard))
 7 SYSTEMPATH\CodeIgniter.php(363): CodeIgniter\CodeIgniter->handleRequest(null, Object(Config\Cache), false)
 8 SYSTEMPATH\Boot.php(417): CodeIgniter\CodeIgniter->run()
 9 SYSTEMPATH\Boot.php(68): CodeIgniter\Boot::runCodeIgniter(Object(CodeIgniter\CodeIgniter))
10 FCPATH\index.php(59): CodeIgniter\Boot::bootWeb(Object(Config\Paths))
CRITICAL - 2026-07-27 06:34:54 --> [Caused by] mysqli_sql_exception: Table 'db_pwmuhammadiyah.amal_usaha' doesn't exist
in SYSTEMPATH\Database\MySQLi\Connection.php on line 300.
 1 SYSTEMPATH\Database\MySQLi\Connection.php(300): mysqli->query('SELECT COUNT(*) AS `numrows`
FROM `amal_usaha`', 0)
 2 SYSTEMPATH\Database\BaseConnection.php(908): CodeIgniter\Database\MySQLi\Connection->execute('SELECT COUNT(*) AS `numrows`
FROM `amal_usaha`')
 3 SYSTEMPATH\Database\BaseConnection.php(825): CodeIgniter\Database\BaseConnection->simpleQuery('SELECT COUNT(*) AS `numrows`
FROM `amal_usaha`')
 4 SYSTEMPATH\Database\BaseBuilder.php(1739): CodeIgniter\Database\BaseConnection->query('SELECT COUNT(*) AS `numrows`
FROM `amal_usaha`', [], false)
 5 APPPATH\Controllers\Dashboard.php(22): CodeIgniter\Database\BaseBuilder->countAllResults()
 6 SYSTEMPATH\CodeIgniter.php(974): App\Controllers\Dashboard->index()
 7 SYSTEMPATH\CodeIgniter.php(520): CodeIgniter\CodeIgniter->runController(Object(App\Controllers\Dashboard))
 8 SYSTEMPATH\CodeIgniter.php(363): CodeIgniter\CodeIgniter->handleRequest(null, Object(Config\Cache), false)
 9 SYSTEMPATH\Boot.php(417): CodeIgniter\CodeIgniter->run()
10 SYSTEMPATH\Boot.php(68): CodeIgniter\Boot::runCodeIgniter(Object(CodeIgniter\CodeIgniter))
11 FCPATH\index.php(59): CodeIgniter\Boot::bootWeb(Object(Config\Paths))
DEBUG - 2026-07-27 06:34:59 --> Session: Class initialized using 'CodeIgniter\Session\Handlers\FileHandler' driver.
DEBUG - 2026-07-27 06:34:59 --> Session: Class initialized using 'CodeIgniter\Session\Handlers\FileHandler' driver.
ERROR - 2026-07-27 06:34:59 --> Table 'db_pwmuhammadiyah.amal_usaha' doesn't exist
in SYSTEMPATH\Database\MySQLi\Connection.php on line 300.
 1 SYSTEMPATH\Database\MySQLi\Connection.php(300): mysqli->query('SELECT COUNT(*) AS `numrows`
FROM `amal_usaha`', 0)
 2 SYSTEMPATH\Database\BaseConnection.php(908): CodeIgniter\Database\MySQLi\Connection->execute('SELECT COUNT(*) AS `numrows`
FROM `amal_usaha`')
 3 SYSTEMPATH\Database\BaseConnection.php(825): CodeIgniter\Database\BaseConnection->simpleQuery('SELECT COUNT(*) AS `numrows`
FROM `amal_usaha`')
 4 SYSTEMPATH\Database\BaseBuilder.php(1739): CodeIgniter\Database\BaseConnection->query('SELECT COUNT(*) AS `numrows`
FROM `amal_usaha`', [], false)
 5 APPPATH\Controllers\Dashboard.php(22): CodeIgniter\Database\BaseBuilder->countAllResults()
 6 SYSTEMPATH\CodeIgniter.php(974): App\Controllers\Dashboard->index()
 7 SYSTEMPATH\CodeIgniter.php(520): CodeIgniter\CodeIgniter->runController(Object(App\Controllers\Dashboard))
 8 SYSTEMPATH\CodeIgniter.php(363): CodeIgniter\CodeIgniter->handleRequest(null, Object(Config\Cache), false)
 9 SYSTEMPATH\Boot.php(417): CodeIgniter\CodeIgniter->run()
10 SYSTEMPATH\Boot.php(68): CodeIgniter\Boot::runCodeIgniter(Object(CodeIgniter\CodeIgniter))
11 FCPATH\index.php(59): CodeIgniter\Boot::bootWeb(Object(Config\Paths))
CRITICAL - 2026-07-27 06:34:59 --> CodeIgniter\Database\Exceptions\DatabaseException: Table 'db_pwmuhammadiyah.amal_usaha' doesn't exist
[Method: GET, Route: dashboard]
in SYSTEMPATH\Database\BaseConnection.php on line 863.
 1 SYSTEMPATH\Database\BaseBuilder.php(1739): CodeIgniter\Database\BaseConnection->query('SELECT COUNT(*) AS `numrows`
FROM `amal_usaha`', [], false)
 2 APPPATH\Controllers\Dashboard.php(22): CodeIgniter\Database\BaseBuilder->countAllResults()
 3 SYSTEMPATH\CodeIgniter.php(974): App\Controllers\Dashboard->index()
 4 SYSTEMPATH\CodeIgniter.php(520): CodeIgniter\CodeIgniter->runController(Object(App\Controllers\Dashboard))
 5 SYSTEMPATH\CodeIgniter.php(363): CodeIgniter\CodeIgniter->handleRequest(null, Object(Config\Cache), false)
 6 SYSTEMPATH\Boot.php(417): CodeIgniter\CodeIgniter->run()
 7 SYSTEMPATH\Boot.php(68): CodeIgniter\Boot::runCodeIgniter(Object(CodeIgniter\CodeIgniter))
 8 FCPATH\index.php(59): CodeIgniter\Boot::bootWeb(Object(Config\Paths))
CRITICAL - 2026-07-27 06:34:59 --> [Caused by] CodeIgniter\Database\Exceptions\DatabaseException: Table 'db_pwmuhammadiyah.amal_usaha' doesn't exist
in SYSTEMPATH\Database\MySQLi\Connection.php on line 310.
 1 SYSTEMPATH\Database\BaseConnection.php(908): CodeIgniter\Database\MySQLi\Connection->execute('SELECT COUNT(*) AS `numrows`
FROM `amal_usaha`')
 2 SYSTEMPATH\Database\BaseConnection.php(825): CodeIgniter\Database\BaseConnection->simpleQuery('SELECT COUNT(*) AS `numrows`
FROM `amal_usaha`')
 3 SYSTEMPATH\Database\BaseBuilder.php(1739): CodeIgniter\Database\BaseConnection->query('SELECT COUNT(*) AS `numrows`
FROM `amal_usaha`', [], false)
 4 APPPATH\Controllers\Dashboard.php(22): CodeIgniter\Database\BaseBuilder->countAllResults()
 5 SYSTEMPATH\CodeIgniter.php(974): App\Controllers\Dashboard->index()
 6 SYSTEMPATH\CodeIgniter.php(520): CodeIgniter\CodeIgniter->runController(Object(App\Controllers\Dashboard))
 7 SYSTEMPATH\CodeIgniter.php(363): CodeIgniter\CodeIgniter->handleRequest(null, Object(Config\Cache), false)
 8 SYSTEMPATH\Boot.php(417): CodeIgniter\CodeIgniter->run()
 9 SYSTEMPATH\Boot.php(68): CodeIgniter\Boot::runCodeIgniter(Object(CodeIgniter\CodeIgniter))
10 FCPATH\index.php(59): CodeIgniter\Boot::bootWeb(Object(Config\Paths))
CRITICAL - 2026-07-27 06:34:59 --> [Caused by] mysqli_sql_exception: Table 'db_pwmuhammadiyah.amal_usaha' doesn't exist
in SYSTEMPATH\Database\MySQLi\Connection.php on line 300.
 1 SYSTEMPATH\Database\MySQLi\Connection.php(300): mysqli->query('SELECT COUNT(*) AS `numrows`
FROM `amal_usaha`', 0)
 2 SYSTEMPATH\Database\BaseConnection.php(908): CodeIgniter\Database\MySQLi\Connection->execute('SELECT COUNT(*) AS `numrows`
FROM `amal_usaha`')
 3 SYSTEMPATH\Database\BaseConnection.php(825): CodeIgniter\Database\BaseConnection->simpleQuery('SELECT COUNT(*) AS `numrows`
FROM `amal_usaha`')
 4 SYSTEMPATH\Database\BaseBuilder.php(1739): CodeIgniter\Database\BaseConnection->query('SELECT COUNT(*) AS `numrows`
FROM `amal_usaha`', [], false)
 5 APPPATH\Controllers\Dashboard.php(22): CodeIgniter\Database\BaseBuilder->countAllResults()
 6 SYSTEMPATH\CodeIgniter.php(974): App\Controllers\Dashboard->index()
 7 SYSTEMPATH\CodeIgniter.php(520): CodeIgniter\CodeIgniter->runController(Object(App\Controllers\Dashboard))
 8 SYSTEMPATH\CodeIgniter.php(363): CodeIgniter\CodeIgniter->handleRequest(null, Object(Config\Cache), false)
 9 SYSTEMPATH\Boot.php(417): CodeIgniter\CodeIgniter->run()
10 SYSTEMPATH\Boot.php(68): CodeIgniter\Boot::runCodeIgniter(Object(CodeIgniter\CodeIgniter))
11 FCPATH\index.php(59): CodeIgniter\Boot::bootWeb(Object(Config\Paths))
DEBUG - 2026-07-27 07:50:24 --> Session: Class initialized using 'CodeIgniter\Session\Handlers\FileHandler' driver.
DEBUG - 2026-07-27 07:50:24 --> Session: Class initialized using 'CodeIgniter\Session\Handlers\FileHandler' driver.
ERROR - 2026-07-27 07:50:24 --> Table 'db_pwmuhammadiyah.amal_usaha' doesn't exist
in SYSTEMPATH\Database\MySQLi\Connection.php on line 300.
 1 SYSTEMPATH\Database\MySQLi\Connection.php(300): mysqli->query('SELECT COUNT(*) AS `numrows`
FROM `amal_usaha`', 0)
 2 SYSTEMPATH\Database\BaseConnection.php(908): CodeIgniter\Database\MySQLi\Connection->execute('SELECT COUNT(*) AS `numrows`
FROM `amal_usaha`')
 3 SYSTEMPATH\Database\BaseConnection.php(825): CodeIgniter\Database\BaseConnection->simpleQuery('SELECT COUNT(*) AS `numrows`
FROM `amal_usaha`')
 4 SYSTEMPATH\Database\BaseBuilder.php(1739): CodeIgniter\Database\BaseConnection->query('SELECT COUNT(*) AS `numrows`
FROM `amal_usaha`', [], false)
 5 APPPATH\Controllers\Dashboard.php(22): CodeIgniter\Database\BaseBuilder->countAllResults()
 6 SYSTEMPATH\CodeIgniter.php(974): App\Controllers\Dashboard->index()
 7 SYSTEMPATH\CodeIgniter.php(520): CodeIgniter\CodeIgniter->runController(Object(App\Controllers\Dashboard))
 8 SYSTEMPATH\CodeIgniter.php(363): CodeIgniter\CodeIgniter->handleRequest(null, Object(Config\Cache), false)
 9 SYSTEMPATH\Boot.php(417): CodeIgniter\CodeIgniter->run()
10 SYSTEMPATH\Boot.php(68): CodeIgniter\Boot::runCodeIgniter(Object(CodeIgniter\CodeIgniter))
11 FCPATH\index.php(59): CodeIgniter\Boot::bootWeb(Object(Config\Paths))
CRITICAL - 2026-07-27 07:50:24 --> CodeIgniter\Database\Exceptions\DatabaseException: Table 'db_pwmuhammadiyah.amal_usaha' doesn't exist
[Method: GET, Route: dashboard]
in SYSTEMPATH\Database\BaseConnection.php on line 863.
 1 SYSTEMPATH\Database\BaseBuilder.php(1739): CodeIgniter\Database\BaseConnection->query('SELECT COUNT(*) AS `numrows`
FROM `amal_usaha`', [], false)
 2 APPPATH\Controllers\Dashboard.php(22): CodeIgniter\Database\BaseBuilder->countAllResults()
 3 SYSTEMPATH\CodeIgniter.php(974): App\Controllers\Dashboard->index()
 4 SYSTEMPATH\CodeIgniter.php(520): CodeIgniter\CodeIgniter->runController(Object(App\Controllers\Dashboard))
 5 SYSTEMPATH\CodeIgniter.php(363): CodeIgniter\CodeIgniter->handleRequest(null, Object(Config\Cache), false)
 6 SYSTEMPATH\Boot.php(417): CodeIgniter\CodeIgniter->run()
 7 SYSTEMPATH\Boot.php(68): CodeIgniter\Boot::runCodeIgniter(Object(CodeIgniter\CodeIgniter))
 8 FCPATH\index.php(59): CodeIgniter\Boot::bootWeb(Object(Config\Paths))
CRITICAL - 2026-07-27 07:50:24 --> [Caused by] CodeIgniter\Database\Exceptions\DatabaseException: Table 'db_pwmuhammadiyah.amal_usaha' doesn't exist
in SYSTEMPATH\Database\MySQLi\Connection.php on line 310.
 1 SYSTEMPATH\Database\BaseConnection.php(908): CodeIgniter\Database\MySQLi\Connection->execute('SELECT COUNT(*) AS `numrows`
FROM `amal_usaha`')
 2 SYSTEMPATH\Database\BaseConnection.php(825): CodeIgniter\Database\BaseConnection->simpleQuery('SELECT COUNT(*) AS `numrows`
FROM `amal_usaha`')
 3 SYSTEMPATH\Database\BaseBuilder.php(1739): CodeIgniter\Database\BaseConnection->query('SELECT COUNT(*) AS `numrows`
FROM `amal_usaha`', [], false)
 4 APPPATH\Controllers\Dashboard.php(22): CodeIgniter\Database\BaseBuilder->countAllResults()
 5 SYSTEMPATH\CodeIgniter.php(974): App\Controllers\Dashboard->index()
 6 SYSTEMPATH\CodeIgniter.php(520): CodeIgniter\CodeIgniter->runController(Object(App\Controllers\Dashboard))
 7 SYSTEMPATH\CodeIgniter.php(363): CodeIgniter\CodeIgniter->handleRequest(null, Object(Config\Cache), false)
 8 SYSTEMPATH\Boot.php(417): CodeIgniter\CodeIgniter->run()
 9 SYSTEMPATH\Boot.php(68): CodeIgniter\Boot::runCodeIgniter(Object(CodeIgniter\CodeIgniter))
10 FCPATH\index.php(59): CodeIgniter\Boot::bootWeb(Object(Config\Paths))
CRITICAL - 2026-07-27 07:50:24 --> [Caused by] mysqli_sql_exception: Table 'db_pwmuhammadiyah.amal_usaha' doesn't exist
in SYSTEMPATH\Database\MySQLi\Connection.php on line 300.
 1 SYSTEMPATH\Database\MySQLi\Connection.php(300): mysqli->query('SELECT COUNT(*) AS `numrows`
FROM `amal_usaha`', 0)
 2 SYSTEMPATH\Database\BaseConnection.php(908): CodeIgniter\Database\MySQLi\Connection->execute('SELECT COUNT(*) AS `numrows`
FROM `amal_usaha`')
 3 SYSTEMPATH\Database\BaseConnection.php(825): CodeIgniter\Database\BaseConnection->simpleQuery('SELECT COUNT(*) AS `numrows`
FROM `amal_usaha`')
 4 SYSTEMPATH\Database\BaseBuilder.php(1739): CodeIgniter\Database\BaseConnection->query('SELECT COUNT(*) AS `numrows`
FROM `amal_usaha`', [], false)
 5 APPPATH\Controllers\Dashboard.php(22): CodeIgniter\Database\BaseBuilder->countAllResults()
 6 SYSTEMPATH\CodeIgniter.php(974): App\Controllers\Dashboard->index()
 7 SYSTEMPATH\CodeIgniter.php(520): CodeIgniter\CodeIgniter->runController(Object(App\Controllers\Dashboard))
 8 SYSTEMPATH\CodeIgniter.php(363): CodeIgniter\CodeIgniter->handleRequest(null, Object(Config\Cache), false)
 9 SYSTEMPATH\Boot.php(417): CodeIgniter\CodeIgniter->run()
10 SYSTEMPATH\Boot.php(68): CodeIgniter\Boot::runCodeIgniter(Object(CodeIgniter\CodeIgniter))
11 FCPATH\index.php(59): CodeIgniter\Boot::bootWeb(Object(Config\Paths))
DEBUG - 2026-07-27 07:58:04 --> Session: Class initialized using 'CodeIgniter\Session\Handlers\FileHandler' driver.
ERROR - 2026-07-27 07:58:04 --> Table 'db_pwmuhammadiyah.amal_usaha' doesn't exist
in SYSTEMPATH\Database\MySQLi\Connection.php on line 300.
 1 SYSTEMPATH\Database\MySQLi\Connection.php(300): mysqli->query('SELECT COUNT(*) AS `numrows`
FROM `amal_usaha`', 0)
 2 SYSTEMPATH\Database\BaseConnection.php(908): CodeIgniter\Database\MySQLi\Connection->execute('SELECT COUNT(*) AS `numrows`
FROM `amal_usaha`')
 3 SYSTEMPATH\Database\BaseConnection.php(825): CodeIgniter\Database\BaseConnection->simpleQuery('SELECT COUNT(*) AS `numrows`
FROM `amal_usaha`')
 4 SYSTEMPATH\Database\BaseBuilder.php(1739): CodeIgniter\Database\BaseConnection->query('SELECT COUNT(*) AS `numrows`
FROM `amal_usaha`', [], false)
 5 APPPATH\Controllers\Dashboard.php(22): CodeIgniter\Database\BaseBuilder->countAllResults()
 6 SYSTEMPATH\CodeIgniter.php(974): App\Controllers\Dashboard->index()
 7 SYSTEMPATH\CodeIgniter.php(520): CodeIgniter\CodeIgniter->runController(Object(App\Controllers\Dashboard))
 8 SYSTEMPATH\CodeIgniter.php(363): CodeIgniter\CodeIgniter->handleRequest(null, Object(Config\Cache), false)
 9 SYSTEMPATH\Boot.php(417): CodeIgniter\CodeIgniter->run()
10 SYSTEMPATH\Boot.php(68): CodeIgniter\Boot::runCodeIgniter(Object(CodeIgniter\CodeIgniter))
11 FCPATH\index.php(59): CodeIgniter\Boot::bootWeb(Object(Config\Paths))
CRITICAL - 2026-07-27 07:58:04 --> CodeIgniter\Database\Exceptions\DatabaseException: Table 'db_pwmuhammadiyah.amal_usaha' doesn't exist
[Method: GET, Route: dashboard]
in SYSTEMPATH\Database\BaseConnection.php on line 863.
 1 SYSTEMPATH\Database\BaseBuilder.php(1739): CodeIgniter\Database\BaseConnection->query('SELECT COUNT(*) AS `numrows`
FROM `amal_usaha`', [], false)
 2 APPPATH\Controllers\Dashboard.php(22): CodeIgniter\Database\BaseBuilder->countAllResults()
 3 SYSTEMPATH\CodeIgniter.php(974): App\Controllers\Dashboard->index()
 4 SYSTEMPATH\CodeIgniter.php(520): CodeIgniter\CodeIgniter->runController(Object(App\Controllers\Dashboard))
 5 SYSTEMPATH\CodeIgniter.php(363): CodeIgniter\CodeIgniter->handleRequest(null, Object(Config\Cache), false)
 6 SYSTEMPATH\Boot.php(417): CodeIgniter\CodeIgniter->run()
 7 SYSTEMPATH\Boot.php(68): CodeIgniter\Boot::runCodeIgniter(Object(CodeIgniter\CodeIgniter))
 8 FCPATH\index.php(59): CodeIgniter\Boot::bootWeb(Object(Config\Paths))
CRITICAL - 2026-07-27 07:58:04 --> [Caused by] CodeIgniter\Database\Exceptions\DatabaseException: Table 'db_pwmuhammadiyah.amal_usaha' doesn't exist
in SYSTEMPATH\Database\MySQLi\Connection.php on line 310.
 1 SYSTEMPATH\Database\BaseConnection.php(908): CodeIgniter\Database\MySQLi\Connection->execute('SELECT COUNT(*) AS `numrows`
FROM `amal_usaha`')
 2 SYSTEMPATH\Database\BaseConnection.php(825): CodeIgniter\Database\BaseConnection->simpleQuery('SELECT COUNT(*) AS `numrows`
FROM `amal_usaha`')
 3 SYSTEMPATH\Database\BaseBuilder.php(1739): CodeIgniter\Database\BaseConnection->query('SELECT COUNT(*) AS `numrows`
FROM `amal_usaha`', [], false)
 4 APPPATH\Controllers\Dashboard.php(22): CodeIgniter\Database\BaseBuilder->countAllResults()
 5 SYSTEMPATH\CodeIgniter.php(974): App\Controllers\Dashboard->index()
 6 SYSTEMPATH\CodeIgniter.php(520): CodeIgniter\CodeIgniter->runController(Object(App\Controllers\Dashboard))
 7 SYSTEMPATH\CodeIgniter.php(363): CodeIgniter\CodeIgniter->handleRequest(null, Object(Config\Cache), false)
 8 SYSTEMPATH\Boot.php(417): CodeIgniter\CodeIgniter->run()
 9 SYSTEMPATH\Boot.php(68): CodeIgniter\Boot::runCodeIgniter(Object(CodeIgniter\CodeIgniter))
10 FCPATH\index.php(59): CodeIgniter\Boot::bootWeb(Object(Config\Paths))
CRITICAL - 2026-07-27 07:58:04 --> [Caused by] mysqli_sql_exception: Table 'db_pwmuhammadiyah.amal_usaha' doesn't exist
in SYSTEMPATH\Database\MySQLi\Connection.php on line 300.
 1 SYSTEMPATH\Database\MySQLi\Connection.php(300): mysqli->query('SELECT COUNT(*) AS `numrows`
FROM `amal_usaha`', 0)
 2 SYSTEMPATH\Database\BaseConnection.php(908): CodeIgniter\Database\MySQLi\Connection->execute('SELECT COUNT(*) AS `numrows`
FROM `amal_usaha`')
 3 SYSTEMPATH\Database\BaseConnection.php(825): CodeIgniter\Database\BaseConnection->simpleQuery('SELECT COUNT(*) AS `numrows`
FROM `amal_usaha`')
 4 SYSTEMPATH\Database\BaseBuilder.php(1739): CodeIgniter\Database\BaseConnection->query('SELECT COUNT(*) AS `numrows`
FROM `amal_usaha`', [], false)
 5 APPPATH\Controllers\Dashboard.php(22): CodeIgniter\Database\BaseBuilder->countAllResults()
 6 SYSTEMPATH\CodeIgniter.php(974): App\Controllers\Dashboard->index()
 7 SYSTEMPATH\CodeIgniter.php(520): CodeIgniter\CodeIgniter->runController(Object(App\Controllers\Dashboard))
 8 SYSTEMPATH\CodeIgniter.php(363): CodeIgniter\CodeIgniter->handleRequest(null, Object(Config\Cache), false)
 9 SYSTEMPATH\Boot.php(417): CodeIgniter\CodeIgniter->run()
10 SYSTEMPATH\Boot.php(68): CodeIgniter\Boot::runCodeIgniter(Object(CodeIgniter\CodeIgniter))
11 FCPATH\index.php(59): CodeIgniter\Boot::bootWeb(Object(Config\Paths))
DEBUG - 2026-07-27 07:58:09 --> Session: Class initialized using 'CodeIgniter\Session\Handlers\FileHandler' driver.
ERROR - 2026-07-27 07:58:09 --> Table 'db_pwmuhammadiyah.amal_usaha' doesn't exist
in SYSTEMPATH\Database\MySQLi\Connection.php on line 300.
 1 SYSTEMPATH\Database\MySQLi\Connection.php(300): mysqli->query('SELECT COUNT(*) AS `numrows`
FROM `amal_usaha`', 0)
 2 SYSTEMPATH\Database\BaseConnection.php(908): CodeIgniter\Database\MySQLi\Connection->execute('SELECT COUNT(*) AS `numrows`
FROM `amal_usaha`')
 3 SYSTEMPATH\Database\BaseConnection.php(825): CodeIgniter\Database\BaseConnection->simpleQuery('SELECT COUNT(*) AS `numrows`
FROM `amal_usaha`')
 4 SYSTEMPATH\Database\BaseBuilder.php(1739): CodeIgniter\Database\BaseConnection->query('SELECT COUNT(*) AS `numrows`
FROM `amal_usaha`', [], false)
 5 APPPATH\Controllers\Dashboard.php(22): CodeIgniter\Database\BaseBuilder->countAllResults()
 6 SYSTEMPATH\CodeIgniter.php(974): App\Controllers\Dashboard->index()
 7 SYSTEMPATH\CodeIgniter.php(520): CodeIgniter\CodeIgniter->runController(Object(App\Controllers\Dashboard))
 8 SYSTEMPATH\CodeIgniter.php(363): CodeIgniter\CodeIgniter->handleRequest(null, Object(Config\Cache), false)
 9 SYSTEMPATH\Boot.php(417): CodeIgniter\CodeIgniter->run()
10 SYSTEMPATH\Boot.php(68): CodeIgniter\Boot::runCodeIgniter(Object(CodeIgniter\CodeIgniter))
11 FCPATH\index.php(59): CodeIgniter\Boot::bootWeb(Object(Config\Paths))
CRITICAL - 2026-07-27 07:58:09 --> CodeIgniter\Database\Exceptions\DatabaseException: Table 'db_pwmuhammadiyah.amal_usaha' doesn't exist
[Method: GET, Route: dashboard]
in SYSTEMPATH\Database\BaseConnection.php on line 863.
 1 SYSTEMPATH\Database\BaseBuilder.php(1739): CodeIgniter\Database\BaseConnection->query('SELECT COUNT(*) AS `numrows`
FROM `amal_usaha`', [], false)
 2 APPPATH\Controllers\Dashboard.php(22): CodeIgniter\Database\BaseBuilder->countAllResults()
 3 SYSTEMPATH\CodeIgniter.php(974): App\Controllers\Dashboard->index()
 4 SYSTEMPATH\CodeIgniter.php(520): CodeIgniter\CodeIgniter->runController(Object(App\Controllers\Dashboard))
 5 SYSTEMPATH\CodeIgniter.php(363): CodeIgniter\CodeIgniter->handleRequest(null, Object(Config\Cache), false)
 6 SYSTEMPATH\Boot.php(417): CodeIgniter\CodeIgniter->run()
 7 SYSTEMPATH\Boot.php(68): CodeIgniter\Boot::runCodeIgniter(Object(CodeIgniter\CodeIgniter))
 8 FCPATH\index.php(59): CodeIgniter\Boot::bootWeb(Object(Config\Paths))
CRITICAL - 2026-07-27 07:58:09 --> [Caused by] CodeIgniter\Database\Exceptions\DatabaseException: Table 'db_pwmuhammadiyah.amal_usaha' doesn't exist
in SYSTEMPATH\Database\MySQLi\Connection.php on line 310.
 1 SYSTEMPATH\Database\BaseConnection.php(908): CodeIgniter\Database\MySQLi\Connection->execute('SELECT COUNT(*) AS `numrows`
FROM `amal_usaha`')
 2 SYSTEMPATH\Database\BaseConnection.php(825): CodeIgniter\Database\BaseConnection->simpleQuery('SELECT COUNT(*) AS `numrows`
FROM `amal_usaha`')
 3 SYSTEMPATH\Database\BaseBuilder.php(1739): CodeIgniter\Database\BaseConnection->query('SELECT COUNT(*) AS `numrows`
FROM `amal_usaha`', [], false)
 4 APPPATH\Controllers\Dashboard.php(22): CodeIgniter\Database\BaseBuilder->countAllResults()
 5 SYSTEMPATH\CodeIgniter.php(974): App\Controllers\Dashboard->index()
 6 SYSTEMPATH\CodeIgniter.php(520): CodeIgniter\CodeIgniter->runController(Object(App\Controllers\Dashboard))
 7 SYSTEMPATH\CodeIgniter.php(363): CodeIgniter\CodeIgniter->handleRequest(null, Object(Config\Cache), false)
 8 SYSTEMPATH\Boot.php(417): CodeIgniter\CodeIgniter->run()
 9 SYSTEMPATH\Boot.php(68): CodeIgniter\Boot::runCodeIgniter(Object(CodeIgniter\CodeIgniter))
10 FCPATH\index.php(59): CodeIgniter\Boot::bootWeb(Object(Config\Paths))
CRITICAL - 2026-07-27 07:58:09 --> [Caused by] mysqli_sql_exception: Table 'db_pwmuhammadiyah.amal_usaha' doesn't exist
in SYSTEMPATH\Database\MySQLi\Connection.php on line 300.
 1 SYSTEMPATH\Database\MySQLi\Connection.php(300): mysqli->query('SELECT COUNT(*) AS `numrows`
FROM `amal_usaha`', 0)
 2 SYSTEMPATH\Database\BaseConnection.php(908): CodeIgniter\Database\MySQLi\Connection->execute('SELECT COUNT(*) AS `numrows`
FROM `amal_usaha`')
 3 SYSTEMPATH\Database\BaseConnection.php(825): CodeIgniter\Database\BaseConnection->simpleQuery('SELECT COUNT(*) AS `numrows`
FROM `amal_usaha`')
 4 SYSTEMPATH\Database\BaseBuilder.php(1739): CodeIgniter\Database\BaseConnection->query('SELECT COUNT(*) AS `numrows`
FROM `amal_usaha`', [], false)
 5 APPPATH\Controllers\Dashboard.php(22): CodeIgniter\Database\BaseBuilder->countAllResults()
 6 SYSTEMPATH\CodeIgniter.php(974): App\Controllers\Dashboard->index()
 7 SYSTEMPATH\CodeIgniter.php(520): CodeIgniter\CodeIgniter->runController(Object(App\Controllers\Dashboard))
 8 SYSTEMPATH\CodeIgniter.php(363): CodeIgniter\CodeIgniter->handleRequest(null, Object(Config\Cache), false)
 9 SYSTEMPATH\Boot.php(417): CodeIgniter\CodeIgniter->run()
10 SYSTEMPATH\Boot.php(68): CodeIgniter\Boot::runCodeIgniter(Object(CodeIgniter\CodeIgniter))
11 FCPATH\index.php(59): CodeIgniter\Boot::bootWeb(Object(Config\Paths))
DEBUG - 2026-07-27 07:58:13 --> Session: Class initialized using 'CodeIgniter\Session\Handlers\FileHandler' driver.
DEBUG - 2026-07-27 07:58:14 --> Session: Class initialized using 'CodeIgniter\Session\Handlers\FileHandler' driver.
ERROR - 2026-07-27 07:58:14 --> Table 'db_pwmuhammadiyah.amal_usaha' doesn't exist
in SYSTEMPATH\Database\MySQLi\Connection.php on line 300.
 1 SYSTEMPATH\Database\MySQLi\Connection.php(300): mysqli->query('SELECT COUNT(*) AS `numrows`
FROM `amal_usaha`', 0)
 2 SYSTEMPATH\Database\BaseConnection.php(908): CodeIgniter\Database\MySQLi\Connection->execute('SELECT COUNT(*) AS `numrows`
FROM `amal_usaha`')
 3 SYSTEMPATH\Database\BaseConnection.php(825): CodeIgniter\Database\BaseConnection->simpleQuery('SELECT COUNT(*) AS `numrows`
FROM `amal_usaha`')
 4 SYSTEMPATH\Database\BaseBuilder.php(1739): CodeIgniter\Database\BaseConnection->query('SELECT COUNT(*) AS `numrows`
FROM `amal_usaha`', [], false)
 5 APPPATH\Controllers\Dashboard.php(22): CodeIgniter\Database\BaseBuilder->countAllResults()
 6 SYSTEMPATH\CodeIgniter.php(974): App\Controllers\Dashboard->index()
 7 SYSTEMPATH\CodeIgniter.php(520): CodeIgniter\CodeIgniter->runController(Object(App\Controllers\Dashboard))
 8 SYSTEMPATH\CodeIgniter.php(363): CodeIgniter\CodeIgniter->handleRequest(null, Object(Config\Cache), false)
 9 SYSTEMPATH\Boot.php(417): CodeIgniter\CodeIgniter->run()
10 SYSTEMPATH\Boot.php(68): CodeIgniter\Boot::runCodeIgniter(Object(CodeIgniter\CodeIgniter))
11 FCPATH\index.php(59): CodeIgniter\Boot::bootWeb(Object(Config\Paths))
CRITICAL - 2026-07-27 07:58:14 --> CodeIgniter\Database\Exceptions\DatabaseException: Table 'db_pwmuhammadiyah.amal_usaha' doesn't exist
[Method: GET, Route: dashboard]
in SYSTEMPATH\Database\BaseConnection.php on line 863.
 1 SYSTEMPATH\Database\BaseBuilder.php(1739): CodeIgniter\Database\BaseConnection->query('SELECT COUNT(*) AS `numrows`
FROM `amal_usaha`', [], false)
 2 APPPATH\Controllers\Dashboard.php(22): CodeIgniter\Database\BaseBuilder->countAllResults()
 3 SYSTEMPATH\CodeIgniter.php(974): App\Controllers\Dashboard->index()
 4 SYSTEMPATH\CodeIgniter.php(520): CodeIgniter\CodeIgniter->runController(Object(App\Controllers\Dashboard))
 5 SYSTEMPATH\CodeIgniter.php(363): CodeIgniter\CodeIgniter->handleRequest(null, Object(Config\Cache), false)
 6 SYSTEMPATH\Boot.php(417): CodeIgniter\CodeIgniter->run()
 7 SYSTEMPATH\Boot.php(68): CodeIgniter\Boot::runCodeIgniter(Object(CodeIgniter\CodeIgniter))
 8 FCPATH\index.php(59): CodeIgniter\Boot::bootWeb(Object(Config\Paths))
CRITICAL - 2026-07-27 07:58:14 --> [Caused by] CodeIgniter\Database\Exceptions\DatabaseException: Table 'db_pwmuhammadiyah.amal_usaha' doesn't exist
in SYSTEMPATH\Database\MySQLi\Connection.php on line 310.
 1 SYSTEMPATH\Database\BaseConnection.php(908): CodeIgniter\Database\MySQLi\Connection->execute('SELECT COUNT(*) AS `numrows`
FROM `amal_usaha`')
 2 SYSTEMPATH\Database\BaseConnection.php(825): CodeIgniter\Database\BaseConnection->simpleQuery('SELECT COUNT(*) AS `numrows`
FROM `amal_usaha`')
 3 SYSTEMPATH\Database\BaseBuilder.php(1739): CodeIgniter\Database\BaseConnection->query('SELECT COUNT(*) AS `numrows`
FROM `amal_usaha`', [], false)
 4 APPPATH\Controllers\Dashboard.php(22): CodeIgniter\Database\BaseBuilder->countAllResults()
 5 SYSTEMPATH\CodeIgniter.php(974): App\Controllers\Dashboard->index()
 6 SYSTEMPATH\CodeIgniter.php(520): CodeIgniter\CodeIgniter->runController(Object(App\Controllers\Dashboard))
 7 SYSTEMPATH\CodeIgniter.php(363): CodeIgniter\CodeIgniter->handleRequest(null, Object(Config\Cache), false)
 8 SYSTEMPATH\Boot.php(417): CodeIgniter\CodeIgniter->run()
 9 SYSTEMPATH\Boot.php(68): CodeIgniter\Boot::runCodeIgniter(Object(CodeIgniter\CodeIgniter))
10 FCPATH\index.php(59): CodeIgniter\Boot::bootWeb(Object(Config\Paths))
CRITICAL - 2026-07-27 07:58:14 --> [Caused by] mysqli_sql_exception: Table 'db_pwmuhammadiyah.amal_usaha' doesn't exist
in SYSTEMPATH\Database\MySQLi\Connection.php on line 300.
 1 SYSTEMPATH\Database\MySQLi\Connection.php(300): mysqli->query('SELECT COUNT(*) AS `numrows`
FROM `amal_usaha`', 0)
 2 SYSTEMPATH\Database\BaseConnection.php(908): CodeIgniter\Database\MySQLi\Connection->execute('SELECT COUNT(*) AS `numrows`
FROM `amal_usaha`')
 3 SYSTEMPATH\Database\BaseConnection.php(825): CodeIgniter\Database\BaseConnection->simpleQuery('SELECT COUNT(*) AS `numrows`
FROM `amal_usaha`')
 4 SYSTEMPATH\Database\BaseBuilder.php(1739): CodeIgniter\Database\BaseConnection->query('SELECT COUNT(*) AS `numrows`
FROM `amal_usaha`', [], false)
 5 APPPATH\Controllers\Dashboard.php(22): CodeIgniter\Database\BaseBuilder->countAllResults()
 6 SYSTEMPATH\CodeIgniter.php(974): App\Controllers\Dashboard->index()
 7 SYSTEMPATH\CodeIgniter.php(520): CodeIgniter\CodeIgniter->runController(Object(App\Controllers\Dashboard))
 8 SYSTEMPATH\CodeIgniter.php(363): CodeIgniter\CodeIgniter->handleRequest(null, Object(Config\Cache), false)
 9 SYSTEMPATH\Boot.php(417): CodeIgniter\CodeIgniter->run()
10 SYSTEMPATH\Boot.php(68): CodeIgniter\Boot::runCodeIgniter(Object(CodeIgniter\CodeIgniter))
11 FCPATH\index.php(59): CodeIgniter\Boot::bootWeb(Object(Config\Paths))
DEBUG - 2026-07-27 07:59:52 --> Session: Class initialized using 'CodeIgniter\Session\Handlers\FileHandler' driver.
ERROR - 2026-07-27 07:59:52 --> Table 'db_pwmuhammadiyah.amal_usaha' doesn't exist
in SYSTEMPATH\Database\MySQLi\Connection.php on line 300.
 1 SYSTEMPATH\Database\MySQLi\Connection.php(300): mysqli->query('SELECT COUNT(*) AS `numrows`
FROM `amal_usaha`', 0)
 2 SYSTEMPATH\Database\BaseConnection.php(908): CodeIgniter\Database\MySQLi\Connection->execute('SELECT COUNT(*) AS `numrows`
FROM `amal_usaha`')
 3 SYSTEMPATH\Database\BaseConnection.php(825): CodeIgniter\Database\BaseConnection->simpleQuery('SELECT COUNT(*) AS `numrows`
FROM `amal_usaha`')
 4 SYSTEMPATH\Database\BaseBuilder.php(1739): CodeIgniter\Database\BaseConnection->query('SELECT COUNT(*) AS `numrows`
FROM `amal_usaha`', [], false)
 5 APPPATH\Controllers\Dashboard.php(22): CodeIgniter\Database\BaseBuilder->countAllResults()
 6 SYSTEMPATH\CodeIgniter.php(974): App\Controllers\Dashboard->index()
 7 SYSTEMPATH\CodeIgniter.php(520): CodeIgniter\CodeIgniter->runController(Object(App\Controllers\Dashboard))
 8 SYSTEMPATH\CodeIgniter.php(363): CodeIgniter\CodeIgniter->handleRequest(null, Object(Config\Cache), false)
 9 SYSTEMPATH\Boot.php(417): CodeIgniter\CodeIgniter->run()
10 SYSTEMPATH\Boot.php(68): CodeIgniter\Boot::runCodeIgniter(Object(CodeIgniter\CodeIgniter))
11 FCPATH\index.php(59): CodeIgniter\Boot::bootWeb(Object(Config\Paths))
CRITICAL - 2026-07-27 07:59:52 --> CodeIgniter\Database\Exceptions\DatabaseException: Table 'db_pwmuhammadiyah.amal_usaha' doesn't exist
[Method: GET, Route: dashboard]
in SYSTEMPATH\Database\BaseConnection.php on line 863.
 1 SYSTEMPATH\Database\BaseBuilder.php(1739): CodeIgniter\Database\BaseConnection->query('SELECT COUNT(*) AS `numrows`
FROM `amal_usaha`', [], false)
 2 APPPATH\Controllers\Dashboard.php(22): CodeIgniter\Database\BaseBuilder->countAllResults()
 3 SYSTEMPATH\CodeIgniter.php(974): App\Controllers\Dashboard->index()
 4 SYSTEMPATH\CodeIgniter.php(520): CodeIgniter\CodeIgniter->runController(Object(App\Controllers\Dashboard))
 5 SYSTEMPATH\CodeIgniter.php(363): CodeIgniter\CodeIgniter->handleRequest(null, Object(Config\Cache), false)
 6 SYSTEMPATH\Boot.php(417): CodeIgniter\CodeIgniter->run()
 7 SYSTEMPATH\Boot.php(68): CodeIgniter\Boot::runCodeIgniter(Object(CodeIgniter\CodeIgniter))
 8 FCPATH\index.php(59): CodeIgniter\Boot::bootWeb(Object(Config\Paths))
CRITICAL - 2026-07-27 07:59:52 --> [Caused by] CodeIgniter\Database\Exceptions\DatabaseException: Table 'db_pwmuhammadiyah.amal_usaha' doesn't exist
in SYSTEMPATH\Database\MySQLi\Connection.php on line 310.
 1 SYSTEMPATH\Database\BaseConnection.php(908): CodeIgniter\Database\MySQLi\Connection->execute('SELECT COUNT(*) AS `numrows`
FROM `amal_usaha`')
 2 SYSTEMPATH\Database\BaseConnection.php(825): CodeIgniter\Database\BaseConnection->simpleQuery('SELECT COUNT(*) AS `numrows`
FROM `amal_usaha`')
 3 SYSTEMPATH\Database\BaseBuilder.php(1739): CodeIgniter\Database\BaseConnection->query('SELECT COUNT(*) AS `numrows`
FROM `amal_usaha`', [], false)
 4 APPPATH\Controllers\Dashboard.php(22): CodeIgniter\Database\BaseBuilder->countAllResults()
 5 SYSTEMPATH\CodeIgniter.php(974): App\Controllers\Dashboard->index()
 6 SYSTEMPATH\CodeIgniter.php(520): CodeIgniter\CodeIgniter->runController(Object(App\Controllers\Dashboard))
 7 SYSTEMPATH\CodeIgniter.php(363): CodeIgniter\CodeIgniter->handleRequest(null, Object(Config\Cache), false)
 8 SYSTEMPATH\Boot.php(417): CodeIgniter\CodeIgniter->run()
 9 SYSTEMPATH\Boot.php(68): CodeIgniter\Boot::runCodeIgniter(Object(CodeIgniter\CodeIgniter))
10 FCPATH\index.php(59): CodeIgniter\Boot::bootWeb(Object(Config\Paths))
CRITICAL - 2026-07-27 07:59:52 --> [Caused by] mysqli_sql_exception: Table 'db_pwmuhammadiyah.amal_usaha' doesn't exist
in SYSTEMPATH\Database\MySQLi\Connection.php on line 300.
 1 SYSTEMPATH\Database\MySQLi\Connection.php(300): mysqli->query('SELECT COUNT(*) AS `numrows`
FROM `amal_usaha`', 0)
 2 SYSTEMPATH\Database\BaseConnection.php(908): CodeIgniter\Database\MySQLi\Connection->execute('SELECT COUNT(*) AS `numrows`
FROM `amal_usaha`')
 3 SYSTEMPATH\Database\BaseConnection.php(825): CodeIgniter\Database\BaseConnection->simpleQuery('SELECT COUNT(*) AS `numrows`
FROM `amal_usaha`')
 4 SYSTEMPATH\Database\BaseBuilder.php(1739): CodeIgniter\Database\BaseConnection->query('SELECT COUNT(*) AS `numrows`
FROM `amal_usaha`', [], false)
 5 APPPATH\Controllers\Dashboard.php(22): CodeIgniter\Database\BaseBuilder->countAllResults()
 6 SYSTEMPATH\CodeIgniter.php(974): App\Controllers\Dashboard->index()
 7 SYSTEMPATH\CodeIgniter.php(520): CodeIgniter\CodeIgniter->runController(Object(App\Controllers\Dashboard))
 8 SYSTEMPATH\CodeIgniter.php(363): CodeIgniter\CodeIgniter->handleRequest(null, Object(Config\Cache), false)
 9 SYSTEMPATH\Boot.php(417): CodeIgniter\CodeIgniter->run()
10 SYSTEMPATH\Boot.php(68): CodeIgniter\Boot::runCodeIgniter(Object(CodeIgniter\CodeIgniter))
11 FCPATH\index.php(59): CodeIgniter\Boot::bootWeb(Object(Config\Paths))
DEBUG - 2026-07-27 07:59:55 --> Session: Class initialized using 'CodeIgniter\Session\Handlers\FileHandler' driver.
ERROR - 2026-07-27 07:59:55 --> Table 'db_pwmuhammadiyah.amal_usaha' doesn't exist
in SYSTEMPATH\Database\MySQLi\Connection.php on line 300.
 1 SYSTEMPATH\Database\MySQLi\Connection.php(300): mysqli->query('SELECT COUNT(*) AS `numrows`
FROM `amal_usaha`', 0)
 2 SYSTEMPATH\Database\BaseConnection.php(908): CodeIgniter\Database\MySQLi\Connection->execute('SELECT COUNT(*) AS `numrows`
FROM `amal_usaha`')
 3 SYSTEMPATH\Database\BaseConnection.php(825): CodeIgniter\Database\BaseConnection->simpleQuery('SELECT COUNT(*) AS `numrows`
FROM `amal_usaha`')
 4 SYSTEMPATH\Database\BaseBuilder.php(1739): CodeIgniter\Database\BaseConnection->query('SELECT COUNT(*) AS `numrows`
FROM `amal_usaha`', [], false)
 5 APPPATH\Controllers\Dashboard.php(22): CodeIgniter\Database\BaseBuilder->countAllResults()
 6 SYSTEMPATH\CodeIgniter.php(974): App\Controllers\Dashboard->index()
 7 SYSTEMPATH\CodeIgniter.php(520): CodeIgniter\CodeIgniter->runController(Object(App\Controllers\Dashboard))
 8 SYSTEMPATH\CodeIgniter.php(363): CodeIgniter\CodeIgniter->handleRequest(null, Object(Config\Cache), false)
 9 SYSTEMPATH\Boot.php(417): CodeIgniter\CodeIgniter->run()
10 SYSTEMPATH\Boot.php(68): CodeIgniter\Boot::runCodeIgniter(Object(CodeIgniter\CodeIgniter))
11 FCPATH\index.php(59): CodeIgniter\Boot::bootWeb(Object(Config\Paths))
CRITICAL - 2026-07-27 07:59:55 --> CodeIgniter\Database\Exceptions\DatabaseException: Table 'db_pwmuhammadiyah.amal_usaha' doesn't exist
[Method: GET, Route: dashboard]
in SYSTEMPATH\Database\BaseConnection.php on line 863.
 1 SYSTEMPATH\Database\BaseBuilder.php(1739): CodeIgniter\Database\BaseConnection->query('SELECT COUNT(*) AS `numrows`
FROM `amal_usaha`', [], false)
 2 APPPATH\Controllers\Dashboard.php(22): CodeIgniter\Database\BaseBuilder->countAllResults()
 3 SYSTEMPATH\CodeIgniter.php(974): App\Controllers\Dashboard->index()
 4 SYSTEMPATH\CodeIgniter.php(520): CodeIgniter\CodeIgniter->runController(Object(App\Controllers\Dashboard))
 5 SYSTEMPATH\CodeIgniter.php(363): CodeIgniter\CodeIgniter->handleRequest(null, Object(Config\Cache), false)
 6 SYSTEMPATH\Boot.php(417): CodeIgniter\CodeIgniter->run()
 7 SYSTEMPATH\Boot.php(68): CodeIgniter\Boot::runCodeIgniter(Object(CodeIgniter\CodeIgniter))
 8 FCPATH\index.php(59): CodeIgniter\Boot::bootWeb(Object(Config\Paths))
CRITICAL - 2026-07-27 07:59:55 --> [Caused by] CodeIgniter\Database\Exceptions\DatabaseException: Table 'db_pwmuhammadiyah.amal_usaha' doesn't exist
in SYSTEMPATH\Database\MySQLi\Connection.php on line 310.
 1 SYSTEMPATH\Database\BaseConnection.php(908): CodeIgniter\Database\MySQLi\Connection->execute('SELECT COUNT(*) AS `numrows`
FROM `amal_usaha`')
 2 SYSTEMPATH\Database\BaseConnection.php(825): CodeIgniter\Database\BaseConnection->simpleQuery('SELECT COUNT(*) AS `numrows`
FROM `amal_usaha`')
 3 SYSTEMPATH\Database\BaseBuilder.php(1739): CodeIgniter\Database\BaseConnection->query('SELECT COUNT(*) AS `numrows`
FROM `amal_usaha`', [], false)
 4 APPPATH\Controllers\Dashboard.php(22): CodeIgniter\Database\BaseBuilder->countAllResults()
 5 SYSTEMPATH\CodeIgniter.php(974): App\Controllers\Dashboard->index()
 6 SYSTEMPATH\CodeIgniter.php(520): CodeIgniter\CodeIgniter->runController(Object(App\Controllers\Dashboard))
 7 SYSTEMPATH\CodeIgniter.php(363): CodeIgniter\CodeIgniter->handleRequest(null, Object(Config\Cache), false)
 8 SYSTEMPATH\Boot.php(417): CodeIgniter\CodeIgniter->run()
 9 SYSTEMPATH\Boot.php(68): CodeIgniter\Boot::runCodeIgniter(Object(CodeIgniter\CodeIgniter))
10 FCPATH\index.php(59): CodeIgniter\Boot::bootWeb(Object(Config\Paths))
CRITICAL - 2026-07-27 07:59:55 --> [Caused by] mysqli_sql_exception: Table 'db_pwmuhammadiyah.amal_usaha' doesn't exist
in SYSTEMPATH\Database\MySQLi\Connection.php on line 300.
 1 SYSTEMPATH\Database\MySQLi\Connection.php(300): mysqli->query('SELECT COUNT(*) AS `numrows`
FROM `amal_usaha`', 0)
 2 SYSTEMPATH\Database\BaseConnection.php(908): CodeIgniter\Database\MySQLi\Connection->execute('SELECT COUNT(*) AS `numrows`
FROM `amal_usaha`')
 3 SYSTEMPATH\Database\BaseConnection.php(825): CodeIgniter\Database\BaseConnection->simpleQuery('SELECT COUNT(*) AS `numrows`
FROM `amal_usaha`')
 4 SYSTEMPATH\Database\BaseBuilder.php(1739): CodeIgniter\Database\BaseConnection->query('SELECT COUNT(*) AS `numrows`
FROM `amal_usaha`', [], false)
 5 APPPATH\Controllers\Dashboard.php(22): CodeIgniter\Database\BaseBuilder->countAllResults()
 6 SYSTEMPATH\CodeIgniter.php(974): App\Controllers\Dashboard->index()
 7 SYSTEMPATH\CodeIgniter.php(520): CodeIgniter\CodeIgniter->runController(Object(App\Controllers\Dashboard))
 8 SYSTEMPATH\CodeIgniter.php(363): CodeIgniter\CodeIgniter->handleRequest(null, Object(Config\Cache), false)
 9 SYSTEMPATH\Boot.php(417): CodeIgniter\CodeIgniter->run()
10 SYSTEMPATH\Boot.php(68): CodeIgniter\Boot::runCodeIgniter(Object(CodeIgniter\CodeIgniter))
11 FCPATH\index.php(59): CodeIgniter\Boot::bootWeb(Object(Config\Paths))
DEBUG - 2026-07-27 08:01:19 --> Session: Class initialized using 'CodeIgniter\Session\Handlers\FileHandler' driver.
DEBUG - 2026-07-27 08:01:28 --> Session: Class initialized using 'CodeIgniter\Session\Handlers\FileHandler' driver.
DEBUG - 2026-07-27 08:01:33 --> Session: Class initialized using 'CodeIgniter\Session\Handlers\FileHandler' driver.
DEBUG - 2026-07-27 08:01:39 --> Session: Class initialized using 'CodeIgniter\Session\Handlers\FileHandler' driver.
DEBUG - 2026-07-27 08:01:51 --> Session: Class initialized using 'CodeIgniter\Session\Handlers\FileHandler' driver.
ERROR - 2026-07-27 08:03:29 --> Table 'db_pwmuhammadiyah.aum' doesn't exist
in SYSTEMPATH\Database\MySQLi\Connection.php on line 300.
 1 SYSTEMPATH\Database\MySQLi\Connection.php(300): mysqli->query('SELECT *
FROM `aum`
ORDER BY `id_aum` DESC', 0)
 2 SYSTEMPATH\Database\BaseConnection.php(908): CodeIgniter\Database\MySQLi\Connection->execute('SELECT *
FROM `aum`
ORDER BY `id_aum` DESC')
 3 SYSTEMPATH\Database\BaseConnection.php(825): CodeIgniter\Database\BaseConnection->simpleQuery('SELECT *
FROM `aum`
ORDER BY `id_aum` DESC')
 4 SYSTEMPATH\Database\BaseBuilder.php(1655): CodeIgniter\Database\BaseConnection->query('SELECT *
FROM `aum`
ORDER BY `id_aum` DESC', [], false)
 5 SYSTEMPATH\Model.php(255): CodeIgniter\Database\BaseBuilder->get()
 6 SYSTEMPATH\BaseModel.php(676): CodeIgniter\Model->doFindAll(0, 0)
 7 APPPATH\Controllers\Admin\Aum.php(24): CodeIgniter\BaseModel->findAll()
 8 SYSTEMPATH\CodeIgniter.php(974): App\Controllers\Admin\Aum->index()
 9 SYSTEMPATH\CodeIgniter.php(520): CodeIgniter\CodeIgniter->runController(Object(App\Controllers\Admin\Aum))
10 SYSTEMPATH\CodeIgniter.php(363): CodeIgniter\CodeIgniter->handleRequest(null, Object(Config\Cache), false)
11 SYSTEMPATH\Boot.php(417): CodeIgniter\CodeIgniter->run()
12 SYSTEMPATH\Boot.php(68): CodeIgniter\Boot::runCodeIgniter(Object(CodeIgniter\CodeIgniter))
13 FCPATH\index.php(59): CodeIgniter\Boot::bootWeb(Object(Config\Paths))
CRITICAL - 2026-07-27 08:03:29 --> CodeIgniter\Database\Exceptions\DatabaseException: Table 'db_pwmuhammadiyah.aum' doesn't exist
[Method: GET, Route: admin/profil/aum]
in SYSTEMPATH\Database\BaseConnection.php on line 863.
 1 SYSTEMPATH\Database\BaseBuilder.php(1655): CodeIgniter\Database\BaseConnection->query('SELECT *
FROM `aum`
ORDER BY `id_aum` DESC', [], false)
 2 SYSTEMPATH\Model.php(255): CodeIgniter\Database\BaseBuilder->get()
 3 SYSTEMPATH\BaseModel.php(676): CodeIgniter\Model->doFindAll(0, 0)
 4 APPPATH\Controllers\Admin\Aum.php(24): CodeIgniter\BaseModel->findAll()
 5 SYSTEMPATH\CodeIgniter.php(974): App\Controllers\Admin\Aum->index()
 6 SYSTEMPATH\CodeIgniter.php(520): CodeIgniter\CodeIgniter->runController(Object(App\Controllers\Admin\Aum))
 7 SYSTEMPATH\CodeIgniter.php(363): CodeIgniter\CodeIgniter->handleRequest(null, Object(Config\Cache), false)
 8 SYSTEMPATH\Boot.php(417): CodeIgniter\CodeIgniter->run()
 9 SYSTEMPATH\Boot.php(68): CodeIgniter\Boot::runCodeIgniter(Object(CodeIgniter\CodeIgniter))
10 FCPATH\index.php(59): CodeIgniter\Boot::bootWeb(Object(Config\Paths))
CRITICAL - 2026-07-27 08:03:29 --> [Caused by] CodeIgniter\Database\Exceptions\DatabaseException: Table 'db_pwmuhammadiyah.aum' doesn't exist
in SYSTEMPATH\Database\MySQLi\Connection.php on line 310.
 1 SYSTEMPATH\Database\BaseConnection.php(908): CodeIgniter\Database\MySQLi\Connection->execute('SELECT *
FROM `aum`
ORDER BY `id_aum` DESC')
 2 SYSTEMPATH\Database\BaseConnection.php(825): CodeIgniter\Database\BaseConnection->simpleQuery('SELECT *
FROM `aum`
ORDER BY `id_aum` DESC')
 3 SYSTEMPATH\Database\BaseBuilder.php(1655): CodeIgniter\Database\BaseConnection->query('SELECT *
FROM `aum`
ORDER BY `id_aum` DESC', [], false)
 4 SYSTEMPATH\Model.php(255): CodeIgniter\Database\BaseBuilder->get()
 5 SYSTEMPATH\BaseModel.php(676): CodeIgniter\Model->doFindAll(0, 0)
 6 APPPATH\Controllers\Admin\Aum.php(24): CodeIgniter\BaseModel->findAll()
 7 SYSTEMPATH\CodeIgniter.php(974): App\Controllers\Admin\Aum->index()
 8 SYSTEMPATH\CodeIgniter.php(520): CodeIgniter\CodeIgniter->runController(Object(App\Controllers\Admin\Aum))
 9 SYSTEMPATH\CodeIgniter.php(363): CodeIgniter\CodeIgniter->handleRequest(null, Object(Config\Cache), false)
10 SYSTEMPATH\Boot.php(417): CodeIgniter\CodeIgniter->run()
11 SYSTEMPATH\Boot.php(68): CodeIgniter\Boot::runCodeIgniter(Object(CodeIgniter\CodeIgniter))
12 FCPATH\index.php(59): CodeIgniter\Boot::bootWeb(Object(Config\Paths))
CRITICAL - 2026-07-27 08:03:29 --> [Caused by] mysqli_sql_exception: Table 'db_pwmuhammadiyah.aum' doesn't exist
in SYSTEMPATH\Database\MySQLi\Connection.php on line 300.
 1 SYSTEMPATH\Database\MySQLi\Connection.php(300): mysqli->query('SELECT *
FROM `aum`
ORDER BY `id_aum` DESC', 0)
 2 SYSTEMPATH\Database\BaseConnection.php(908): CodeIgniter\Database\MySQLi\Connection->execute('SELECT *
FROM `aum`
ORDER BY `id_aum` DESC')
 3 SYSTEMPATH\Database\BaseConnection.php(825): CodeIgniter\Database\BaseConnection->simpleQuery('SELECT *
FROM `aum`
ORDER BY `id_aum` DESC')
 4 SYSTEMPATH\Database\BaseBuilder.php(1655): CodeIgniter\Database\BaseConnection->query('SELECT *
FROM `aum`
ORDER BY `id_aum` DESC', [], false)
 5 SYSTEMPATH\Model.php(255): CodeIgniter\Database\BaseBuilder->get()
 6 SYSTEMPATH\BaseModel.php(676): CodeIgniter\Model->doFindAll(0, 0)
 7 APPPATH\Controllers\Admin\Aum.php(24): CodeIgniter\BaseModel->findAll()
 8 SYSTEMPATH\CodeIgniter.php(974): App\Controllers\Admin\Aum->index()
 9 SYSTEMPATH\CodeIgniter.php(520): CodeIgniter\CodeIgniter->runController(Object(App\Controllers\Admin\Aum))
10 SYSTEMPATH\CodeIgniter.php(363): CodeIgniter\CodeIgniter->handleRequest(null, Object(Config\Cache), false)
11 SYSTEMPATH\Boot.php(417): CodeIgniter\CodeIgniter->run()
12 SYSTEMPATH\Boot.php(68): CodeIgniter\Boot::runCodeIgniter(Object(CodeIgniter\CodeIgniter))
13 FCPATH\index.php(59): CodeIgniter\Boot::bootWeb(Object(Config\Paths))
CRITICAL - 2026-07-27 08:04:27 --> CodeIgniter\View\Exceptions\ViewException: Invalid file: "admin/aum/index.php"
[Method: GET, Route: admin/profil/aum]
in SYSTEMPATH\Exceptions\FrameworkException.php on line 39.
 1 SYSTEMPATH\View\View.php(228): CodeIgniter\Exceptions\FrameworkException::forInvalidFile('admin/aum/index.php')
 2 SYSTEMPATH\Common.php(1268): CodeIgniter\View\View->render('admin/aum/index', [], true)
 3 APPPATH\Controllers\Admin\Aum.php(27): view('admin/aum/index', [...])
 4 SYSTEMPATH\CodeIgniter.php(974): App\Controllers\Admin\Aum->index()
 5 SYSTEMPATH\CodeIgniter.php(520): CodeIgniter\CodeIgniter->runController(Object(App\Controllers\Admin\Aum))
 6 SYSTEMPATH\CodeIgniter.php(363): CodeIgniter\CodeIgniter->handleRequest(null, Object(Config\Cache), false)
 7 SYSTEMPATH\Boot.php(417): CodeIgniter\CodeIgniter->run()
 8 SYSTEMPATH\Boot.php(68): CodeIgniter\Boot::runCodeIgniter(Object(CodeIgniter\CodeIgniter))
 9 FCPATH\index.php(59): CodeIgniter\Boot::bootWeb(Object(Config\Paths))
CRITICAL - 2026-07-27 08:07:06 --> CodeIgniter\View\Exceptions\ViewException: Invalid file: "admin/aum/index.php"
[Method: GET, Route: admin/profil/aum]
in SYSTEMPATH\Exceptions\FrameworkException.php on line 39.
 1 SYSTEMPATH\View\View.php(228): CodeIgniter\Exceptions\FrameworkException::forInvalidFile('admin/aum/index.php')
 2 SYSTEMPATH\Common.php(1268): CodeIgniter\View\View->render('admin/aum/index', [], true)
 3 APPPATH\Controllers\Admin\Aum.php(27): view('admin/aum/index', [...])
 4 SYSTEMPATH\CodeIgniter.php(974): App\Controllers\Admin\Aum->index()
 5 SYSTEMPATH\CodeIgniter.php(520): CodeIgniter\CodeIgniter->runController(Object(App\Controllers\Admin\Aum))
 6 SYSTEMPATH\CodeIgniter.php(363): CodeIgniter\CodeIgniter->handleRequest(null, Object(Config\Cache), false)
 7 SYSTEMPATH\Boot.php(417): CodeIgniter\CodeIgniter->run()
 8 SYSTEMPATH\Boot.php(68): CodeIgniter\Boot::runCodeIgniter(Object(CodeIgniter\CodeIgniter))
 9 FCPATH\index.php(59): CodeIgniter\Boot::bootWeb(Object(Config\Paths))
CRITICAL - 2026-07-27 08:10:26 --> CodeIgniter\View\Exceptions\ViewException: Invalid file: "admin/aum/index.php"
[Method: GET, Route: admin/profil/aum]
in SYSTEMPATH\Exceptions\FrameworkException.php on line 39.
 1 SYSTEMPATH\View\View.php(228): CodeIgniter\Exceptions\FrameworkException::forInvalidFile('admin/aum/index.php')
 2 SYSTEMPATH\Common.php(1268): CodeIgniter\View\View->render('admin/aum/index', [], true)
 3 APPPATH\Controllers\Admin\Aum.php(54): view('admin/aum/index', [...])
 4 SYSTEMPATH\CodeIgniter.php(974): App\Controllers\Admin\Aum->index()
 5 SYSTEMPATH\CodeIgniter.php(520): CodeIgniter\CodeIgniter->runController(Object(App\Controllers\Admin\Aum))
 6 SYSTEMPATH\CodeIgniter.php(363): CodeIgniter\CodeIgniter->handleRequest(null, Object(Config\Cache), false)
 7 SYSTEMPATH\Boot.php(417): CodeIgniter\CodeIgniter->run()
 8 SYSTEMPATH\Boot.php(68): CodeIgniter\Boot::runCodeIgniter(Object(CodeIgniter\CodeIgniter))
 9 FCPATH\index.php(59): CodeIgniter\Boot::bootWeb(Object(Config\Paths))
DEBUG - 2026-07-27 08:10:29 --> Session: Class initialized using 'CodeIgniter\Session\Handlers\FileHandler' driver.
CRITICAL - 2026-07-27 08:10:33 --> CodeIgniter\View\Exceptions\ViewException: Invalid file: "admin/aum/index.php"
[Method: GET, Route: admin/profil/aum]
in SYSTEMPATH\Exceptions\FrameworkException.php on line 39.
 1 SYSTEMPATH\View\View.php(228): CodeIgniter\Exceptions\FrameworkException::forInvalidFile('admin/aum/index.php')
 2 SYSTEMPATH\Common.php(1268): CodeIgniter\View\View->render('admin/aum/index', [], true)
 3 APPPATH\Controllers\Admin\Aum.php(54): view('admin/aum/index', [...])
 4 SYSTEMPATH\CodeIgniter.php(974): App\Controllers\Admin\Aum->index()
 5 SYSTEMPATH\CodeIgniter.php(520): CodeIgniter\CodeIgniter->runController(Object(App\Controllers\Admin\Aum))
 6 SYSTEMPATH\CodeIgniter.php(363): CodeIgniter\CodeIgniter->handleRequest(null, Object(Config\Cache), false)
 7 SYSTEMPATH\Boot.php(417): CodeIgniter\CodeIgniter->run()
 8 SYSTEMPATH\Boot.php(68): CodeIgniter\Boot::runCodeIgniter(Object(CodeIgniter\CodeIgniter))
 9 FCPATH\index.php(59): CodeIgniter\Boot::bootWeb(Object(Config\Paths))
CRITICAL - 2026-07-27 08:11:37 --> ParseError: Unclosed '{' on line 26
[Method: GET, Route: admin/profil/aum]
in APPPATH\Config\Routes.php on line 115.
 1 SYSTEMPATH\CodeIgniter.php(841): CodeIgniter\Router\RouteCollection->loadRoutes()
 2 SYSTEMPATH\CodeIgniter.php(464): CodeIgniter\CodeIgniter->tryToRouteIt(null)
 3 SYSTEMPATH\CodeIgniter.php(363): CodeIgniter\CodeIgniter->handleRequest(null, Object(Config\Cache), false)
 4 SYSTEMPATH\Boot.php(417): CodeIgniter\CodeIgniter->run()
 5 SYSTEMPATH\Boot.php(68): CodeIgniter\Boot::runCodeIgniter(Object(CodeIgniter\CodeIgniter))
 6 FCPATH\index.php(59): CodeIgniter\Boot::bootWeb(Object(Config\Paths))
CRITICAL - 2026-07-27 08:14:33 --> CodeIgniter\View\Exceptions\ViewException: Invalid file: "admin/aum/index.php"
[Method: GET, Route: admin/profil/aum]
in SYSTEMPATH\Exceptions\FrameworkException.php on line 39.
 1 SYSTEMPATH\View\View.php(228): CodeIgniter\Exceptions\FrameworkException::forInvalidFile('admin/aum/index.php')
 2 SYSTEMPATH\Common.php(1268): CodeIgniter\View\View->render('admin/aum/index', [], true)
 3 APPPATH\Controllers\Admin\Aum.php(54): view('admin/aum/index', [...])
 4 SYSTEMPATH\CodeIgniter.php(974): App\Controllers\Admin\Aum->index()
 5 SYSTEMPATH\CodeIgniter.php(520): CodeIgniter\CodeIgniter->runController(Object(App\Controllers\Admin\Aum))
 6 SYSTEMPATH\CodeIgniter.php(363): CodeIgniter\CodeIgniter->handleRequest(null, Object(Config\Cache), false)
 7 SYSTEMPATH\Boot.php(417): CodeIgniter\CodeIgniter->run()
 8 SYSTEMPATH\Boot.php(68): CodeIgniter\Boot::runCodeIgniter(Object(CodeIgniter\CodeIgniter))
 9 FCPATH\index.php(59): CodeIgniter\Boot::bootWeb(Object(Config\Paths))
CRITICAL - 2026-07-27 08:16:54 --> CodeIgniter\View\Exceptions\ViewException: Invalid file: "admin/aum/index.php"
[Method: GET, Route: admin/profil/aum]
in SYSTEMPATH\Exceptions\FrameworkException.php on line 39.
 1 SYSTEMPATH\View\View.php(228): CodeIgniter\Exceptions\FrameworkException::forInvalidFile('admin/aum/index.php')
 2 SYSTEMPATH\Common.php(1268): CodeIgniter\View\View->render('admin/aum/index', [], true)
 3 APPPATH\Controllers\Admin\Aum.php(54): view('admin/aum/index', [...])
 4 SYSTEMPATH\CodeIgniter.php(974): App\Controllers\Admin\Aum->index()
 5 SYSTEMPATH\CodeIgniter.php(520): CodeIgniter\CodeIgniter->runController(Object(App\Controllers\Admin\Aum))
 6 SYSTEMPATH\CodeIgniter.php(363): CodeIgniter\CodeIgniter->handleRequest(null, Object(Config\Cache), false)
 7 SYSTEMPATH\Boot.php(417): CodeIgniter\CodeIgniter->run()
 8 SYSTEMPATH\Boot.php(68): CodeIgniter\Boot::runCodeIgniter(Object(CodeIgniter\CodeIgniter))
 9 FCPATH\index.php(59): CodeIgniter\Boot::bootWeb(Object(Config\Paths))
CRITICAL - 2026-07-27 08:19:15 --> CodeIgniter\View\Exceptions\ViewException: Invalid file: "admin/aum.php"
[Method: GET, Route: admin/profil/aum]
in SYSTEMPATH\Exceptions\FrameworkException.php on line 39.
 1 SYSTEMPATH\View\View.php(228): CodeIgniter\Exceptions\FrameworkException::forInvalidFile('admin/aum.php')
 2 SYSTEMPATH\Common.php(1268): CodeIgniter\View\View->render('admin/aum', [], true)
 3 APPPATH\Controllers\Admin\Aum.php(54): view('admin/aum', [...])
 4 SYSTEMPATH\CodeIgniter.php(974): App\Controllers\Admin\Aum->index()
 5 SYSTEMPATH\CodeIgniter.php(520): CodeIgniter\CodeIgniter->runController(Object(App\Controllers\Admin\Aum))
 6 SYSTEMPATH\CodeIgniter.php(363): CodeIgniter\CodeIgniter->handleRequest(null, Object(Config\Cache), false)
 7 SYSTEMPATH\Boot.php(417): CodeIgniter\CodeIgniter->run()
 8 SYSTEMPATH\Boot.php(68): CodeIgniter\Boot::runCodeIgniter(Object(CodeIgniter\CodeIgniter))
 9 FCPATH\index.php(59): CodeIgniter\Boot::bootWeb(Object(Config\Paths))
CRITICAL - 2026-07-27 08:20:41 --> CodeIgniter\View\Exceptions\ViewException: Invalid file: "admin/aum.php"
[Method: GET, Route: admin/profil/aum]
in SYSTEMPATH\Exceptions\FrameworkException.php on line 39.
 1 SYSTEMPATH\View\View.php(228): CodeIgniter\Exceptions\FrameworkException::forInvalidFile('admin/aum.php')
 2 SYSTEMPATH\Common.php(1268): CodeIgniter\View\View->render('admin/aum', [], true)
 3 APPPATH\Controllers\Admin\Aum.php(54): view('admin/aum', [...])
 4 SYSTEMPATH\CodeIgniter.php(974): App\Controllers\Admin\Aum->index()
 5 SYSTEMPATH\CodeIgniter.php(520): CodeIgniter\CodeIgniter->runController(Object(App\Controllers\Admin\Aum))
 6 SYSTEMPATH\CodeIgniter.php(363): CodeIgniter\CodeIgniter->handleRequest(null, Object(Config\Cache), false)
 7 SYSTEMPATH\Boot.php(417): CodeIgniter\CodeIgniter->run()
 8 SYSTEMPATH\Boot.php(68): CodeIgniter\Boot::runCodeIgniter(Object(CodeIgniter\CodeIgniter))
 9 FCPATH\index.php(59): CodeIgniter\Boot::bootWeb(Object(Config\Paths))
CRITICAL - 2026-07-27 08:24:14 --> CodeIgniter\View\Exceptions\ViewException: Invalid file: "admin/aum.php"
[Method: GET, Route: admin/profil/aum]
in SYSTEMPATH\Exceptions\FrameworkException.php on line 39.
 1 SYSTEMPATH\View\View.php(228): CodeIgniter\Exceptions\FrameworkException::forInvalidFile('admin/aum.php')
 2 SYSTEMPATH\Common.php(1268): CodeIgniter\View\View->render('admin/aum', [], true)
 3 APPPATH\Controllers\Admin\Aum.php(54): view('admin/aum', [...])
 4 SYSTEMPATH\CodeIgniter.php(974): App\Controllers\Admin\Aum->index()
 5 SYSTEMPATH\CodeIgniter.php(520): CodeIgniter\CodeIgniter->runController(Object(App\Controllers\Admin\Aum))
 6 SYSTEMPATH\CodeIgniter.php(363): CodeIgniter\CodeIgniter->handleRequest(null, Object(Config\Cache), false)
 7 SYSTEMPATH\Boot.php(417): CodeIgniter\CodeIgniter->run()
 8 SYSTEMPATH\Boot.php(68): CodeIgniter\Boot::runCodeIgniter(Object(CodeIgniter\CodeIgniter))
 9 FCPATH\index.php(59): CodeIgniter\Boot::bootWeb(Object(Config\Paths))
DEBUG - 2026-07-27 08:25:32 --> Session: Class initialized using 'CodeIgniter\Session\Handlers\FileHandler' driver.
DEBUG - 2026-07-27 08:37:29 --> Session: Class initialized using 'CodeIgniter\Session\Handlers\FileHandler' driver.
DEBUG - 2026-07-27 08:37:30 --> Session: Class initialized using 'CodeIgniter\Session\Handlers\FileHandler' driver.
DEBUG - 2026-07-27 08:37:55 --> Session: Class initialized using 'CodeIgniter\Session\Handlers\FileHandler' driver.
DEBUG - 2026-07-27 08:37:55 --> Session: Class initialized using 'CodeIgniter\Session\Handlers\FileHandler' driver.
DEBUG - 2026-07-27 08:38:15 --> Session: Class initialized using 'CodeIgniter\Session\Handlers\FileHandler' driver.
DEBUG - 2026-07-27 08:42:17 --> Session: Class initialized using 'CodeIgniter\Session\Handlers\FileHandler' driver.
DEBUG - 2026-07-27 08:42:31 --> Session: Class initialized using 'CodeIgniter\Session\Handlers\FileHandler' driver.
DEBUG - 2026-07-27 08:42:31 --> Session: Class initialized using 'CodeIgniter\Session\Handlers\FileHandler' driver.
DEBUG - 2026-07-27 08:42:44 --> Session: Class initialized using 'CodeIgniter\Session\Handlers\FileHandler' driver.
DEBUG - 2026-07-27 08:42:44 --> Session: Class initialized using 'CodeIgniter\Session\Handlers\FileHandler' driver.
DEBUG - 2026-07-27 08:47:02 --> Session: Class initialized using 'CodeIgniter\Session\Handlers\FileHandler' driver.
DEBUG - 2026-07-27 08:47:06 --> Session: Class initialized using 'CodeIgniter\Session\Handlers\FileHandler' driver.
CRITICAL - 2026-07-27 08:47:09 --> Error: Class "App\Models\TentangKamiModel" not found
[Method: GET, Route: admin/profil/tentang-kami]
in APPPATH\Controllers\Admin\Profil.php on line 25.
 1 SYSTEMPATH\CodeIgniter.php(944): App\Controllers\Admin\Profil->__construct()
 2 SYSTEMPATH\CodeIgniter.php(511): CodeIgniter\CodeIgniter->createController()
 3 SYSTEMPATH\CodeIgniter.php(363): CodeIgniter\CodeIgniter->handleRequest(null, Object(Config\Cache), false)
 4 SYSTEMPATH\Boot.php(417): CodeIgniter\CodeIgniter->run()
 5 SYSTEMPATH\Boot.php(68): CodeIgniter\Boot::runCodeIgniter(Object(CodeIgniter\CodeIgniter))
 6 FCPATH\index.php(59): CodeIgniter\Boot::bootWeb(Object(Config\Paths))
DEBUG - 2026-07-27 08:47:45 --> Session: Class initialized using 'CodeIgniter\Session\Handlers\FileHandler' driver.
CRITICAL - 2026-07-27 08:47:48 --> Error: Class "App\Models\TentangKamiModel" not found
[Method: GET, Route: admin/profil/sejarah]
in APPPATH\Controllers\Admin\Profil.php on line 25.
 1 SYSTEMPATH\CodeIgniter.php(944): App\Controllers\Admin\Profil->__construct()
 2 SYSTEMPATH\CodeIgniter.php(511): CodeIgniter\CodeIgniter->createController()
 3 SYSTEMPATH\CodeIgniter.php(363): CodeIgniter\CodeIgniter->handleRequest(null, Object(Config\Cache), false)
 4 SYSTEMPATH\Boot.php(417): CodeIgniter\CodeIgniter->run()
 5 SYSTEMPATH\Boot.php(68): CodeIgniter\Boot::runCodeIgniter(Object(CodeIgniter\CodeIgniter))
 6 FCPATH\index.php(59): CodeIgniter\Boot::bootWeb(Object(Config\Paths))
DEBUG - 2026-07-27 08:47:54 --> Session: Class initialized using 'CodeIgniter\Session\Handlers\FileHandler' driver.
CRITICAL - 2026-07-27 08:47:58 --> Error: Class "App\Models\TentangKamiModel" not found
[Method: GET, Route: admin/profil/visi-misi]
in APPPATH\Controllers\Admin\Profil.php on line 25.
 1 SYSTEMPATH\CodeIgniter.php(944): App\Controllers\Admin\Profil->__construct()
 2 SYSTEMPATH\CodeIgniter.php(511): CodeIgniter\CodeIgniter->createController()
 3 SYSTEMPATH\CodeIgniter.php(363): CodeIgniter\CodeIgniter->handleRequest(null, Object(Config\Cache), false)
 4 SYSTEMPATH\Boot.php(417): CodeIgniter\CodeIgniter->run()
 5 SYSTEMPATH\Boot.php(68): CodeIgniter\Boot::runCodeIgniter(Object(CodeIgniter\CodeIgniter))
 6 FCPATH\index.php(59): CodeIgniter\Boot::bootWeb(Object(Config\Paths))
DEBUG - 2026-07-27 08:48:01 --> Session: Class initialized using 'CodeIgniter\Session\Handlers\FileHandler' driver.
CRITICAL - 2026-07-27 08:48:04 --> Error: Class "App\Models\TentangKamiModel" not found
[Method: GET, Route: admin/profil/tentang-kami]
in APPPATH\Controllers\Admin\Profil.php on line 25.
 1 SYSTEMPATH\CodeIgniter.php(944): App\Controllers\Admin\Profil->__construct()
 2 SYSTEMPATH\CodeIgniter.php(511): CodeIgniter\CodeIgniter->createController()
 3 SYSTEMPATH\CodeIgniter.php(363): CodeIgniter\CodeIgniter->handleRequest(null, Object(Config\Cache), false)
 4 SYSTEMPATH\Boot.php(417): CodeIgniter\CodeIgniter->run()
 5 SYSTEMPATH\Boot.php(68): CodeIgniter\Boot::runCodeIgniter(Object(CodeIgniter\CodeIgniter))
 6 FCPATH\index.php(59): CodeIgniter\Boot::bootWeb(Object(Config\Paths))
DEBUG - 2026-07-27 08:48:07 --> Session: Class initialized using 'CodeIgniter\Session\Handlers\FileHandler' driver.
CRITICAL - 2026-07-27 08:48:11 --> Error: Class "App\Models\TentangKamiModel" not found
[Method: GET, Route: admin/profil/sejarah]
in APPPATH\Controllers\Admin\Profil.php on line 25.
 1 SYSTEMPATH\CodeIgniter.php(944): App\Controllers\Admin\Profil->__construct()
 2 SYSTEMPATH\CodeIgniter.php(511): CodeIgniter\CodeIgniter->createController()
 3 SYSTEMPATH\CodeIgniter.php(363): CodeIgniter\CodeIgniter->handleRequest(null, Object(Config\Cache), false)
 4 SYSTEMPATH\Boot.php(417): CodeIgniter\CodeIgniter->run()
 5 SYSTEMPATH\Boot.php(68): CodeIgniter\Boot::runCodeIgniter(Object(CodeIgniter\CodeIgniter))
 6 FCPATH\index.php(59): CodeIgniter\Boot::bootWeb(Object(Config\Paths))
DEBUG - 2026-07-27 08:48:14 --> Session: Class initialized using 'CodeIgniter\Session\Handlers\FileHandler' driver.
DEBUG - 2026-07-27 08:50:06 --> Session: Class initialized using 'CodeIgniter\Session\Handlers\FileHandler' driver.
CRITICAL - 2026-07-27 08:50:10 --> Error: Class "App\Models\TentangKamiModel" not found
[Method: GET, Route: admin/profil/tentang-kami]
in APPPATH\Controllers\Admin\Profil.php on line 25.
 1 SYSTEMPATH\CodeIgniter.php(944): App\Controllers\Admin\Profil->__construct()
 2 SYSTEMPATH\CodeIgniter.php(511): CodeIgniter\CodeIgniter->createController()
 3 SYSTEMPATH\CodeIgniter.php(363): CodeIgniter\CodeIgniter->handleRequest(null, Object(Config\Cache), false)
 4 SYSTEMPATH\Boot.php(417): CodeIgniter\CodeIgniter->run()
 5 SYSTEMPATH\Boot.php(68): CodeIgniter\Boot::runCodeIgniter(Object(CodeIgniter\CodeIgniter))
 6 FCPATH\index.php(59): CodeIgniter\Boot::bootWeb(Object(Config\Paths))
CRITICAL - 2026-07-27 08:53:15 --> Error: Class "Illuminate\Database\Eloquent\Model" not found
[Method: GET, Route: admin/profil/tentang-kami]
in APPPATH\Models\TentangKamiModel.php on line 8.
 1 SYSTEMPATH\Autoloader\Autoloader.php(340): include_once()
 2 SYSTEMPATH\Autoloader\Autoloader.php(320): CodeIgniter\Autoloader\Autoloader->includeFile('C:\\wamp64\\www\\pw-muhammadiyah\\app\\Models\\TentangKamiModel.php')
 3 SYSTEMPATH\Autoloader\Autoloader.php(296): CodeIgniter\Autoloader\Autoloader->loadInNamespace('App\\Models\\TentangKamiModel')
 4 APPPATH\Controllers\Admin\Profil.php(25): CodeIgniter\Autoloader\Autoloader->loadClass('App\\Models\\TentangKamiModel')
 5 SYSTEMPATH\CodeIgniter.php(944): App\Controllers\Admin\Profil->__construct()
 6 SYSTEMPATH\CodeIgniter.php(511): CodeIgniter\CodeIgniter->createController()
 7 SYSTEMPATH\CodeIgniter.php(363): CodeIgniter\CodeIgniter->handleRequest(null, Object(Config\Cache), false)
 8 SYSTEMPATH\Boot.php(417): CodeIgniter\CodeIgniter->run()
 9 SYSTEMPATH\Boot.php(68): CodeIgniter\Boot::runCodeIgniter(Object(CodeIgniter\CodeIgniter))
10 FCPATH\index.php(59): CodeIgniter\Boot::bootWeb(Object(Config\Paths))
DEBUG - 2026-07-27 08:54:06 --> Session: Class initialized using 'CodeIgniter\Session\Handlers\FileHandler' driver.
DEBUG - 2026-07-27 08:54:09 --> Session: Class initialized using 'CodeIgniter\Session\Handlers\FileHandler' driver.
CRITICAL - 2026-07-27 08:54:17 --> CodeIgniter\Database\Exceptions\DataException: There is no data to insert.
[Method: POST, Route: admin/profil/tentang-kami/update]
in SYSTEMPATH\BaseModel.php on line 885.
 1 SYSTEMPATH\BaseModel.php(885): CodeIgniter\Database\Exceptions\DataException::forEmptyDataset('insert')
 2 SYSTEMPATH\Model.php(670): CodeIgniter\BaseModel->insert([], false)
 3 SYSTEMPATH\BaseModel.php(752): CodeIgniter\Model->insert([...], false)
 4 APPPATH\Controllers\Admin\Profil.php(89): CodeIgniter\BaseModel->save([...])
 5 SYSTEMPATH\CodeIgniter.php(974): App\Controllers\Admin\Profil->updateTentangKami()
 6 SYSTEMPATH\CodeIgniter.php(520): CodeIgniter\CodeIgniter->runController(Object(App\Controllers\Admin\Profil))
 7 SYSTEMPATH\CodeIgniter.php(363): CodeIgniter\CodeIgniter->handleRequest(null, Object(Config\Cache), false)
 8 SYSTEMPATH\Boot.php(417): CodeIgniter\CodeIgniter->run()
 9 SYSTEMPATH\Boot.php(68): CodeIgniter\Boot::runCodeIgniter(Object(CodeIgniter\CodeIgniter))
10 FCPATH\index.php(59): CodeIgniter\Boot::bootWeb(Object(Config\Paths))
CRITICAL - 2026-07-27 08:58:02 --> CodeIgniter\Database\Exceptions\DataException: There is no data to insert.
[Method: POST, Route: admin/profil/tentang-kami/update]
in SYSTEMPATH\BaseModel.php on line 885.
 1 SYSTEMPATH\BaseModel.php(885): CodeIgniter\Database\Exceptions\DataException::forEmptyDataset('insert')
 2 SYSTEMPATH\Model.php(670): CodeIgniter\BaseModel->insert([], false)
 3 SYSTEMPATH\BaseModel.php(752): CodeIgniter\Model->insert([...], false)
 4 APPPATH\Controllers\Admin\Profil.php(89): CodeIgniter\BaseModel->save([...])
 5 SYSTEMPATH\CodeIgniter.php(974): App\Controllers\Admin\Profil->updateTentangKami()
 6 SYSTEMPATH\CodeIgniter.php(520): CodeIgniter\CodeIgniter->runController(Object(App\Controllers\Admin\Profil))
 7 SYSTEMPATH\CodeIgniter.php(363): CodeIgniter\CodeIgniter->handleRequest(null, Object(Config\Cache), false)
 8 SYSTEMPATH\Boot.php(417): CodeIgniter\CodeIgniter->run()
 9 SYSTEMPATH\Boot.php(68): CodeIgniter\Boot::runCodeIgniter(Object(CodeIgniter\CodeIgniter))
10 FCPATH\index.php(59): CodeIgniter\Boot::bootWeb(Object(Config\Paths))
DEBUG - 2026-07-27 08:58:05 --> Session: Class initialized using 'CodeIgniter\Session\Handlers\FileHandler' driver.
CRITICAL - 2026-07-27 08:58:10 --> CodeIgniter\Database\Exceptions\DataException: There is no data to insert.
[Method: POST, Route: admin/profil/tentang-kami/update]
in SYSTEMPATH\BaseModel.php on line 885.
 1 SYSTEMPATH\BaseModel.php(885): CodeIgniter\Database\Exceptions\DataException::forEmptyDataset('insert')
 2 SYSTEMPATH\Model.php(670): CodeIgniter\BaseModel->insert([], false)
 3 SYSTEMPATH\BaseModel.php(752): CodeIgniter\Model->insert([...], false)
 4 APPPATH\Controllers\Admin\Profil.php(89): CodeIgniter\BaseModel->save([...])
 5 SYSTEMPATH\CodeIgniter.php(974): App\Controllers\Admin\Profil->updateTentangKami()
 6 SYSTEMPATH\CodeIgniter.php(520): CodeIgniter\CodeIgniter->runController(Object(App\Controllers\Admin\Profil))
 7 SYSTEMPATH\CodeIgniter.php(363): CodeIgniter\CodeIgniter->handleRequest(null, Object(Config\Cache), false)
 8 SYSTEMPATH\Boot.php(417): CodeIgniter\CodeIgniter->run()
 9 SYSTEMPATH\Boot.php(68): CodeIgniter\Boot::runCodeIgniter(Object(CodeIgniter\CodeIgniter))
10 FCPATH\index.php(59): CodeIgniter\Boot::bootWeb(Object(Config\Paths))
DEBUG - 2026-07-27 09:01:21 --> Session: Class initialized using 'CodeIgniter\Session\Handlers\FileHandler' driver.
DEBUG - 2026-07-27 09:01:24 --> Session: Class initialized using 'CodeIgniter\Session\Handlers\FileHandler' driver.
DEBUG - 2026-07-27 09:01:29 --> Session: Class initialized using 'CodeIgniter\Session\Handlers\FileHandler' driver.
CRITICAL - 2026-07-27 09:01:38 --> CodeIgniter\Database\Exceptions\DataException: There is no data to insert.
[Method: POST, Route: admin/profil/tentang-kami/update]
in SYSTEMPATH\BaseModel.php on line 885.
 1 SYSTEMPATH\BaseModel.php(885): CodeIgniter\Database\Exceptions\DataException::forEmptyDataset('insert')
 2 SYSTEMPATH\Model.php(670): CodeIgniter\BaseModel->insert([], false)
 3 SYSTEMPATH\BaseModel.php(752): CodeIgniter\Model->insert([...], false)
 4 APPPATH\Controllers\Admin\Profil.php(89): CodeIgniter\BaseModel->save([...])
 5 SYSTEMPATH\CodeIgniter.php(974): App\Controllers\Admin\Profil->updateTentangKami()
 6 SYSTEMPATH\CodeIgniter.php(520): CodeIgniter\CodeIgniter->runController(Object(App\Controllers\Admin\Profil))
 7 SYSTEMPATH\CodeIgniter.php(363): CodeIgniter\CodeIgniter->handleRequest(null, Object(Config\Cache), false)
 8 SYSTEMPATH\Boot.php(417): CodeIgniter\CodeIgniter->run()
 9 SYSTEMPATH\Boot.php(68): CodeIgniter\Boot::runCodeIgniter(Object(CodeIgniter\CodeIgniter))
10 FCPATH\index.php(59): CodeIgniter\Boot::bootWeb(Object(Config\Paths))
ERROR - 2026-07-27 09:04:10 --> Unknown column 'deskripsi' in 'field list'
in SYSTEMPATH\Database\MySQLi\Connection.php on line 300.
 1 SYSTEMPATH\Database\MySQLi\Connection.php(300): mysqli->query('INSERT INTO `tentang_kami` (`deskripsi`, `foto`, `created_at`, `updated_at`) VALUES (\'Pimpinan Wilayah Muhammadiyah (PWM) Sulawesi Barat merupakan tingkatan persyarikatan Muhammadiyah di tingkat provinsi Sulawesi Barat yang mengoordinasikan Pimpinan Daerah Muhammadiyah (PDM) di seluruh kabupaten se-Sulawesi Barat.\', NULL, \'2026-07-27 09:04:10\', \'2026-07-27 09:04:10\')', 0)
 2 SYSTEMPATH\Database\BaseConnection.php(908): CodeIgniter\Database\MySQLi\Connection->execute('INSERT INTO `tentang_kami` (`deskripsi`, `foto`, `created_at`, `updated_at`) VALUES (\'Pimpinan Wilayah Muhammadiyah (PWM) Sulawesi Barat merupakan tingkatan persyarikatan Muhammadiyah di tingkat provinsi Sulawesi Barat yang mengoordinasikan Pimpinan Daerah Muhammadiyah (PDM) di seluruh kabupaten se-Sulawesi Barat.\', NULL, \'2026-07-27 09:04:10\', \'2026-07-27 09:04:10\')')
 3 SYSTEMPATH\Database\BaseConnection.php(825): CodeIgniter\Database\BaseConnection->simpleQuery('INSERT INTO `tentang_kami` (`deskripsi`, `foto`, `created_at`, `updated_at`) VALUES (\'Pimpinan Wilayah Muhammadiyah (PWM) Sulawesi Barat merupakan tingkatan persyarikatan Muhammadiyah di tingkat provinsi Sulawesi Barat yang mengoordinasikan Pimpinan Daerah Muhammadiyah (PDM) di seluruh kabupaten se-Sulawesi Barat.\', NULL, \'2026-07-27 09:04:10\', \'2026-07-27 09:04:10\')')
 4 SYSTEMPATH\Database\BaseBuilder.php(2351): CodeIgniter\Database\BaseConnection->query('INSERT INTO `tentang_kami` (`deskripsi`, `foto`, `created_at`, `updated_at`) VALUES (:deskripsi:, :foto:, :created_at:, :updated_at:)', [...], false)
 5 SYSTEMPATH\Model.php(357): CodeIgniter\Database\BaseBuilder->insert()
 6 SYSTEMPATH\BaseModel.php(899): CodeIgniter\Model->doInsert([...])
 7 SYSTEMPATH\Model.php(670): CodeIgniter\BaseModel->insert([...], false)
 8 SYSTEMPATH\BaseModel.php(752): CodeIgniter\Model->insert([...], false)
 9 APPPATH\Controllers\Admin\Profil.php(89): CodeIgniter\BaseModel->save([...])
10 SYSTEMPATH\CodeIgniter.php(974): App\Controllers\Admin\Profil->updateTentangKami()
11 SYSTEMPATH\CodeIgniter.php(520): CodeIgniter\CodeIgniter->runController(Object(App\Controllers\Admin\Profil))
12 SYSTEMPATH\CodeIgniter.php(363): CodeIgniter\CodeIgniter->handleRequest(null, Object(Config\Cache), false)
13 SYSTEMPATH\Boot.php(417): CodeIgniter\CodeIgniter->run()
14 SYSTEMPATH\Boot.php(68): CodeIgniter\Boot::runCodeIgniter(Object(CodeIgniter\CodeIgniter))
15 FCPATH\index.php(59): CodeIgniter\Boot::bootWeb(Object(Config\Paths))
CRITICAL - 2026-07-27 09:04:10 --> CodeIgniter\Database\Exceptions\DatabaseException: Unknown column 'deskripsi' in 'field list'
[Method: POST, Route: admin/profil/tentang-kami/update]
in SYSTEMPATH\Database\BaseConnection.php on line 863.
 1 SYSTEMPATH\Database\BaseBuilder.php(2351): CodeIgniter\Database\BaseConnection->query('INSERT INTO `tentang_kami` (`deskripsi`, `foto`, `created_at`, `updated_at`) VALUES (:deskripsi:, :foto:, :created_at:, :updated_at:)', [...], false)
 2 SYSTEMPATH\Model.php(357): CodeIgniter\Database\BaseBuilder->insert()
 3 SYSTEMPATH\BaseModel.php(899): CodeIgniter\Model->doInsert([...])
 4 SYSTEMPATH\Model.php(670): CodeIgniter\BaseModel->insert([...], false)
 5 SYSTEMPATH\BaseModel.php(752): CodeIgniter\Model->insert([...], false)
 6 APPPATH\Controllers\Admin\Profil.php(89): CodeIgniter\BaseModel->save([...])
 7 SYSTEMPATH\CodeIgniter.php(974): App\Controllers\Admin\Profil->updateTentangKami()
 8 SYSTEMPATH\CodeIgniter.php(520): CodeIgniter\CodeIgniter->runController(Object(App\Controllers\Admin\Profil))
 9 SYSTEMPATH\CodeIgniter.php(363): CodeIgniter\CodeIgniter->handleRequest(null, Object(Config\Cache), false)
10 SYSTEMPATH\Boot.php(417): CodeIgniter\CodeIgniter->run()
11 SYSTEMPATH\Boot.php(68): CodeIgniter\Boot::runCodeIgniter(Object(CodeIgniter\CodeIgniter))
12 FCPATH\index.php(59): CodeIgniter\Boot::bootWeb(Object(Config\Paths))
CRITICAL - 2026-07-27 09:04:10 --> [Caused by] CodeIgniter\Database\Exceptions\DatabaseException: Unknown column 'deskripsi' in 'field list'
in SYSTEMPATH\Database\MySQLi\Connection.php on line 310.
 1 SYSTEMPATH\Database\BaseConnection.php(908): CodeIgniter\Database\MySQLi\Connection->execute('INSERT INTO `tentang_kami` (`deskripsi`, `foto`, `created_at`, `updated_at`) VALUES (\'Pimpinan Wilayah Muhammadiyah (PWM) Sulawesi Barat merupakan tingkatan persyarikatan Muhammadiyah di tingkat provinsi Sulawesi Barat yang mengoordinasikan Pimpinan Daerah Muhammadiyah (PDM) di seluruh kabupaten se-Sulawesi Barat.\', NULL, \'2026-07-27 09:04:10\', \'2026-07-27 09:04:10\')')
 2 SYSTEMPATH\Database\BaseConnection.php(825): CodeIgniter\Database\BaseConnection->simpleQuery('INSERT INTO `tentang_kami` (`deskripsi`, `foto`, `created_at`, `updated_at`) VALUES (\'Pimpinan Wilayah Muhammadiyah (PWM) Sulawesi Barat merupakan tingkatan persyarikatan Muhammadiyah di tingkat provinsi Sulawesi Barat yang mengoordinasikan Pimpinan Daerah Muhammadiyah (PDM) di seluruh kabupaten se-Sulawesi Barat.\', NULL, \'2026-07-27 09:04:10\', \'2026-07-27 09:04:10\')')
 3 SYSTEMPATH\Database\BaseBuilder.php(2351): CodeIgniter\Database\BaseConnection->query('INSERT INTO `tentang_kami` (`deskripsi`, `foto`, `created_at`, `updated_at`) VALUES (:deskripsi:, :foto:, :created_at:, :updated_at:)', [...], false)
 4 SYSTEMPATH\Model.php(357): CodeIgniter\Database\BaseBuilder->insert()
 5 SYSTEMPATH\BaseModel.php(899): CodeIgniter\Model->doInsert([...])
 6 SYSTEMPATH\Model.php(670): CodeIgniter\BaseModel->insert([...], false)
 7 SYSTEMPATH\BaseModel.php(752): CodeIgniter\Model->insert([...], false)
 8 APPPATH\Controllers\Admin\Profil.php(89): CodeIgniter\BaseModel->save([...])
 9 SYSTEMPATH\CodeIgniter.php(974): App\Controllers\Admin\Profil->updateTentangKami()
10 SYSTEMPATH\CodeIgniter.php(520): CodeIgniter\CodeIgniter->runController(Object(App\Controllers\Admin\Profil))
11 SYSTEMPATH\CodeIgniter.php(363): CodeIgniter\CodeIgniter->handleRequest(null, Object(Config\Cache), false)
12 SYSTEMPATH\Boot.php(417): CodeIgniter\CodeIgniter->run()
13 SYSTEMPATH\Boot.php(68): CodeIgniter\Boot::runCodeIgniter(Object(CodeIgniter\CodeIgniter))
14 FCPATH\index.php(59): CodeIgniter\Boot::bootWeb(Object(Config\Paths))
CRITICAL - 2026-07-27 09:04:10 --> [Caused by] mysqli_sql_exception: Unknown column 'deskripsi' in 'field list'
in SYSTEMPATH\Database\MySQLi\Connection.php on line 300.
 1 SYSTEMPATH\Database\MySQLi\Connection.php(300): mysqli->query('INSERT INTO `tentang_kami` (`deskripsi`, `foto`, `created_at`, `updated_at`) VALUES (\'Pimpinan Wilayah Muhammadiyah (PWM) Sulawesi Barat merupakan tingkatan persyarikatan Muhammadiyah di tingkat provinsi Sulawesi Barat yang mengoordinasikan Pimpinan Daerah Muhammadiyah (PDM) di seluruh kabupaten se-Sulawesi Barat.\', NULL, \'2026-07-27 09:04:10\', \'2026-07-27 09:04:10\')', 0)
 2 SYSTEMPATH\Database\BaseConnection.php(908): CodeIgniter\Database\MySQLi\Connection->execute('INSERT INTO `tentang_kami` (`deskripsi`, `foto`, `created_at`, `updated_at`) VALUES (\'Pimpinan Wilayah Muhammadiyah (PWM) Sulawesi Barat merupakan tingkatan persyarikatan Muhammadiyah di tingkat provinsi Sulawesi Barat yang mengoordinasikan Pimpinan Daerah Muhammadiyah (PDM) di seluruh kabupaten se-Sulawesi Barat.\', NULL, \'2026-07-27 09:04:10\', \'2026-07-27 09:04:10\')')
 3 SYSTEMPATH\Database\BaseConnection.php(825): CodeIgniter\Database\BaseConnection->simpleQuery('INSERT INTO `tentang_kami` (`deskripsi`, `foto`, `created_at`, `updated_at`) VALUES (\'Pimpinan Wilayah Muhammadiyah (PWM) Sulawesi Barat merupakan tingkatan persyarikatan Muhammadiyah di tingkat provinsi Sulawesi Barat yang mengoordinasikan Pimpinan Daerah Muhammadiyah (PDM) di seluruh kabupaten se-Sulawesi Barat.\', NULL, \'2026-07-27 09:04:10\', \'2026-07-27 09:04:10\')')
 4 SYSTEMPATH\Database\BaseBuilder.php(2351): CodeIgniter\Database\BaseConnection->query('INSERT INTO `tentang_kami` (`deskripsi`, `foto`, `created_at`, `updated_at`) VALUES (:deskripsi:, :foto:, :created_at:, :updated_at:)', [...], false)
 5 SYSTEMPATH\Model.php(357): CodeIgniter\Database\BaseBuilder->insert()
 6 SYSTEMPATH\BaseModel.php(899): CodeIgniter\Model->doInsert([...])
 7 SYSTEMPATH\Model.php(670): CodeIgniter\BaseModel->insert([...], false)
 8 SYSTEMPATH\BaseModel.php(752): CodeIgniter\Model->insert([...], false)
 9 APPPATH\Controllers\Admin\Profil.php(89): CodeIgniter\BaseModel->save([...])
10 SYSTEMPATH\CodeIgniter.php(974): App\Controllers\Admin\Profil->updateTentangKami()
11 SYSTEMPATH\CodeIgniter.php(520): CodeIgniter\CodeIgniter->runController(Object(App\Controllers\Admin\Profil))
12 SYSTEMPATH\CodeIgniter.php(363): CodeIgniter\CodeIgniter->handleRequest(null, Object(Config\Cache), false)
13 SYSTEMPATH\Boot.php(417): CodeIgniter\CodeIgniter->run()
14 SYSTEMPATH\Boot.php(68): CodeIgniter\Boot::runCodeIgniter(Object(CodeIgniter\CodeIgniter))
15 FCPATH\index.php(59): CodeIgniter\Boot::bootWeb(Object(Config\Paths))
ERROR - 2026-07-27 09:05:50 --> Unknown column 'deskripsi' in 'field list'
in SYSTEMPATH\Database\MySQLi\Connection.php on line 300.
 1 SYSTEMPATH\Database\MySQLi\Connection.php(300): mysqli->query('INSERT INTO `tentang_kami` (`deskripsi`, `foto`, `created_at`, `updated_at`) VALUES (\'Pimpinan Wilayah Muhammadiyah (PWM) Sulawesi Barat merupakan tingkatan persyarikatan Muhammadiyah di tingkat provinsi Sulawesi Barat yang mengoordinasikan Pimpinan Daerah Muhammadiyah (PDM) di seluruh kabupaten se-Sulawesi Barat.\', NULL, \'2026-07-27 09:05:50\', \'2026-07-27 09:05:50\')', 0)
 2 SYSTEMPATH\Database\BaseConnection.php(908): CodeIgniter\Database\MySQLi\Connection->execute('INSERT INTO `tentang_kami` (`deskripsi`, `foto`, `created_at`, `updated_at`) VALUES (\'Pimpinan Wilayah Muhammadiyah (PWM) Sulawesi Barat merupakan tingkatan persyarikatan Muhammadiyah di tingkat provinsi Sulawesi Barat yang mengoordinasikan Pimpinan Daerah Muhammadiyah (PDM) di seluruh kabupaten se-Sulawesi Barat.\', NULL, \'2026-07-27 09:05:50\', \'2026-07-27 09:05:50\')')
 3 SYSTEMPATH\Database\BaseConnection.php(825): CodeIgniter\Database\BaseConnection->simpleQuery('INSERT INTO `tentang_kami` (`deskripsi`, `foto`, `created_at`, `updated_at`) VALUES (\'Pimpinan Wilayah Muhammadiyah (PWM) Sulawesi Barat merupakan tingkatan persyarikatan Muhammadiyah di tingkat provinsi Sulawesi Barat yang mengoordinasikan Pimpinan Daerah Muhammadiyah (PDM) di seluruh kabupaten se-Sulawesi Barat.\', NULL, \'2026-07-27 09:05:50\', \'2026-07-27 09:05:50\')')
 4 SYSTEMPATH\Database\BaseBuilder.php(2351): CodeIgniter\Database\BaseConnection->query('INSERT INTO `tentang_kami` (`deskripsi`, `foto`, `created_at`, `updated_at`) VALUES (:deskripsi:, :foto:, :created_at:, :updated_at:)', [...], false)
 5 SYSTEMPATH\Model.php(357): CodeIgniter\Database\BaseBuilder->insert()
 6 SYSTEMPATH\BaseModel.php(899): CodeIgniter\Model->doInsert([...])
 7 SYSTEMPATH\Model.php(670): CodeIgniter\BaseModel->insert([...], false)
 8 SYSTEMPATH\BaseModel.php(752): CodeIgniter\Model->insert([...], false)
 9 APPPATH\Controllers\Admin\Profil.php(89): CodeIgniter\BaseModel->save([...])
10 SYSTEMPATH\CodeIgniter.php(974): App\Controllers\Admin\Profil->updateTentangKami()
11 SYSTEMPATH\CodeIgniter.php(520): CodeIgniter\CodeIgniter->runController(Object(App\Controllers\Admin\Profil))
12 SYSTEMPATH\CodeIgniter.php(363): CodeIgniter\CodeIgniter->handleRequest(null, Object(Config\Cache), false)
13 SYSTEMPATH\Boot.php(417): CodeIgniter\CodeIgniter->run()
14 SYSTEMPATH\Boot.php(68): CodeIgniter\Boot::runCodeIgniter(Object(CodeIgniter\CodeIgniter))
15 FCPATH\index.php(59): CodeIgniter\Boot::bootWeb(Object(Config\Paths))
CRITICAL - 2026-07-27 09:05:50 --> CodeIgniter\Database\Exceptions\DatabaseException: Unknown column 'deskripsi' in 'field list'
[Method: POST, Route: admin/profil/tentang-kami/update]
in SYSTEMPATH\Database\BaseConnection.php on line 863.
 1 SYSTEMPATH\Database\BaseBuilder.php(2351): CodeIgniter\Database\BaseConnection->query('INSERT INTO `tentang_kami` (`deskripsi`, `foto`, `created_at`, `updated_at`) VALUES (:deskripsi:, :foto:, :created_at:, :updated_at:)', [...], false)
 2 SYSTEMPATH\Model.php(357): CodeIgniter\Database\BaseBuilder->insert()
 3 SYSTEMPATH\BaseModel.php(899): CodeIgniter\Model->doInsert([...])
 4 SYSTEMPATH\Model.php(670): CodeIgniter\BaseModel->insert([...], false)
 5 SYSTEMPATH\BaseModel.php(752): CodeIgniter\Model->insert([...], false)
 6 APPPATH\Controllers\Admin\Profil.php(89): CodeIgniter\BaseModel->save([...])
 7 SYSTEMPATH\CodeIgniter.php(974): App\Controllers\Admin\Profil->updateTentangKami()
 8 SYSTEMPATH\CodeIgniter.php(520): CodeIgniter\CodeIgniter->runController(Object(App\Controllers\Admin\Profil))
 9 SYSTEMPATH\CodeIgniter.php(363): CodeIgniter\CodeIgniter->handleRequest(null, Object(Config\Cache), false)
10 SYSTEMPATH\Boot.php(417): CodeIgniter\CodeIgniter->run()
11 SYSTEMPATH\Boot.php(68): CodeIgniter\Boot::runCodeIgniter(Object(CodeIgniter\CodeIgniter))
12 FCPATH\index.php(59): CodeIgniter\Boot::bootWeb(Object(Config\Paths))
CRITICAL - 2026-07-27 09:05:50 --> [Caused by] CodeIgniter\Database\Exceptions\DatabaseException: Unknown column 'deskripsi' in 'field list'
in SYSTEMPATH\Database\MySQLi\Connection.php on line 310.
 1 SYSTEMPATH\Database\BaseConnection.php(908): CodeIgniter\Database\MySQLi\Connection->execute('INSERT INTO `tentang_kami` (`deskripsi`, `foto`, `created_at`, `updated_at`) VALUES (\'Pimpinan Wilayah Muhammadiyah (PWM) Sulawesi Barat merupakan tingkatan persyarikatan Muhammadiyah di tingkat provinsi Sulawesi Barat yang mengoordinasikan Pimpinan Daerah Muhammadiyah (PDM) di seluruh kabupaten se-Sulawesi Barat.\', NULL, \'2026-07-27 09:05:50\', \'2026-07-27 09:05:50\')')
 2 SYSTEMPATH\Database\BaseConnection.php(825): CodeIgniter\Database\BaseConnection->simpleQuery('INSERT INTO `tentang_kami` (`deskripsi`, `foto`, `created_at`, `updated_at`) VALUES (\'Pimpinan Wilayah Muhammadiyah (PWM) Sulawesi Barat merupakan tingkatan persyarikatan Muhammadiyah di tingkat provinsi Sulawesi Barat yang mengoordinasikan Pimpinan Daerah Muhammadiyah (PDM) di seluruh kabupaten se-Sulawesi Barat.\', NULL, \'2026-07-27 09:05:50\', \'2026-07-27 09:05:50\')')
 3 SYSTEMPATH\Database\BaseBuilder.php(2351): CodeIgniter\Database\BaseConnection->query('INSERT INTO `tentang_kami` (`deskripsi`, `foto`, `created_at`, `updated_at`) VALUES (:deskripsi:, :foto:, :created_at:, :updated_at:)', [...], false)
 4 SYSTEMPATH\Model.php(357): CodeIgniter\Database\BaseBuilder->insert()
 5 SYSTEMPATH\BaseModel.php(899): CodeIgniter\Model->doInsert([...])
 6 SYSTEMPATH\Model.php(670): CodeIgniter\BaseModel->insert([...], false)
 7 SYSTEMPATH\BaseModel.php(752): CodeIgniter\Model->insert([...], false)
 8 APPPATH\Controllers\Admin\Profil.php(89): CodeIgniter\BaseModel->save([...])
 9 SYSTEMPATH\CodeIgniter.php(974): App\Controllers\Admin\Profil->updateTentangKami()
10 SYSTEMPATH\CodeIgniter.php(520): CodeIgniter\CodeIgniter->runController(Object(App\Controllers\Admin\Profil))
11 SYSTEMPATH\CodeIgniter.php(363): CodeIgniter\CodeIgniter->handleRequest(null, Object(Config\Cache), false)
12 SYSTEMPATH\Boot.php(417): CodeIgniter\CodeIgniter->run()
13 SYSTEMPATH\Boot.php(68): CodeIgniter\Boot::runCodeIgniter(Object(CodeIgniter\CodeIgniter))
14 FCPATH\index.php(59): CodeIgniter\Boot::bootWeb(Object(Config\Paths))
CRITICAL - 2026-07-27 09:05:50 --> [Caused by] mysqli_sql_exception: Unknown column 'deskripsi' in 'field list'
in SYSTEMPATH\Database\MySQLi\Connection.php on line 300.
 1 SYSTEMPATH\Database\MySQLi\Connection.php(300): mysqli->query('INSERT INTO `tentang_kami` (`deskripsi`, `foto`, `created_at`, `updated_at`) VALUES (\'Pimpinan Wilayah Muhammadiyah (PWM) Sulawesi Barat merupakan tingkatan persyarikatan Muhammadiyah di tingkat provinsi Sulawesi Barat yang mengoordinasikan Pimpinan Daerah Muhammadiyah (PDM) di seluruh kabupaten se-Sulawesi Barat.\', NULL, \'2026-07-27 09:05:50\', \'2026-07-27 09:05:50\')', 0)
 2 SYSTEMPATH\Database\BaseConnection.php(908): CodeIgniter\Database\MySQLi\Connection->execute('INSERT INTO `tentang_kami` (`deskripsi`, `foto`, `created_at`, `updated_at`) VALUES (\'Pimpinan Wilayah Muhammadiyah (PWM) Sulawesi Barat merupakan tingkatan persyarikatan Muhammadiyah di tingkat provinsi Sulawesi Barat yang mengoordinasikan Pimpinan Daerah Muhammadiyah (PDM) di seluruh kabupaten se-Sulawesi Barat.\', NULL, \'2026-07-27 09:05:50\', \'2026-07-27 09:05:50\')')
 3 SYSTEMPATH\Database\BaseConnection.php(825): CodeIgniter\Database\BaseConnection->simpleQuery('INSERT INTO `tentang_kami` (`deskripsi`, `foto`, `created_at`, `updated_at`) VALUES (\'Pimpinan Wilayah Muhammadiyah (PWM) Sulawesi Barat merupakan tingkatan persyarikatan Muhammadiyah di tingkat provinsi Sulawesi Barat yang mengoordinasikan Pimpinan Daerah Muhammadiyah (PDM) di seluruh kabupaten se-Sulawesi Barat.\', NULL, \'2026-07-27 09:05:50\', \'2026-07-27 09:05:50\')')
 4 SYSTEMPATH\Database\BaseBuilder.php(2351): CodeIgniter\Database\BaseConnection->query('INSERT INTO `tentang_kami` (`deskripsi`, `foto`, `created_at`, `updated_at`) VALUES (:deskripsi:, :foto:, :created_at:, :updated_at:)', [...], false)
 5 SYSTEMPATH\Model.php(357): CodeIgniter\Database\BaseBuilder->insert()
 6 SYSTEMPATH\BaseModel.php(899): CodeIgniter\Model->doInsert([...])
 7 SYSTEMPATH\Model.php(670): CodeIgniter\BaseModel->insert([...], false)
 8 SYSTEMPATH\BaseModel.php(752): CodeIgniter\Model->insert([...], false)
 9 APPPATH\Controllers\Admin\Profil.php(89): CodeIgniter\BaseModel->save([...])
10 SYSTEMPATH\CodeIgniter.php(974): App\Controllers\Admin\Profil->updateTentangKami()
11 SYSTEMPATH\CodeIgniter.php(520): CodeIgniter\CodeIgniter->runController(Object(App\Controllers\Admin\Profil))
12 SYSTEMPATH\CodeIgniter.php(363): CodeIgniter\CodeIgniter->handleRequest(null, Object(Config\Cache), false)
13 SYSTEMPATH\Boot.php(417): CodeIgniter\CodeIgniter->run()
14 SYSTEMPATH\Boot.php(68): CodeIgniter\Boot::runCodeIgniter(Object(CodeIgniter\CodeIgniter))
15 FCPATH\index.php(59): CodeIgniter\Boot::bootWeb(Object(Config\Paths))
DEBUG - 2026-07-27 09:05:53 --> Session: Class initialized using 'CodeIgniter\Session\Handlers\FileHandler' driver.
DEBUG - 2026-07-27 09:05:57 --> Session: Class initialized using 'CodeIgniter\Session\Handlers\FileHandler' driver.
ERROR - 2026-07-27 09:06:00 --> Unknown column 'deskripsi' in 'field list'
in SYSTEMPATH\Database\MySQLi\Connection.php on line 300.
 1 SYSTEMPATH\Database\MySQLi\Connection.php(300): mysqli->query('INSERT INTO `tentang_kami` (`deskripsi`, `foto`, `created_at`, `updated_at`) VALUES (\'Pimpinan Wilayah Muhammadiyah (PWM) Sulawesi Barat merupakan tingkatan persyarikatan Muhammadiyah di tingkat provinsi Sulawesi Barat yang mengoordinasikan Pimpinan Daerah Muhammadiyah (PDM) di seluruh kabupaten se-Sulawesi Barat.\', NULL, \'2026-07-27 09:06:00\', \'2026-07-27 09:06:00\')', 0)
 2 SYSTEMPATH\Database\BaseConnection.php(908): CodeIgniter\Database\MySQLi\Connection->execute('INSERT INTO `tentang_kami` (`deskripsi`, `foto`, `created_at`, `updated_at`) VALUES (\'Pimpinan Wilayah Muhammadiyah (PWM) Sulawesi Barat merupakan tingkatan persyarikatan Muhammadiyah di tingkat provinsi Sulawesi Barat yang mengoordinasikan Pimpinan Daerah Muhammadiyah (PDM) di seluruh kabupaten se-Sulawesi Barat.\', NULL, \'2026-07-27 09:06:00\', \'2026-07-27 09:06:00\')')
 3 SYSTEMPATH\Database\BaseConnection.php(825): CodeIgniter\Database\BaseConnection->simpleQuery('INSERT INTO `tentang_kami` (`deskripsi`, `foto`, `created_at`, `updated_at`) VALUES (\'Pimpinan Wilayah Muhammadiyah (PWM) Sulawesi Barat merupakan tingkatan persyarikatan Muhammadiyah di tingkat provinsi Sulawesi Barat yang mengoordinasikan Pimpinan Daerah Muhammadiyah (PDM) di seluruh kabupaten se-Sulawesi Barat.\', NULL, \'2026-07-27 09:06:00\', \'2026-07-27 09:06:00\')')
 4 SYSTEMPATH\Database\BaseBuilder.php(2351): CodeIgniter\Database\BaseConnection->query('INSERT INTO `tentang_kami` (`deskripsi`, `foto`, `created_at`, `updated_at`) VALUES (:deskripsi:, :foto:, :created_at:, :updated_at:)', [...], false)
 5 SYSTEMPATH\Model.php(357): CodeIgniter\Database\BaseBuilder->insert()
 6 SYSTEMPATH\BaseModel.php(899): CodeIgniter\Model->doInsert([...])
 7 SYSTEMPATH\Model.php(670): CodeIgniter\BaseModel->insert([...], false)
 8 SYSTEMPATH\BaseModel.php(752): CodeIgniter\Model->insert([...], false)
 9 APPPATH\Controllers\Admin\Profil.php(89): CodeIgniter\BaseModel->save([...])
10 SYSTEMPATH\CodeIgniter.php(974): App\Controllers\Admin\Profil->updateTentangKami()
11 SYSTEMPATH\CodeIgniter.php(520): CodeIgniter\CodeIgniter->runController(Object(App\Controllers\Admin\Profil))
12 SYSTEMPATH\CodeIgniter.php(363): CodeIgniter\CodeIgniter->handleRequest(null, Object(Config\Cache), false)
13 SYSTEMPATH\Boot.php(417): CodeIgniter\CodeIgniter->run()
14 SYSTEMPATH\Boot.php(68): CodeIgniter\Boot::runCodeIgniter(Object(CodeIgniter\CodeIgniter))
15 FCPATH\index.php(59): CodeIgniter\Boot::bootWeb(Object(Config\Paths))
CRITICAL - 2026-07-27 09:06:00 --> CodeIgniter\Database\Exceptions\DatabaseException: Unknown column 'deskripsi' in 'field list'
[Method: POST, Route: admin/profil/tentang-kami/update]
in SYSTEMPATH\Database\BaseConnection.php on line 863.
 1 SYSTEMPATH\Database\BaseBuilder.php(2351): CodeIgniter\Database\BaseConnection->query('INSERT INTO `tentang_kami` (`deskripsi`, `foto`, `created_at`, `updated_at`) VALUES (:deskripsi:, :foto:, :created_at:, :updated_at:)', [...], false)
 2 SYSTEMPATH\Model.php(357): CodeIgniter\Database\BaseBuilder->insert()
 3 SYSTEMPATH\BaseModel.php(899): CodeIgniter\Model->doInsert([...])
 4 SYSTEMPATH\Model.php(670): CodeIgniter\BaseModel->insert([...], false)
 5 SYSTEMPATH\BaseModel.php(752): CodeIgniter\Model->insert([...], false)
 6 APPPATH\Controllers\Admin\Profil.php(89): CodeIgniter\BaseModel->save([...])
 7 SYSTEMPATH\CodeIgniter.php(974): App\Controllers\Admin\Profil->updateTentangKami()
 8 SYSTEMPATH\CodeIgniter.php(520): CodeIgniter\CodeIgniter->runController(Object(App\Controllers\Admin\Profil))
 9 SYSTEMPATH\CodeIgniter.php(363): CodeIgniter\CodeIgniter->handleRequest(null, Object(Config\Cache), false)
10 SYSTEMPATH\Boot.php(417): CodeIgniter\CodeIgniter->run()
11 SYSTEMPATH\Boot.php(68): CodeIgniter\Boot::runCodeIgniter(Object(CodeIgniter\CodeIgniter))
12 FCPATH\index.php(59): CodeIgniter\Boot::bootWeb(Object(Config\Paths))
CRITICAL - 2026-07-27 09:06:00 --> [Caused by] CodeIgniter\Database\Exceptions\DatabaseException: Unknown column 'deskripsi' in 'field list'
in SYSTEMPATH\Database\MySQLi\Connection.php on line 310.
 1 SYSTEMPATH\Database\BaseConnection.php(908): CodeIgniter\Database\MySQLi\Connection->execute('INSERT INTO `tentang_kami` (`deskripsi`, `foto`, `created_at`, `updated_at`) VALUES (\'Pimpinan Wilayah Muhammadiyah (PWM) Sulawesi Barat merupakan tingkatan persyarikatan Muhammadiyah di tingkat provinsi Sulawesi Barat yang mengoordinasikan Pimpinan Daerah Muhammadiyah (PDM) di seluruh kabupaten se-Sulawesi Barat.\', NULL, \'2026-07-27 09:06:00\', \'2026-07-27 09:06:00\')')
 2 SYSTEMPATH\Database\BaseConnection.php(825): CodeIgniter\Database\BaseConnection->simpleQuery('INSERT INTO `tentang_kami` (`deskripsi`, `foto`, `created_at`, `updated_at`) VALUES (\'Pimpinan Wilayah Muhammadiyah (PWM) Sulawesi Barat merupakan tingkatan persyarikatan Muhammadiyah di tingkat provinsi Sulawesi Barat yang mengoordinasikan Pimpinan Daerah Muhammadiyah (PDM) di seluruh kabupaten se-Sulawesi Barat.\', NULL, \'2026-07-27 09:06:00\', \'2026-07-27 09:06:00\')')
 3 SYSTEMPATH\Database\BaseBuilder.php(2351): CodeIgniter\Database\BaseConnection->query('INSERT INTO `tentang_kami` (`deskripsi`, `foto`, `created_at`, `updated_at`) VALUES (:deskripsi:, :foto:, :created_at:, :updated_at:)', [...], false)
 4 SYSTEMPATH\Model.php(357): CodeIgniter\Database\BaseBuilder->insert()
 5 SYSTEMPATH\BaseModel.php(899): CodeIgniter\Model->doInsert([...])
 6 SYSTEMPATH\Model.php(670): CodeIgniter\BaseModel->insert([...], false)
 7 SYSTEMPATH\BaseModel.php(752): CodeIgniter\Model->insert([...], false)
 8 APPPATH\Controllers\Admin\Profil.php(89): CodeIgniter\BaseModel->save([...])
 9 SYSTEMPATH\CodeIgniter.php(974): App\Controllers\Admin\Profil->updateTentangKami()
10 SYSTEMPATH\CodeIgniter.php(520): CodeIgniter\CodeIgniter->runController(Object(App\Controllers\Admin\Profil))
11 SYSTEMPATH\CodeIgniter.php(363): CodeIgniter\CodeIgniter->handleRequest(null, Object(Config\Cache), false)
12 SYSTEMPATH\Boot.php(417): CodeIgniter\CodeIgniter->run()
13 SYSTEMPATH\Boot.php(68): CodeIgniter\Boot::runCodeIgniter(Object(CodeIgniter\CodeIgniter))
14 FCPATH\index.php(59): CodeIgniter\Boot::bootWeb(Object(Config\Paths))
CRITICAL - 2026-07-27 09:06:00 --> [Caused by] mysqli_sql_exception: Unknown column 'deskripsi' in 'field list'
in SYSTEMPATH\Database\MySQLi\Connection.php on line 300.
 1 SYSTEMPATH\Database\MySQLi\Connection.php(300): mysqli->query('INSERT INTO `tentang_kami` (`deskripsi`, `foto`, `created_at`, `updated_at`) VALUES (\'Pimpinan Wilayah Muhammadiyah (PWM) Sulawesi Barat merupakan tingkatan persyarikatan Muhammadiyah di tingkat provinsi Sulawesi Barat yang mengoordinasikan Pimpinan Daerah Muhammadiyah (PDM) di seluruh kabupaten se-Sulawesi Barat.\', NULL, \'2026-07-27 09:06:00\', \'2026-07-27 09:06:00\')', 0)
 2 SYSTEMPATH\Database\BaseConnection.php(908): CodeIgniter\Database\MySQLi\Connection->execute('INSERT INTO `tentang_kami` (`deskripsi`, `foto`, `created_at`, `updated_at`) VALUES (\'Pimpinan Wilayah Muhammadiyah (PWM) Sulawesi Barat merupakan tingkatan persyarikatan Muhammadiyah di tingkat provinsi Sulawesi Barat yang mengoordinasikan Pimpinan Daerah Muhammadiyah (PDM) di seluruh kabupaten se-Sulawesi Barat.\', NULL, \'2026-07-27 09:06:00\', \'2026-07-27 09:06:00\')')
 3 SYSTEMPATH\Database\BaseConnection.php(825): CodeIgniter\Database\BaseConnection->simpleQuery('INSERT INTO `tentang_kami` (`deskripsi`, `foto`, `created_at`, `updated_at`) VALUES (\'Pimpinan Wilayah Muhammadiyah (PWM) Sulawesi Barat merupakan tingkatan persyarikatan Muhammadiyah di tingkat provinsi Sulawesi Barat yang mengoordinasikan Pimpinan Daerah Muhammadiyah (PDM) di seluruh kabupaten se-Sulawesi Barat.\', NULL, \'2026-07-27 09:06:00\', \'2026-07-27 09:06:00\')')
 4 SYSTEMPATH\Database\BaseBuilder.php(2351): CodeIgniter\Database\BaseConnection->query('INSERT INTO `tentang_kami` (`deskripsi`, `foto`, `created_at`, `updated_at`) VALUES (:deskripsi:, :foto:, :created_at:, :updated_at:)', [...], false)
 5 SYSTEMPATH\Model.php(357): CodeIgniter\Database\BaseBuilder->insert()
 6 SYSTEMPATH\BaseModel.php(899): CodeIgniter\Model->doInsert([...])
 7 SYSTEMPATH\Model.php(670): CodeIgniter\BaseModel->insert([...], false)
 8 SYSTEMPATH\BaseModel.php(752): CodeIgniter\Model->insert([...], false)
 9 APPPATH\Controllers\Admin\Profil.php(89): CodeIgniter\BaseModel->save([...])
10 SYSTEMPATH\CodeIgniter.php(974): App\Controllers\Admin\Profil->updateTentangKami()
11 SYSTEMPATH\CodeIgniter.php(520): CodeIgniter\CodeIgniter->runController(Object(App\Controllers\Admin\Profil))
12 SYSTEMPATH\CodeIgniter.php(363): CodeIgniter\CodeIgniter->handleRequest(null, Object(Config\Cache), false)
13 SYSTEMPATH\Boot.php(417): CodeIgniter\CodeIgniter->run()
14 SYSTEMPATH\Boot.php(68): CodeIgniter\Boot::runCodeIgniter(Object(CodeIgniter\CodeIgniter))
15 FCPATH\index.php(59): CodeIgniter\Boot::bootWeb(Object(Config\Paths))
DEBUG - 2026-07-27 09:06:55 --> Session: Class initialized using 'CodeIgniter\Session\Handlers\FileHandler' driver.
DEBUG - 2026-07-27 09:06:56 --> Session: Class initialized using 'CodeIgniter\Session\Handlers\FileHandler' driver.
DEBUG - 2026-07-27 09:07:00 --> Session: Class initialized using 'CodeIgniter\Session\Handlers\FileHandler' driver.
DEBUG - 2026-07-27 09:07:09 --> Session: Class initialized using 'CodeIgniter\Session\Handlers\FileHandler' driver.
DEBUG - 2026-07-27 09:07:10 --> Session: Class initialized using 'CodeIgniter\Session\Handlers\FileHandler' driver.
ERROR - 2026-07-27 09:07:18 --> Unknown column 'id' in 'order clause'
in SYSTEMPATH\Database\MySQLi\Connection.php on line 300.
 1 SYSTEMPATH\Database\MySQLi\Connection.php(300): mysqli->query('SELECT *
FROM `sejarah_pwm`
ORDER BY `id` DESC', 0)
 2 SYSTEMPATH\Database\BaseConnection.php(908): CodeIgniter\Database\MySQLi\Connection->execute('SELECT *
FROM `sejarah_pwm`
ORDER BY `id` DESC')
 3 SYSTEMPATH\Database\BaseConnection.php(825): CodeIgniter\Database\BaseConnection->simpleQuery('SELECT *
FROM `sejarah_pwm`
ORDER BY `id` DESC')
 4 SYSTEMPATH\Database\BaseBuilder.php(1655): CodeIgniter\Database\BaseConnection->query('SELECT *
FROM `sejarah_pwm`
ORDER BY `id` DESC', [], false)
 5 SYSTEMPATH\Model.php(255): CodeIgniter\Database\BaseBuilder->get()
 6 SYSTEMPATH\BaseModel.php(676): CodeIgniter\Model->doFindAll(0, 0)
 7 APPPATH\Controllers\Admin\Profil.php(156): CodeIgniter\BaseModel->findAll()
 8 SYSTEMPATH\CodeIgniter.php(974): App\Controllers\Admin\Profil->sejarah()
 9 SYSTEMPATH\CodeIgniter.php(520): CodeIgniter\CodeIgniter->runController(Object(App\Controllers\Admin\Profil))
10 SYSTEMPATH\CodeIgniter.php(363): CodeIgniter\CodeIgniter->handleRequest(null, Object(Config\Cache), false)
11 SYSTEMPATH\Boot.php(417): CodeIgniter\CodeIgniter->run()
12 SYSTEMPATH\Boot.php(68): CodeIgniter\Boot::runCodeIgniter(Object(CodeIgniter\CodeIgniter))
13 FCPATH\index.php(59): CodeIgniter\Boot::bootWeb(Object(Config\Paths))
CRITICAL - 2026-07-27 09:07:18 --> CodeIgniter\Database\Exceptions\DatabaseException: Unknown column 'id' in 'order clause'
[Method: GET, Route: admin/profil/sejarah]
in SYSTEMPATH\Database\BaseConnection.php on line 863.
 1 SYSTEMPATH\Database\BaseBuilder.php(1655): CodeIgniter\Database\BaseConnection->query('SELECT *
FROM `sejarah_pwm`
ORDER BY `id` DESC', [], false)
 2 SYSTEMPATH\Model.php(255): CodeIgniter\Database\BaseBuilder->get()
 3 SYSTEMPATH\BaseModel.php(676): CodeIgniter\Model->doFindAll(0, 0)
 4 APPPATH\Controllers\Admin\Profil.php(156): CodeIgniter\BaseModel->findAll()
 5 SYSTEMPATH\CodeIgniter.php(974): App\Controllers\Admin\Profil->sejarah()
 6 SYSTEMPATH\CodeIgniter.php(520): CodeIgniter\CodeIgniter->runController(Object(App\Controllers\Admin\Profil))
 7 SYSTEMPATH\CodeIgniter.php(363): CodeIgniter\CodeIgniter->handleRequest(null, Object(Config\Cache), false)
 8 SYSTEMPATH\Boot.php(417): CodeIgniter\CodeIgniter->run()
 9 SYSTEMPATH\Boot.php(68): CodeIgniter\Boot::runCodeIgniter(Object(CodeIgniter\CodeIgniter))
10 FCPATH\index.php(59): CodeIgniter\Boot::bootWeb(Object(Config\Paths))
CRITICAL - 2026-07-27 09:07:18 --> [Caused by] CodeIgniter\Database\Exceptions\DatabaseException: Unknown column 'id' in 'order clause'
in SYSTEMPATH\Database\MySQLi\Connection.php on line 310.
 1 SYSTEMPATH\Database\BaseConnection.php(908): CodeIgniter\Database\MySQLi\Connection->execute('SELECT *
FROM `sejarah_pwm`
ORDER BY `id` DESC')
 2 SYSTEMPATH\Database\BaseConnection.php(825): CodeIgniter\Database\BaseConnection->simpleQuery('SELECT *
FROM `sejarah_pwm`
ORDER BY `id` DESC')
 3 SYSTEMPATH\Database\BaseBuilder.php(1655): CodeIgniter\Database\BaseConnection->query('SELECT *
FROM `sejarah_pwm`
ORDER BY `id` DESC', [], false)
 4 SYSTEMPATH\Model.php(255): CodeIgniter\Database\BaseBuilder->get()
 5 SYSTEMPATH\BaseModel.php(676): CodeIgniter\Model->doFindAll(0, 0)
 6 APPPATH\Controllers\Admin\Profil.php(156): CodeIgniter\BaseModel->findAll()
 7 SYSTEMPATH\CodeIgniter.php(974): App\Controllers\Admin\Profil->sejarah()
 8 SYSTEMPATH\CodeIgniter.php(520): CodeIgniter\CodeIgniter->runController(Object(App\Controllers\Admin\Profil))
 9 SYSTEMPATH\CodeIgniter.php(363): CodeIgniter\CodeIgniter->handleRequest(null, Object(Config\Cache), false)
10 SYSTEMPATH\Boot.php(417): CodeIgniter\CodeIgniter->run()
11 SYSTEMPATH\Boot.php(68): CodeIgniter\Boot::runCodeIgniter(Object(CodeIgniter\CodeIgniter))
12 FCPATH\index.php(59): CodeIgniter\Boot::bootWeb(Object(Config\Paths))
CRITICAL - 2026-07-27 09:07:18 --> [Caused by] mysqli_sql_exception: Unknown column 'id' in 'order clause'
in SYSTEMPATH\Database\MySQLi\Connection.php on line 300.
 1 SYSTEMPATH\Database\MySQLi\Connection.php(300): mysqli->query('SELECT *
FROM `sejarah_pwm`
ORDER BY `id` DESC', 0)
 2 SYSTEMPATH\Database\BaseConnection.php(908): CodeIgniter\Database\MySQLi\Connection->execute('SELECT *
FROM `sejarah_pwm`
ORDER BY `id` DESC')
 3 SYSTEMPATH\Database\BaseConnection.php(825): CodeIgniter\Database\BaseConnection->simpleQuery('SELECT *
FROM `sejarah_pwm`
ORDER BY `id` DESC')
 4 SYSTEMPATH\Database\BaseBuilder.php(1655): CodeIgniter\Database\BaseConnection->query('SELECT *
FROM `sejarah_pwm`
ORDER BY `id` DESC', [], false)
 5 SYSTEMPATH\Model.php(255): CodeIgniter\Database\BaseBuilder->get()
 6 SYSTEMPATH\BaseModel.php(676): CodeIgniter\Model->doFindAll(0, 0)
 7 APPPATH\Controllers\Admin\Profil.php(156): CodeIgniter\BaseModel->findAll()
 8 SYSTEMPATH\CodeIgniter.php(974): App\Controllers\Admin\Profil->sejarah()
 9 SYSTEMPATH\CodeIgniter.php(520): CodeIgniter\CodeIgniter->runController(Object(App\Controllers\Admin\Profil))
10 SYSTEMPATH\CodeIgniter.php(363): CodeIgniter\CodeIgniter->handleRequest(null, Object(Config\Cache), false)
11 SYSTEMPATH\Boot.php(417): CodeIgniter\CodeIgniter->run()
12 SYSTEMPATH\Boot.php(68): CodeIgniter\Boot::runCodeIgniter(Object(CodeIgniter\CodeIgniter))
13 FCPATH\index.php(59): CodeIgniter\Boot::bootWeb(Object(Config\Paths))
DEBUG - 2026-07-27 09:08:47 --> Session: Class initialized using 'CodeIgniter\Session\Handlers\FileHandler' driver.
ERROR - 2026-07-27 09:08:53 --> Unknown column 'id' in 'order clause'
in SYSTEMPATH\Database\MySQLi\Connection.php on line 300.
 1 SYSTEMPATH\Database\MySQLi\Connection.php(300): mysqli->query('SELECT *
FROM `sejarah_pwm`
ORDER BY `id` DESC', 0)
 2 SYSTEMPATH\Database\BaseConnection.php(908): CodeIgniter\Database\MySQLi\Connection->execute('SELECT *
FROM `sejarah_pwm`
ORDER BY `id` DESC')
 3 SYSTEMPATH\Database\BaseConnection.php(825): CodeIgniter\Database\BaseConnection->simpleQuery('SELECT *
FROM `sejarah_pwm`
ORDER BY `id` DESC')
 4 SYSTEMPATH\Database\BaseBuilder.php(1655): CodeIgniter\Database\BaseConnection->query('SELECT *
FROM `sejarah_pwm`
ORDER BY `id` DESC', [], false)
 5 SYSTEMPATH\Model.php(255): CodeIgniter\Database\BaseBuilder->get()
 6 SYSTEMPATH\BaseModel.php(676): CodeIgniter\Model->doFindAll(0, 0)
 7 APPPATH\Controllers\Admin\Profil.php(156): CodeIgniter\BaseModel->findAll()
 8 SYSTEMPATH\CodeIgniter.php(974): App\Controllers\Admin\Profil->sejarah()
 9 SYSTEMPATH\CodeIgniter.php(520): CodeIgniter\CodeIgniter->runController(Object(App\Controllers\Admin\Profil))
10 SYSTEMPATH\CodeIgniter.php(363): CodeIgniter\CodeIgniter->handleRequest(null, Object(Config\Cache), false)
11 SYSTEMPATH\Boot.php(417): CodeIgniter\CodeIgniter->run()
12 SYSTEMPATH\Boot.php(68): CodeIgniter\Boot::runCodeIgniter(Object(CodeIgniter\CodeIgniter))
13 FCPATH\index.php(59): CodeIgniter\Boot::bootWeb(Object(Config\Paths))
CRITICAL - 2026-07-27 09:08:53 --> CodeIgniter\Database\Exceptions\DatabaseException: Unknown column 'id' in 'order clause'
[Method: GET, Route: admin/profil/sejarah]
in SYSTEMPATH\Database\BaseConnection.php on line 863.
 1 SYSTEMPATH\Database\BaseBuilder.php(1655): CodeIgniter\Database\BaseConnection->query('SELECT *
FROM `sejarah_pwm`
ORDER BY `id` DESC', [], false)
 2 SYSTEMPATH\Model.php(255): CodeIgniter\Database\BaseBuilder->get()
 3 SYSTEMPATH\BaseModel.php(676): CodeIgniter\Model->doFindAll(0, 0)
 4 APPPATH\Controllers\Admin\Profil.php(156): CodeIgniter\BaseModel->findAll()
 5 SYSTEMPATH\CodeIgniter.php(974): App\Controllers\Admin\Profil->sejarah()
 6 SYSTEMPATH\CodeIgniter.php(520): CodeIgniter\CodeIgniter->runController(Object(App\Controllers\Admin\Profil))
 7 SYSTEMPATH\CodeIgniter.php(363): CodeIgniter\CodeIgniter->handleRequest(null, Object(Config\Cache), false)
 8 SYSTEMPATH\Boot.php(417): CodeIgniter\CodeIgniter->run()
 9 SYSTEMPATH\Boot.php(68): CodeIgniter\Boot::runCodeIgniter(Object(CodeIgniter\CodeIgniter))
10 FCPATH\index.php(59): CodeIgniter\Boot::bootWeb(Object(Config\Paths))
CRITICAL - 2026-07-27 09:08:53 --> [Caused by] CodeIgniter\Database\Exceptions\DatabaseException: Unknown column 'id' in 'order clause'
in SYSTEMPATH\Database\MySQLi\Connection.php on line 310.
 1 SYSTEMPATH\Database\BaseConnection.php(908): CodeIgniter\Database\MySQLi\Connection->execute('SELECT *
FROM `sejarah_pwm`
ORDER BY `id` DESC')
 2 SYSTEMPATH\Database\BaseConnection.php(825): CodeIgniter\Database\BaseConnection->simpleQuery('SELECT *
FROM `sejarah_pwm`
ORDER BY `id` DESC')
 3 SYSTEMPATH\Database\BaseBuilder.php(1655): CodeIgniter\Database\BaseConnection->query('SELECT *
FROM `sejarah_pwm`
ORDER BY `id` DESC', [], false)
 4 SYSTEMPATH\Model.php(255): CodeIgniter\Database\BaseBuilder->get()
 5 SYSTEMPATH\BaseModel.php(676): CodeIgniter\Model->doFindAll(0, 0)
 6 APPPATH\Controllers\Admin\Profil.php(156): CodeIgniter\BaseModel->findAll()
 7 SYSTEMPATH\CodeIgniter.php(974): App\Controllers\Admin\Profil->sejarah()
 8 SYSTEMPATH\CodeIgniter.php(520): CodeIgniter\CodeIgniter->runController(Object(App\Controllers\Admin\Profil))
 9 SYSTEMPATH\CodeIgniter.php(363): CodeIgniter\CodeIgniter->handleRequest(null, Object(Config\Cache), false)
10 SYSTEMPATH\Boot.php(417): CodeIgniter\CodeIgniter->run()
11 SYSTEMPATH\Boot.php(68): CodeIgniter\Boot::runCodeIgniter(Object(CodeIgniter\CodeIgniter))
12 FCPATH\index.php(59): CodeIgniter\Boot::bootWeb(Object(Config\Paths))
CRITICAL - 2026-07-27 09:08:53 --> [Caused by] mysqli_sql_exception: Unknown column 'id' in 'order clause'
in SYSTEMPATH\Database\MySQLi\Connection.php on line 300.
 1 SYSTEMPATH\Database\MySQLi\Connection.php(300): mysqli->query('SELECT *
FROM `sejarah_pwm`
ORDER BY `id` DESC', 0)
 2 SYSTEMPATH\Database\BaseConnection.php(908): CodeIgniter\Database\MySQLi\Connection->execute('SELECT *
FROM `sejarah_pwm`
ORDER BY `id` DESC')
 3 SYSTEMPATH\Database\BaseConnection.php(825): CodeIgniter\Database\BaseConnection->simpleQuery('SELECT *
FROM `sejarah_pwm`
ORDER BY `id` DESC')
 4 SYSTEMPATH\Database\BaseBuilder.php(1655): CodeIgniter\Database\BaseConnection->query('SELECT *
FROM `sejarah_pwm`
ORDER BY `id` DESC', [], false)
 5 SYSTEMPATH\Model.php(255): CodeIgniter\Database\BaseBuilder->get()
 6 SYSTEMPATH\BaseModel.php(676): CodeIgniter\Model->doFindAll(0, 0)
 7 APPPATH\Controllers\Admin\Profil.php(156): CodeIgniter\BaseModel->findAll()
 8 SYSTEMPATH\CodeIgniter.php(974): App\Controllers\Admin\Profil->sejarah()
 9 SYSTEMPATH\CodeIgniter.php(520): CodeIgniter\CodeIgniter->runController(Object(App\Controllers\Admin\Profil))
10 SYSTEMPATH\CodeIgniter.php(363): CodeIgniter\CodeIgniter->handleRequest(null, Object(Config\Cache), false)
11 SYSTEMPATH\Boot.php(417): CodeIgniter\CodeIgniter->run()
12 SYSTEMPATH\Boot.php(68): CodeIgniter\Boot::runCodeIgniter(Object(CodeIgniter\CodeIgniter))
13 FCPATH\index.php(59): CodeIgniter\Boot::bootWeb(Object(Config\Paths))
DEBUG - 2026-07-27 09:12:25 --> Session: Class initialized using 'CodeIgniter\Session\Handlers\FileHandler' driver.
CRITICAL - 2026-07-27 09:12:39 --> ErrorException: Undefined array key "foto"
[Method: POST, Route: admin/profil/sejarah/update/4]
in APPPATH\Controllers\Admin\Profil.php on line 199.
 1 APPPATH\Controllers\Admin\Profil.php(199): CodeIgniter\Debug\Exceptions->errorHandler(2, 'Undefined array key "foto"', 'C:\\wamp64\\www\\pw-muhammadiyah\\app\\Controllers\\Admin\\Profil.php', 199)
 2 SYSTEMPATH\CodeIgniter.php(974): App\Controllers\Admin\Profil->updateSejarah('4')
 3 SYSTEMPATH\CodeIgniter.php(520): CodeIgniter\CodeIgniter->runController(Object(App\Controllers\Admin\Profil))
 4 SYSTEMPATH\CodeIgniter.php(363): CodeIgniter\CodeIgniter->handleRequest(null, Object(Config\Cache), false)
 5 SYSTEMPATH\Boot.php(417): CodeIgniter\CodeIgniter->run()
 6 SYSTEMPATH\Boot.php(68): CodeIgniter\Boot::runCodeIgniter(Object(CodeIgniter\CodeIgniter))
 7 FCPATH\index.php(59): CodeIgniter\Boot::bootWeb(Object(Config\Paths))
DEBUG - 2026-07-27 09:12:46 --> Session: Class initialized using 'CodeIgniter\Session\Handlers\FileHandler' driver.
DEBUG - 2026-07-27 09:13:02 --> Session: Class initialized using 'CodeIgniter\Session\Handlers\FileHandler' driver.
DEBUG - 2026-07-27 09:13:02 --> Session: Class initialized using 'CodeIgniter\Session\Handlers\FileHandler' driver.
CRITICAL - 2026-07-27 09:13:13 --> ErrorException: Undefined array key "foto"
[Method: POST, Route: admin/profil/sejarah/update/5]
in APPPATH\Controllers\Admin\Profil.php on line 199.
 1 APPPATH\Controllers\Admin\Profil.php(199): CodeIgniter\Debug\Exceptions->errorHandler(2, 'Undefined array key "foto"', 'C:\\wamp64\\www\\pw-muhammadiyah\\app\\Controllers\\Admin\\Profil.php', 199)
 2 SYSTEMPATH\CodeIgniter.php(974): App\Controllers\Admin\Profil->updateSejarah('5')
 3 SYSTEMPATH\CodeIgniter.php(520): CodeIgniter\CodeIgniter->runController(Object(App\Controllers\Admin\Profil))
 4 SYSTEMPATH\CodeIgniter.php(363): CodeIgniter\CodeIgniter->handleRequest(null, Object(Config\Cache), false)
 5 SYSTEMPATH\Boot.php(417): CodeIgniter\CodeIgniter->run()
 6 SYSTEMPATH\Boot.php(68): CodeIgniter\Boot::runCodeIgniter(Object(CodeIgniter\CodeIgniter))
 7 FCPATH\index.php(59): CodeIgniter\Boot::bootWeb(Object(Config\Paths))
DEBUG - 2026-07-27 09:14:46 --> Session: Class initialized using 'CodeIgniter\Session\Handlers\FileHandler' driver.
DEBUG - 2026-07-27 09:14:47 --> Session: Class initialized using 'CodeIgniter\Session\Handlers\FileHandler' driver.
DEBUG - 2026-07-27 09:14:55 --> Session: Class initialized using 'CodeIgniter\Session\Handlers\FileHandler' driver.
DEBUG - 2026-07-27 09:14:56 --> Session: Class initialized using 'CodeIgniter\Session\Handlers\FileHandler' driver.
DEBUG - 2026-07-27 09:15:21 --> Session: Class initialized using 'CodeIgniter\Session\Handlers\FileHandler' driver.
DEBUG - 2026-07-27 09:15:22 --> Session: Class initialized using 'CodeIgniter\Session\Handlers\FileHandler' driver.
DEBUG - 2026-07-27 09:15:47 --> Session: Class initialized using 'CodeIgniter\Session\Handlers\FileHandler' driver.
DEBUG - 2026-07-27 09:15:47 --> Session: Class initialized using 'CodeIgniter\Session\Handlers\FileHandler' driver.
DEBUG - 2026-07-27 09:18:53 --> Session: Class initialized using 'CodeIgniter\Session\Handlers\FileHandler' driver.
DEBUG - 2026-07-27 09:19:01 --> Session: Class initialized using 'CodeIgniter\Session\Handlers\FileHandler' driver.
DEBUG - 2026-07-27 09:21:21 --> Session: Class initialized using 'CodeIgniter\Session\Handlers\FileHandler' driver.
DEBUG - 2026-07-27 09:21:31 --> Session: Class initialized using 'CodeIgniter\Session\Handlers\FileHandler' driver.
DEBUG - 2026-07-27 09:21:31 --> Session: Class initialized using 'CodeIgniter\Session\Handlers\FileHandler' driver.
DEBUG - 2026-07-27 09:22:31 --> Session: Class initialized using 'CodeIgniter\Session\Handlers\FileHandler' driver.
DEBUG - 2026-07-27 09:22:35 --> Session: Class initialized using 'CodeIgniter\Session\Handlers\FileHandler' driver.
DEBUG - 2026-07-27 09:22:36 --> Session: Class initialized using 'CodeIgniter\Session\Handlers\FileHandler' driver.
DEBUG - 2026-07-27 09:22:41 --> Session: Class initialized using 'CodeIgniter\Session\Handlers\FileHandler' driver.
DEBUG - 2026-07-27 09:22:52 --> Session: Class initialized using 'CodeIgniter\Session\Handlers\FileHandler' driver.
DEBUG - 2026-07-27 09:22:52 --> Session: Class initialized using 'CodeIgniter\Session\Handlers\FileHandler' driver.
DEBUG - 2026-07-27 09:23:11 --> Session: Class initialized using 'CodeIgniter\Session\Handlers\FileHandler' driver.
DEBUG - 2026-07-27 09:23:12 --> Session: Class initialized using 'CodeIgniter\Session\Handlers\FileHandler' driver.
DEBUG - 2026-07-27 09:23:16 --> Session: Class initialized using 'CodeIgniter\Session\Handlers\FileHandler' driver.
DEBUG - 2026-07-27 09:23:26 --> Session: Class initialized using 'CodeIgniter\Session\Handlers\FileHandler' driver.
DEBUG - 2026-07-27 09:23:26 --> Session: Class initialized using 'CodeIgniter\Session\Handlers\FileHandler' driver.
DEBUG - 2026-07-27 09:23:41 --> Session: Class initialized using 'CodeIgniter\Session\Handlers\FileHandler' driver.
DEBUG - 2026-07-27 09:23:41 --> Session: Class initialized using 'CodeIgniter\Session\Handlers\FileHandler' driver.
DEBUG - 2026-07-27 09:24:01 --> Session: Class initialized using 'CodeIgniter\Session\Handlers\FileHandler' driver.
DEBUG - 2026-07-27 09:24:01 --> Session: Class initialized using 'CodeIgniter\Session\Handlers\FileHandler' driver.
DEBUG - 2026-07-27 09:24:35 --> Session: Class initialized using 'CodeIgniter\Session\Handlers\FileHandler' driver.
DEBUG - 2026-07-27 09:24:35 --> Session: Class initialized using 'CodeIgniter\Session\Handlers\FileHandler' driver.
DEBUG - 2026-07-27 09:25:07 --> Session: Class initialized using 'CodeIgniter\Session\Handlers\FileHandler' driver.
DEBUG - 2026-07-27 09:27:02 --> Session: Class initialized using 'CodeIgniter\Session\Handlers\FileHandler' driver.
DEBUG - 2026-07-27 09:27:02 --> Session: Class initialized using 'CodeIgniter\Session\Handlers\FileHandler' driver.
DEBUG - 2026-07-27 09:27:09 --> Session: Class initialized using 'CodeIgniter\Session\Handlers\FileHandler' driver.
DEBUG - 2026-07-27 09:27:15 --> Session: Class initialized using 'CodeIgniter\Session\Handlers\FileHandler' driver.
DEBUG - 2026-07-27 09:27:25 --> Session: Class initialized using 'CodeIgniter\Session\Handlers\FileHandler' driver.
DEBUG - 2026-07-27 09:27:26 --> Session: Class initialized using 'CodeIgniter\Session\Handlers\FileHandler' driver.
DEBUG - 2026-07-27 09:30:31 --> Session: Class initialized using 'CodeIgniter\Session\Handlers\FileHandler' driver.
DEBUG - 2026-07-27 09:30:31 --> Session: Class initialized using 'CodeIgniter\Session\Handlers\FileHandler' driver.
DEBUG - 2026-07-27 09:33:34 --> Session: Class initialized using 'CodeIgniter\Session\Handlers\FileHandler' driver.
DEBUG - 2026-07-27 09:33:39 --> Session: Class initialized using 'CodeIgniter\Session\Handlers\FileHandler' driver.
DEBUG - 2026-07-27 09:33:43 --> Session: Class initialized using 'CodeIgniter\Session\Handlers\FileHandler' driver.
DEBUG - 2026-07-27 09:34:08 --> Session: Class initialized using 'CodeIgniter\Session\Handlers\FileHandler' driver.
DEBUG - 2026-07-27 09:39:33 --> Session: Class initialized using 'CodeIgniter\Session\Handlers\FileHandler' driver.
DEBUG - 2026-07-27 09:39:46 --> Session: Class initialized using 'CodeIgniter\Session\Handlers\FileHandler' driver.
DEBUG - 2026-07-27 09:39:46 --> Session: Class initialized using 'CodeIgniter\Session\Handlers\FileHandler' driver.
DEBUG - 2026-07-27 09:39:53 --> Session: Class initialized using 'CodeIgniter\Session\Handlers\FileHandler' driver.
DEBUG - 2026-07-27 09:39:53 --> Session: Class initialized using 'CodeIgniter\Session\Handlers\FileHandler' driver.
DEBUG - 2026-07-27 09:39:59 --> Session: Class initialized using 'CodeIgniter\Session\Handlers\FileHandler' driver.
DEBUG - 2026-07-27 09:39:59 --> Session: Class initialized using 'CodeIgniter\Session\Handlers\FileHandler' driver.
DEBUG - 2026-07-27 09:40:04 --> Session: Class initialized using 'CodeIgniter\Session\Handlers\FileHandler' driver.
DEBUG - 2026-07-27 09:40:08 --> Session: Class initialized using 'CodeIgniter\Session\Handlers\FileHandler' driver.
DEBUG - 2026-07-27 09:40:12 --> Session: Class initialized using 'CodeIgniter\Session\Handlers\FileHandler' driver.
DEBUG - 2026-07-27 09:40:18 --> Session: Class initialized using 'CodeIgniter\Session\Handlers\FileHandler' driver.
DEBUG - 2026-07-27 09:41:58 --> Session: Class initialized using 'CodeIgniter\Session\Handlers\FileHandler' driver.
DEBUG - 2026-07-27 09:42:05 --> Session: Class initialized using 'CodeIgniter\Session\Handlers\FileHandler' driver.
ERROR - 2026-07-27 09:42:05 --> Unknown column 'updated_at' in 'field list'
in SYSTEMPATH\Database\MySQLi\Connection.php on line 300.
 1 SYSTEMPATH\Database\MySQLi\Connection.php(300): mysqli->query('INSERT INTO `refleksi` (`judul`, `isi`, `penulis`, `created_at`, `updated_at`) VALUES (\'dd\', \'dfsfdss\', \'Admin\', \'2026-07-27 09:42:05\', \'2026-07-27 09:42:05\')', 0)
 2 SYSTEMPATH\Database\BaseConnection.php(908): CodeIgniter\Database\MySQLi\Connection->execute('INSERT INTO `refleksi` (`judul`, `isi`, `penulis`, `created_at`, `updated_at`) VALUES (\'dd\', \'dfsfdss\', \'Admin\', \'2026-07-27 09:42:05\', \'2026-07-27 09:42:05\')')
 3 SYSTEMPATH\Database\BaseConnection.php(825): CodeIgniter\Database\BaseConnection->simpleQuery('INSERT INTO `refleksi` (`judul`, `isi`, `penulis`, `created_at`, `updated_at`) VALUES (\'dd\', \'dfsfdss\', \'Admin\', \'2026-07-27 09:42:05\', \'2026-07-27 09:42:05\')')
 4 SYSTEMPATH\Database\BaseBuilder.php(2351): CodeIgniter\Database\BaseConnection->query('INSERT INTO `refleksi` (`judul`, `isi`, `penulis`, `created_at`, `updated_at`) VALUES (:judul:, :isi:, :penulis:, :created_at:, :updated_at:)', [...], false)
 5 SYSTEMPATH\Model.php(357): CodeIgniter\Database\BaseBuilder->insert()
 6 SYSTEMPATH\BaseModel.php(899): CodeIgniter\Model->doInsert([...])
 7 SYSTEMPATH\Model.php(670): CodeIgniter\BaseModel->insert([...], false)
 8 SYSTEMPATH\BaseModel.php(752): CodeIgniter\Model->insert([...], false)
 9 APPPATH\Controllers\Admin\Refleksi.php(31): CodeIgniter\BaseModel->save([...])
10 SYSTEMPATH\CodeIgniter.php(974): App\Controllers\Admin\Refleksi->simpan()
11 SYSTEMPATH\CodeIgniter.php(520): CodeIgniter\CodeIgniter->runController(Object(App\Controllers\Admin\Refleksi))
12 SYSTEMPATH\CodeIgniter.php(363): CodeIgniter\CodeIgniter->handleRequest(null, Object(Config\Cache), false)
13 SYSTEMPATH\Boot.php(417): CodeIgniter\CodeIgniter->run()
14 SYSTEMPATH\Boot.php(68): CodeIgniter\Boot::runCodeIgniter(Object(CodeIgniter\CodeIgniter))
15 FCPATH\index.php(59): CodeIgniter\Boot::bootWeb(Object(Config\Paths))
CRITICAL - 2026-07-27 09:42:05 --> CodeIgniter\Database\Exceptions\DatabaseException: Unknown column 'updated_at' in 'field list'
[Method: POST, Route: admin/refleksi/simpan]
in SYSTEMPATH\Database\BaseConnection.php on line 863.
 1 SYSTEMPATH\Database\BaseBuilder.php(2351): CodeIgniter\Database\BaseConnection->query('INSERT INTO `refleksi` (`judul`, `isi`, `penulis`, `created_at`, `updated_at`) VALUES (:judul:, :isi:, :penulis:, :created_at:, :updated_at:)', [...], false)
 2 SYSTEMPATH\Model.php(357): CodeIgniter\Database\BaseBuilder->insert()
 3 SYSTEMPATH\BaseModel.php(899): CodeIgniter\Model->doInsert([...])
 4 SYSTEMPATH\Model.php(670): CodeIgniter\BaseModel->insert([...], false)
 5 SYSTEMPATH\BaseModel.php(752): CodeIgniter\Model->insert([...], false)
 6 APPPATH\Controllers\Admin\Refleksi.php(31): CodeIgniter\BaseModel->save([...])
 7 SYSTEMPATH\CodeIgniter.php(974): App\Controllers\Admin\Refleksi->simpan()
 8 SYSTEMPATH\CodeIgniter.php(520): CodeIgniter\CodeIgniter->runController(Object(App\Controllers\Admin\Refleksi))
 9 SYSTEMPATH\CodeIgniter.php(363): CodeIgniter\CodeIgniter->handleRequest(null, Object(Config\Cache), false)
10 SYSTEMPATH\Boot.php(417): CodeIgniter\CodeIgniter->run()
11 SYSTEMPATH\Boot.php(68): CodeIgniter\Boot::runCodeIgniter(Object(CodeIgniter\CodeIgniter))
12 FCPATH\index.php(59): CodeIgniter\Boot::bootWeb(Object(Config\Paths))
CRITICAL - 2026-07-27 09:42:05 --> [Caused by] CodeIgniter\Database\Exceptions\DatabaseException: Unknown column 'updated_at' in 'field list'
in SYSTEMPATH\Database\MySQLi\Connection.php on line 310.
 1 SYSTEMPATH\Database\BaseConnection.php(908): CodeIgniter\Database\MySQLi\Connection->execute('INSERT INTO `refleksi` (`judul`, `isi`, `penulis`, `created_at`, `updated_at`) VALUES (\'dd\', \'dfsfdss\', \'Admin\', \'2026-07-27 09:42:05\', \'2026-07-27 09:42:05\')')
 2 SYSTEMPATH\Database\BaseConnection.php(825): CodeIgniter\Database\BaseConnection->simpleQuery('INSERT INTO `refleksi` (`judul`, `isi`, `penulis`, `created_at`, `updated_at`) VALUES (\'dd\', \'dfsfdss\', \'Admin\', \'2026-07-27 09:42:05\', \'2026-07-27 09:42:05\')')
 3 SYSTEMPATH\Database\BaseBuilder.php(2351): CodeIgniter\Database\BaseConnection->query('INSERT INTO `refleksi` (`judul`, `isi`, `penulis`, `created_at`, `updated_at`) VALUES (:judul:, :isi:, :penulis:, :created_at:, :updated_at:)', [...], false)
 4 SYSTEMPATH\Model.php(357): CodeIgniter\Database\BaseBuilder->insert()
 5 SYSTEMPATH\BaseModel.php(899): CodeIgniter\Model->doInsert([...])
 6 SYSTEMPATH\Model.php(670): CodeIgniter\BaseModel->insert([...], false)
 7 SYSTEMPATH\BaseModel.php(752): CodeIgniter\Model->insert([...], false)
 8 APPPATH\Controllers\Admin\Refleksi.php(31): CodeIgniter\BaseModel->save([...])
 9 SYSTEMPATH\CodeIgniter.php(974): App\Controllers\Admin\Refleksi->simpan()
10 SYSTEMPATH\CodeIgniter.php(520): CodeIgniter\CodeIgniter->runController(Object(App\Controllers\Admin\Refleksi))
11 SYSTEMPATH\CodeIgniter.php(363): CodeIgniter\CodeIgniter->handleRequest(null, Object(Config\Cache), false)
12 SYSTEMPATH\Boot.php(417): CodeIgniter\CodeIgniter->run()
13 SYSTEMPATH\Boot.php(68): CodeIgniter\Boot::runCodeIgniter(Object(CodeIgniter\CodeIgniter))
14 FCPATH\index.php(59): CodeIgniter\Boot::bootWeb(Object(Config\Paths))
CRITICAL - 2026-07-27 09:42:05 --> [Caused by] mysqli_sql_exception: Unknown column 'updated_at' in 'field list'
in SYSTEMPATH\Database\MySQLi\Connection.php on line 300.
 1 SYSTEMPATH\Database\MySQLi\Connection.php(300): mysqli->query('INSERT INTO `refleksi` (`judul`, `isi`, `penulis`, `created_at`, `updated_at`) VALUES (\'dd\', \'dfsfdss\', \'Admin\', \'2026-07-27 09:42:05\', \'2026-07-27 09:42:05\')', 0)
 2 SYSTEMPATH\Database\BaseConnection.php(908): CodeIgniter\Database\MySQLi\Connection->execute('INSERT INTO `refleksi` (`judul`, `isi`, `penulis`, `created_at`, `updated_at`) VALUES (\'dd\', \'dfsfdss\', \'Admin\', \'2026-07-27 09:42:05\', \'2026-07-27 09:42:05\')')
 3 SYSTEMPATH\Database\BaseConnection.php(825): CodeIgniter\Database\BaseConnection->simpleQuery('INSERT INTO `refleksi` (`judul`, `isi`, `penulis`, `created_at`, `updated_at`) VALUES (\'dd\', \'dfsfdss\', \'Admin\', \'2026-07-27 09:42:05\', \'2026-07-27 09:42:05\')')
 4 SYSTEMPATH\Database\BaseBuilder.php(2351): CodeIgniter\Database\BaseConnection->query('INSERT INTO `refleksi` (`judul`, `isi`, `penulis`, `created_at`, `updated_at`) VALUES (:judul:, :isi:, :penulis:, :created_at:, :updated_at:)', [...], false)
 5 SYSTEMPATH\Model.php(357): CodeIgniter\Database\BaseBuilder->insert()
 6 SYSTEMPATH\BaseModel.php(899): CodeIgniter\Model->doInsert([...])
 7 SYSTEMPATH\Model.php(670): CodeIgniter\BaseModel->insert([...], false)
 8 SYSTEMPATH\BaseModel.php(752): CodeIgniter\Model->insert([...], false)
 9 APPPATH\Controllers\Admin\Refleksi.php(31): CodeIgniter\BaseModel->save([...])
10 SYSTEMPATH\CodeIgniter.php(974): App\Controllers\Admin\Refleksi->simpan()
11 SYSTEMPATH\CodeIgniter.php(520): CodeIgniter\CodeIgniter->runController(Object(App\Controllers\Admin\Refleksi))
12 SYSTEMPATH\CodeIgniter.php(363): CodeIgniter\CodeIgniter->handleRequest(null, Object(Config\Cache), false)
13 SYSTEMPATH\Boot.php(417): CodeIgniter\CodeIgniter->run()
14 SYSTEMPATH\Boot.php(68): CodeIgniter\Boot::runCodeIgniter(Object(CodeIgniter\CodeIgniter))
15 FCPATH\index.php(59): CodeIgniter\Boot::bootWeb(Object(Config\Paths))
DEBUG - 2026-07-27 09:42:12 --> Session: Class initialized using 'CodeIgniter\Session\Handlers\FileHandler' driver.
ERROR - 2026-07-27 09:44:22 --> Unknown column 'updated_at' in 'field list'
in SYSTEMPATH\Database\MySQLi\Connection.php on line 300.
 1 SYSTEMPATH\Database\MySQLi\Connection.php(300): mysqli->query('INSERT INTO `refleksi` (`judul`, `isi`, `penulis`, `created_at`, `updated_at`) VALUES (\'ewe\', \'ewewew\', \'Admin\', \'2026-07-27 09:44:22\', \'2026-07-27 09:44:22\')', 0)
 2 SYSTEMPATH\Database\BaseConnection.php(908): CodeIgniter\Database\MySQLi\Connection->execute('INSERT INTO `refleksi` (`judul`, `isi`, `penulis`, `created_at`, `updated_at`) VALUES (\'ewe\', \'ewewew\', \'Admin\', \'2026-07-27 09:44:22\', \'2026-07-27 09:44:22\')')
 3 SYSTEMPATH\Database\BaseConnection.php(825): CodeIgniter\Database\BaseConnection->simpleQuery('INSERT INTO `refleksi` (`judul`, `isi`, `penulis`, `created_at`, `updated_at`) VALUES (\'ewe\', \'ewewew\', \'Admin\', \'2026-07-27 09:44:22\', \'2026-07-27 09:44:22\')')
 4 SYSTEMPATH\Database\BaseBuilder.php(2351): CodeIgniter\Database\BaseConnection->query('INSERT INTO `refleksi` (`judul`, `isi`, `penulis`, `created_at`, `updated_at`) VALUES (:judul:, :isi:, :penulis:, :created_at:, :updated_at:)', [...], false)
 5 SYSTEMPATH\Model.php(357): CodeIgniter\Database\BaseBuilder->insert()
 6 SYSTEMPATH\BaseModel.php(899): CodeIgniter\Model->doInsert([...])
 7 SYSTEMPATH\Model.php(670): CodeIgniter\BaseModel->insert([...], false)
 8 SYSTEMPATH\BaseModel.php(752): CodeIgniter\Model->insert([...], false)
 9 APPPATH\Controllers\Admin\Refleksi.php(31): CodeIgniter\BaseModel->save([...])
10 SYSTEMPATH\CodeIgniter.php(974): App\Controllers\Admin\Refleksi->simpan()
11 SYSTEMPATH\CodeIgniter.php(520): CodeIgniter\CodeIgniter->runController(Object(App\Controllers\Admin\Refleksi))
12 SYSTEMPATH\CodeIgniter.php(363): CodeIgniter\CodeIgniter->handleRequest(null, Object(Config\Cache), false)
13 SYSTEMPATH\Boot.php(417): CodeIgniter\CodeIgniter->run()
14 SYSTEMPATH\Boot.php(68): CodeIgniter\Boot::runCodeIgniter(Object(CodeIgniter\CodeIgniter))
15 FCPATH\index.php(59): CodeIgniter\Boot::bootWeb(Object(Config\Paths))
CRITICAL - 2026-07-27 09:44:22 --> CodeIgniter\Database\Exceptions\DatabaseException: Unknown column 'updated_at' in 'field list'
[Method: POST, Route: admin/refleksi/simpan]
in SYSTEMPATH\Database\BaseConnection.php on line 863.
 1 SYSTEMPATH\Database\BaseBuilder.php(2351): CodeIgniter\Database\BaseConnection->query('INSERT INTO `refleksi` (`judul`, `isi`, `penulis`, `created_at`, `updated_at`) VALUES (:judul:, :isi:, :penulis:, :created_at:, :updated_at:)', [...], false)
 2 SYSTEMPATH\Model.php(357): CodeIgniter\Database\BaseBuilder->insert()
 3 SYSTEMPATH\BaseModel.php(899): CodeIgniter\Model->doInsert([...])
 4 SYSTEMPATH\Model.php(670): CodeIgniter\BaseModel->insert([...], false)
 5 SYSTEMPATH\BaseModel.php(752): CodeIgniter\Model->insert([...], false)
 6 APPPATH\Controllers\Admin\Refleksi.php(31): CodeIgniter\BaseModel->save([...])
 7 SYSTEMPATH\CodeIgniter.php(974): App\Controllers\Admin\Refleksi->simpan()
 8 SYSTEMPATH\CodeIgniter.php(520): CodeIgniter\CodeIgniter->runController(Object(App\Controllers\Admin\Refleksi))
 9 SYSTEMPATH\CodeIgniter.php(363): CodeIgniter\CodeIgniter->handleRequest(null, Object(Config\Cache), false)
10 SYSTEMPATH\Boot.php(417): CodeIgniter\CodeIgniter->run()
11 SYSTEMPATH\Boot.php(68): CodeIgniter\Boot::runCodeIgniter(Object(CodeIgniter\CodeIgniter))
12 FCPATH\index.php(59): CodeIgniter\Boot::bootWeb(Object(Config\Paths))
CRITICAL - 2026-07-27 09:44:22 --> [Caused by] CodeIgniter\Database\Exceptions\DatabaseException: Unknown column 'updated_at' in 'field list'
in SYSTEMPATH\Database\MySQLi\Connection.php on line 310.
 1 SYSTEMPATH\Database\BaseConnection.php(908): CodeIgniter\Database\MySQLi\Connection->execute('INSERT INTO `refleksi` (`judul`, `isi`, `penulis`, `created_at`, `updated_at`) VALUES (\'ewe\', \'ewewew\', \'Admin\', \'2026-07-27 09:44:22\', \'2026-07-27 09:44:22\')')
 2 SYSTEMPATH\Database\BaseConnection.php(825): CodeIgniter\Database\BaseConnection->simpleQuery('INSERT INTO `refleksi` (`judul`, `isi`, `penulis`, `created_at`, `updated_at`) VALUES (\'ewe\', \'ewewew\', \'Admin\', \'2026-07-27 09:44:22\', \'2026-07-27 09:44:22\')')
 3 SYSTEMPATH\Database\BaseBuilder.php(2351): CodeIgniter\Database\BaseConnection->query('INSERT INTO `refleksi` (`judul`, `isi`, `penulis`, `created_at`, `updated_at`) VALUES (:judul:, :isi:, :penulis:, :created_at:, :updated_at:)', [...], false)
 4 SYSTEMPATH\Model.php(357): CodeIgniter\Database\BaseBuilder->insert()
 5 SYSTEMPATH\BaseModel.php(899): CodeIgniter\Model->doInsert([...])
 6 SYSTEMPATH\Model.php(670): CodeIgniter\BaseModel->insert([...], false)
 7 SYSTEMPATH\BaseModel.php(752): CodeIgniter\Model->insert([...], false)
 8 APPPATH\Controllers\Admin\Refleksi.php(31): CodeIgniter\BaseModel->save([...])
 9 SYSTEMPATH\CodeIgniter.php(974): App\Controllers\Admin\Refleksi->simpan()
10 SYSTEMPATH\CodeIgniter.php(520): CodeIgniter\CodeIgniter->runController(Object(App\Controllers\Admin\Refleksi))
11 SYSTEMPATH\CodeIgniter.php(363): CodeIgniter\CodeIgniter->handleRequest(null, Object(Config\Cache), false)
12 SYSTEMPATH\Boot.php(417): CodeIgniter\CodeIgniter->run()
13 SYSTEMPATH\Boot.php(68): CodeIgniter\Boot::runCodeIgniter(Object(CodeIgniter\CodeIgniter))
14 FCPATH\index.php(59): CodeIgniter\Boot::bootWeb(Object(Config\Paths))
CRITICAL - 2026-07-27 09:44:22 --> [Caused by] mysqli_sql_exception: Unknown column 'updated_at' in 'field list'
in SYSTEMPATH\Database\MySQLi\Connection.php on line 300.
 1 SYSTEMPATH\Database\MySQLi\Connection.php(300): mysqli->query('INSERT INTO `refleksi` (`judul`, `isi`, `penulis`, `created_at`, `updated_at`) VALUES (\'ewe\', \'ewewew\', \'Admin\', \'2026-07-27 09:44:22\', \'2026-07-27 09:44:22\')', 0)
 2 SYSTEMPATH\Database\BaseConnection.php(908): CodeIgniter\Database\MySQLi\Connection->execute('INSERT INTO `refleksi` (`judul`, `isi`, `penulis`, `created_at`, `updated_at`) VALUES (\'ewe\', \'ewewew\', \'Admin\', \'2026-07-27 09:44:22\', \'2026-07-27 09:44:22\')')
 3 SYSTEMPATH\Database\BaseConnection.php(825): CodeIgniter\Database\BaseConnection->simpleQuery('INSERT INTO `refleksi` (`judul`, `isi`, `penulis`, `created_at`, `updated_at`) VALUES (\'ewe\', \'ewewew\', \'Admin\', \'2026-07-27 09:44:22\', \'2026-07-27 09:44:22\')')
 4 SYSTEMPATH\Database\BaseBuilder.php(2351): CodeIgniter\Database\BaseConnection->query('INSERT INTO `refleksi` (`judul`, `isi`, `penulis`, `created_at`, `updated_at`) VALUES (:judul:, :isi:, :penulis:, :created_at:, :updated_at:)', [...], false)
 5 SYSTEMPATH\Model.php(357): CodeIgniter\Database\BaseBuilder->insert()
 6 SYSTEMPATH\BaseModel.php(899): CodeIgniter\Model->doInsert([...])
 7 SYSTEMPATH\Model.php(670): CodeIgniter\BaseModel->insert([...], false)
 8 SYSTEMPATH\BaseModel.php(752): CodeIgniter\Model->insert([...], false)
 9 APPPATH\Controllers\Admin\Refleksi.php(31): CodeIgniter\BaseModel->save([...])
10 SYSTEMPATH\CodeIgniter.php(974): App\Controllers\Admin\Refleksi->simpan()
11 SYSTEMPATH\CodeIgniter.php(520): CodeIgniter\CodeIgniter->runController(Object(App\Controllers\Admin\Refleksi))
12 SYSTEMPATH\CodeIgniter.php(363): CodeIgniter\CodeIgniter->handleRequest(null, Object(Config\Cache), false)
13 SYSTEMPATH\Boot.php(417): CodeIgniter\CodeIgniter->run()
14 SYSTEMPATH\Boot.php(68): CodeIgniter\Boot::runCodeIgniter(Object(CodeIgniter\CodeIgniter))
15 FCPATH\index.php(59): CodeIgniter\Boot::bootWeb(Object(Config\Paths))
DEBUG - 2026-07-27 10:17:21 --> Session: Class initialized using 'CodeIgniter\Session\Handlers\FileHandler' driver.
DEBUG - 2026-07-27 10:17:27 --> Session: Class initialized using 'CodeIgniter\Session\Handlers\FileHandler' driver.
ERROR - 2026-07-27 10:17:27 --> Unknown column 'updated_at' in 'field list'
in SYSTEMPATH\Database\MySQLi\Connection.php on line 300.
 1 SYSTEMPATH\Database\MySQLi\Connection.php(300): mysqli->query('INSERT INTO `refleksi` (`judul`, `isi`, `penulis`, `created_at`, `updated_at`) VALUES (\'ee\', \'eererer\', \'Admin\', \'2026-07-27 10:17:27\', \'2026-07-27 10:17:27\')', 0)
 2 SYSTEMPATH\Database\BaseConnection.php(908): CodeIgniter\Database\MySQLi\Connection->execute('INSERT INTO `refleksi` (`judul`, `isi`, `penulis`, `created_at`, `updated_at`) VALUES (\'ee\', \'eererer\', \'Admin\', \'2026-07-27 10:17:27\', \'2026-07-27 10:17:27\')')
 3 SYSTEMPATH\Database\BaseConnection.php(825): CodeIgniter\Database\BaseConnection->simpleQuery('INSERT INTO `refleksi` (`judul`, `isi`, `penulis`, `created_at`, `updated_at`) VALUES (\'ee\', \'eererer\', \'Admin\', \'2026-07-27 10:17:27\', \'2026-07-27 10:17:27\')')
 4 SYSTEMPATH\Database\BaseBuilder.php(2351): CodeIgniter\Database\BaseConnection->query('INSERT INTO `refleksi` (`judul`, `isi`, `penulis`, `created_at`, `updated_at`) VALUES (:judul:, :isi:, :penulis:, :created_at:, :updated_at:)', [...], false)
 5 SYSTEMPATH\Model.php(357): CodeIgniter\Database\BaseBuilder->insert()
 6 SYSTEMPATH\BaseModel.php(899): CodeIgniter\Model->doInsert([...])
 7 SYSTEMPATH\Model.php(670): CodeIgniter\BaseModel->insert([...], false)
 8 SYSTEMPATH\BaseModel.php(752): CodeIgniter\Model->insert([...], false)
 9 APPPATH\Controllers\Admin\Refleksi.php(31): CodeIgniter\BaseModel->save([...])
10 SYSTEMPATH\CodeIgniter.php(974): App\Controllers\Admin\Refleksi->simpan()
11 SYSTEMPATH\CodeIgniter.php(520): CodeIgniter\CodeIgniter->runController(Object(App\Controllers\Admin\Refleksi))
12 SYSTEMPATH\CodeIgniter.php(363): CodeIgniter\CodeIgniter->handleRequest(null, Object(Config\Cache), false)
13 SYSTEMPATH\Boot.php(417): CodeIgniter\CodeIgniter->run()
14 SYSTEMPATH\Boot.php(68): CodeIgniter\Boot::runCodeIgniter(Object(CodeIgniter\CodeIgniter))
15 FCPATH\index.php(59): CodeIgniter\Boot::bootWeb(Object(Config\Paths))
CRITICAL - 2026-07-27 10:17:27 --> CodeIgniter\Database\Exceptions\DatabaseException: Unknown column 'updated_at' in 'field list'
[Method: POST, Route: admin/refleksi/simpan]
in SYSTEMPATH\Database\BaseConnection.php on line 863.
 1 SYSTEMPATH\Database\BaseBuilder.php(2351): CodeIgniter\Database\BaseConnection->query('INSERT INTO `refleksi` (`judul`, `isi`, `penulis`, `created_at`, `updated_at`) VALUES (:judul:, :isi:, :penulis:, :created_at:, :updated_at:)', [...], false)
 2 SYSTEMPATH\Model.php(357): CodeIgniter\Database\BaseBuilder->insert()
 3 SYSTEMPATH\BaseModel.php(899): CodeIgniter\Model->doInsert([...])
 4 SYSTEMPATH\Model.php(670): CodeIgniter\BaseModel->insert([...], false)
 5 SYSTEMPATH\BaseModel.php(752): CodeIgniter\Model->insert([...], false)
 6 APPPATH\Controllers\Admin\Refleksi.php(31): CodeIgniter\BaseModel->save([...])
 7 SYSTEMPATH\CodeIgniter.php(974): App\Controllers\Admin\Refleksi->simpan()
 8 SYSTEMPATH\CodeIgniter.php(520): CodeIgniter\CodeIgniter->runController(Object(App\Controllers\Admin\Refleksi))
 9 SYSTEMPATH\CodeIgniter.php(363): CodeIgniter\CodeIgniter->handleRequest(null, Object(Config\Cache), false)
10 SYSTEMPATH\Boot.php(417): CodeIgniter\CodeIgniter->run()
11 SYSTEMPATH\Boot.php(68): CodeIgniter\Boot::runCodeIgniter(Object(CodeIgniter\CodeIgniter))
12 FCPATH\index.php(59): CodeIgniter\Boot::bootWeb(Object(Config\Paths))
CRITICAL - 2026-07-27 10:17:27 --> [Caused by] CodeIgniter\Database\Exceptions\DatabaseException: Unknown column 'updated_at' in 'field list'
in SYSTEMPATH\Database\MySQLi\Connection.php on line 310.
 1 SYSTEMPATH\Database\BaseConnection.php(908): CodeIgniter\Database\MySQLi\Connection->execute('INSERT INTO `refleksi` (`judul`, `isi`, `penulis`, `created_at`, `updated_at`) VALUES (\'ee\', \'eererer\', \'Admin\', \'2026-07-27 10:17:27\', \'2026-07-27 10:17:27\')')
 2 SYSTEMPATH\Database\BaseConnection.php(825): CodeIgniter\Database\BaseConnection->simpleQuery('INSERT INTO `refleksi` (`judul`, `isi`, `penulis`, `created_at`, `updated_at`) VALUES (\'ee\', \'eererer\', \'Admin\', \'2026-07-27 10:17:27\', \'2026-07-27 10:17:27\')')
 3 SYSTEMPATH\Database\BaseBuilder.php(2351): CodeIgniter\Database\BaseConnection->query('INSERT INTO `refleksi` (`judul`, `isi`, `penulis`, `created_at`, `updated_at`) VALUES (:judul:, :isi:, :penulis:, :created_at:, :updated_at:)', [...], false)
 4 SYSTEMPATH\Model.php(357): CodeIgniter\Database\BaseBuilder->insert()
 5 SYSTEMPATH\BaseModel.php(899): CodeIgniter\Model->doInsert([...])
 6 SYSTEMPATH\Model.php(670): CodeIgniter\BaseModel->insert([...], false)
 7 SYSTEMPATH\BaseModel.php(752): CodeIgniter\Model->insert([...], false)
 8 APPPATH\Controllers\Admin\Refleksi.php(31): CodeIgniter\BaseModel->save([...])
 9 SYSTEMPATH\CodeIgniter.php(974): App\Controllers\Admin\Refleksi->simpan()
10 SYSTEMPATH\CodeIgniter.php(520): CodeIgniter\CodeIgniter->runController(Object(App\Controllers\Admin\Refleksi))
11 SYSTEMPATH\CodeIgniter.php(363): CodeIgniter\CodeIgniter->handleRequest(null, Object(Config\Cache), false)
12 SYSTEMPATH\Boot.php(417): CodeIgniter\CodeIgniter->run()
13 SYSTEMPATH\Boot.php(68): CodeIgniter\Boot::runCodeIgniter(Object(CodeIgniter\CodeIgniter))
14 FCPATH\index.php(59): CodeIgniter\Boot::bootWeb(Object(Config\Paths))
CRITICAL - 2026-07-27 10:17:27 --> [Caused by] mysqli_sql_exception: Unknown column 'updated_at' in 'field list'
in SYSTEMPATH\Database\MySQLi\Connection.php on line 300.
 1 SYSTEMPATH\Database\MySQLi\Connection.php(300): mysqli->query('INSERT INTO `refleksi` (`judul`, `isi`, `penulis`, `created_at`, `updated_at`) VALUES (\'ee\', \'eererer\', \'Admin\', \'2026-07-27 10:17:27\', \'2026-07-27 10:17:27\')', 0)
 2 SYSTEMPATH\Database\BaseConnection.php(908): CodeIgniter\Database\MySQLi\Connection->execute('INSERT INTO `refleksi` (`judul`, `isi`, `penulis`, `created_at`, `updated_at`) VALUES (\'ee\', \'eererer\', \'Admin\', \'2026-07-27 10:17:27\', \'2026-07-27 10:17:27\')')
 3 SYSTEMPATH\Database\BaseConnection.php(825): CodeIgniter\Database\BaseConnection->simpleQuery('INSERT INTO `refleksi` (`judul`, `isi`, `penulis`, `created_at`, `updated_at`) VALUES (\'ee\', \'eererer\', \'Admin\', \'2026-07-27 10:17:27\', \'2026-07-27 10:17:27\')')
 4 SYSTEMPATH\Database\BaseBuilder.php(2351): CodeIgniter\Database\BaseConnection->query('INSERT INTO `refleksi` (`judul`, `isi`, `penulis`, `created_at`, `updated_at`) VALUES (:judul:, :isi:, :penulis:, :created_at:, :updated_at:)', [...], false)
 5 SYSTEMPATH\Model.php(357): CodeIgniter\Database\BaseBuilder->insert()
 6 SYSTEMPATH\BaseModel.php(899): CodeIgniter\Model->doInsert([...])
 7 SYSTEMPATH\Model.php(670): CodeIgniter\BaseModel->insert([...], false)
 8 SYSTEMPATH\BaseModel.php(752): CodeIgniter\Model->insert([...], false)
 9 APPPATH\Controllers\Admin\Refleksi.php(31): CodeIgniter\BaseModel->save([...])
10 SYSTEMPATH\CodeIgniter.php(974): App\Controllers\Admin\Refleksi->simpan()
11 SYSTEMPATH\CodeIgniter.php(520): CodeIgniter\CodeIgniter->runController(Object(App\Controllers\Admin\Refleksi))
12 SYSTEMPATH\CodeIgniter.php(363): CodeIgniter\CodeIgniter->handleRequest(null, Object(Config\Cache), false)
13 SYSTEMPATH\Boot.php(417): CodeIgniter\CodeIgniter->run()
14 SYSTEMPATH\Boot.php(68): CodeIgniter\Boot::runCodeIgniter(Object(CodeIgniter\CodeIgniter))
15 FCPATH\index.php(59): CodeIgniter\Boot::bootWeb(Object(Config\Paths))
DEBUG - 2026-07-27 10:20:20 --> Session: Class initialized using 'CodeIgniter\Session\Handlers\FileHandler' driver.
DEBUG - 2026-07-27 10:20:20 --> Session: Class initialized using 'CodeIgniter\Session\Handlers\FileHandler' driver.
CRITICAL - 2026-07-27 10:20:20 --> ErrorException: Undefined array key "id"
[Method: GET, Route: admin/refleksi]
in APPPATH\Views\admin\refleksi.php on line 91.
 1 APPPATH\Views\admin\refleksi.php(91): CodeIgniter\Debug\Exceptions->errorHandler(2, 'Undefined array key "id"', 'C:\\wamp64\\www\\pw-muhammadiyah\\app\\Views\\admin\\refleksi.php', 91)
 2 SYSTEMPATH\View\View.php(240): include('C:\\wamp64\\www\\pw-muhammadiyah\\app\\Views\\admin\\refleksi.php')
 3 SYSTEMPATH\View\View.php(243): CodeIgniter\View\View->CodeIgniter\View\{closure}()
 4 SYSTEMPATH\Common.php(1268): CodeIgniter\View\View->render('admin/refleksi', [], true)
 5 APPPATH\Controllers\Admin\Refleksi.php(25): view('admin/refleksi', [...])
 6 SYSTEMPATH\CodeIgniter.php(974): App\Controllers\Admin\Refleksi->index()
 7 SYSTEMPATH\CodeIgniter.php(520): CodeIgniter\CodeIgniter->runController(Object(App\Controllers\Admin\Refleksi))
 8 SYSTEMPATH\CodeIgniter.php(363): CodeIgniter\CodeIgniter->handleRequest(null, Object(Config\Cache), false)
 9 SYSTEMPATH\Boot.php(417): CodeIgniter\CodeIgniter->run()
10 SYSTEMPATH\Boot.php(68): CodeIgniter\Boot::runCodeIgniter(Object(CodeIgniter\CodeIgniter))
11 FCPATH\index.php(59): CodeIgniter\Boot::bootWeb(Object(Config\Paths))
DEBUG - 2026-07-27 10:24:45 --> Session: Class initialized using 'CodeIgniter\Session\Handlers\FileHandler' driver.
CRITICAL - 2026-07-27 10:24:45 --> ErrorException: Undefined array key "id"
[Method: GET, Route: admin/refleksi]
in APPPATH\Views\admin\refleksi.php on line 91.
 1 APPPATH\Views\admin\refleksi.php(91): CodeIgniter\Debug\Exceptions->errorHandler(2, 'Undefined array key "id"', 'C:\\wamp64\\www\\pw-muhammadiyah\\app\\Views\\admin\\refleksi.php', 91)
 2 SYSTEMPATH\View\View.php(240): include('C:\\wamp64\\www\\pw-muhammadiyah\\app\\Views\\admin\\refleksi.php')
 3 SYSTEMPATH\View\View.php(243): CodeIgniter\View\View->CodeIgniter\View\{closure}()
 4 SYSTEMPATH\Common.php(1268): CodeIgniter\View\View->render('admin/refleksi', [], true)
 5 APPPATH\Controllers\Admin\Refleksi.php(25): view('admin/refleksi', [...])
 6 SYSTEMPATH\CodeIgniter.php(974): App\Controllers\Admin\Refleksi->index()
 7 SYSTEMPATH\CodeIgniter.php(520): CodeIgniter\CodeIgniter->runController(Object(App\Controllers\Admin\Refleksi))
 8 SYSTEMPATH\CodeIgniter.php(363): CodeIgniter\CodeIgniter->handleRequest(null, Object(Config\Cache), false)
 9 SYSTEMPATH\Boot.php(417): CodeIgniter\CodeIgniter->run()
10 SYSTEMPATH\Boot.php(68): CodeIgniter\Boot::runCodeIgniter(Object(CodeIgniter\CodeIgniter))
11 FCPATH\index.php(59): CodeIgniter\Boot::bootWeb(Object(Config\Paths))
DEBUG - 2026-07-27 10:24:55 --> Session: Class initialized using 'CodeIgniter\Session\Handlers\FileHandler' driver.
CRITICAL - 2026-07-27 10:24:55 --> ErrorException: Undefined array key "id"
[Method: GET, Route: admin/refleksi]
in APPPATH\Views\admin\refleksi.php on line 91.
 1 APPPATH\Views\admin\refleksi.php(91): CodeIgniter\Debug\Exceptions->errorHandler(2, 'Undefined array key "id"', 'C:\\wamp64\\www\\pw-muhammadiyah\\app\\Views\\admin\\refleksi.php', 91)
 2 SYSTEMPATH\View\View.php(240): include('C:\\wamp64\\www\\pw-muhammadiyah\\app\\Views\\admin\\refleksi.php')
 3 SYSTEMPATH\View\View.php(243): CodeIgniter\View\View->CodeIgniter\View\{closure}()
 4 SYSTEMPATH\Common.php(1268): CodeIgniter\View\View->render('admin/refleksi', [], true)
 5 APPPATH\Controllers\Admin\Refleksi.php(25): view('admin/refleksi', [...])
 6 SYSTEMPATH\CodeIgniter.php(974): App\Controllers\Admin\Refleksi->index()
 7 SYSTEMPATH\CodeIgniter.php(520): CodeIgniter\CodeIgniter->runController(Object(App\Controllers\Admin\Refleksi))
 8 SYSTEMPATH\CodeIgniter.php(363): CodeIgniter\CodeIgniter->handleRequest(null, Object(Config\Cache), false)
 9 SYSTEMPATH\Boot.php(417): CodeIgniter\CodeIgniter->run()
10 SYSTEMPATH\Boot.php(68): CodeIgniter\Boot::runCodeIgniter(Object(CodeIgniter\CodeIgniter))
11 FCPATH\index.php(59): CodeIgniter\Boot::bootWeb(Object(Config\Paths))
DEBUG - 2026-07-27 10:24:56 --> Session: Class initialized using 'CodeIgniter\Session\Handlers\FileHandler' driver.
CRITICAL - 2026-07-27 10:24:56 --> ErrorException: Undefined array key "id"
[Method: GET, Route: admin/refleksi]
in APPPATH\Views\admin\refleksi.php on line 91.
 1 APPPATH\Views\admin\refleksi.php(91): CodeIgniter\Debug\Exceptions->errorHandler(2, 'Undefined array key "id"', 'C:\\wamp64\\www\\pw-muhammadiyah\\app\\Views\\admin\\refleksi.php', 91)
 2 SYSTEMPATH\View\View.php(240): include('C:\\wamp64\\www\\pw-muhammadiyah\\app\\Views\\admin\\refleksi.php')
 3 SYSTEMPATH\View\View.php(243): CodeIgniter\View\View->CodeIgniter\View\{closure}()
 4 SYSTEMPATH\Common.php(1268): CodeIgniter\View\View->render('admin/refleksi', [], true)
 5 APPPATH\Controllers\Admin\Refleksi.php(25): view('admin/refleksi', [...])
 6 SYSTEMPATH\CodeIgniter.php(974): App\Controllers\Admin\Refleksi->index()
 7 SYSTEMPATH\CodeIgniter.php(520): CodeIgniter\CodeIgniter->runController(Object(App\Controllers\Admin\Refleksi))
 8 SYSTEMPATH\CodeIgniter.php(363): CodeIgniter\CodeIgniter->handleRequest(null, Object(Config\Cache), false)
 9 SYSTEMPATH\Boot.php(417): CodeIgniter\CodeIgniter->run()
10 SYSTEMPATH\Boot.php(68): CodeIgniter\Boot::runCodeIgniter(Object(CodeIgniter\CodeIgniter))
11 FCPATH\index.php(59): CodeIgniter\Boot::bootWeb(Object(Config\Paths))
DEBUG - 2026-07-27 10:24:58 --> Session: Class initialized using 'CodeIgniter\Session\Handlers\FileHandler' driver.
DEBUG - 2026-07-27 10:25:02 --> Session: Class initialized using 'CodeIgniter\Session\Handlers\FileHandler' driver.
CRITICAL - 2026-07-27 10:25:02 --> ErrorException: Undefined array key "id"
[Method: GET, Route: admin/refleksi]
in APPPATH\Views\admin\refleksi.php on line 91.
 1 APPPATH\Views\admin\refleksi.php(91): CodeIgniter\Debug\Exceptions->errorHandler(2, 'Undefined array key "id"', 'C:\\wamp64\\www\\pw-muhammadiyah\\app\\Views\\admin\\refleksi.php', 91)
 2 SYSTEMPATH\View\View.php(240): include('C:\\wamp64\\www\\pw-muhammadiyah\\app\\Views\\admin\\refleksi.php')
 3 SYSTEMPATH\View\View.php(243): CodeIgniter\View\View->CodeIgniter\View\{closure}()
 4 SYSTEMPATH\Common.php(1268): CodeIgniter\View\View->render('admin/refleksi', [], true)
 5 APPPATH\Controllers\Admin\Refleksi.php(25): view('admin/refleksi', [...])
 6 SYSTEMPATH\CodeIgniter.php(974): App\Controllers\Admin\Refleksi->index()
 7 SYSTEMPATH\CodeIgniter.php(520): CodeIgniter\CodeIgniter->runController(Object(App\Controllers\Admin\Refleksi))
 8 SYSTEMPATH\CodeIgniter.php(363): CodeIgniter\CodeIgniter->handleRequest(null, Object(Config\Cache), false)
 9 SYSTEMPATH\Boot.php(417): CodeIgniter\CodeIgniter->run()
10 SYSTEMPATH\Boot.php(68): CodeIgniter\Boot::runCodeIgniter(Object(CodeIgniter\CodeIgniter))
11 FCPATH\index.php(59): CodeIgniter\Boot::bootWeb(Object(Config\Paths))
DEBUG - 2026-07-27 10:26:07 --> Session: Class initialized using 'CodeIgniter\Session\Handlers\FileHandler' driver.
DEBUG - 2026-07-27 10:26:15 --> Session: Class initialized using 'CodeIgniter\Session\Handlers\FileHandler' driver.
DEBUG - 2026-07-27 10:26:15 --> Session: Class initialized using 'CodeIgniter\Session\Handlers\FileHandler' driver.
DEBUG - 2026-07-27 10:28:23 --> Session: Class initialized using 'CodeIgniter\Session\Handlers\FileHandler' driver.
DEBUG - 2026-07-27 10:28:23 --> Session: Class initialized using 'CodeIgniter\Session\Handlers\FileHandler' driver.
DEBUG - 2026-07-27 12:16:05 --> Session: Class initialized using 'CodeIgniter\Session\Handlers\FileHandler' driver.
DEBUG - 2026-07-27 12:19:41 --> Session: Class initialized using 'CodeIgniter\Session\Handlers\FileHandler' driver.
DEBUG - 2026-07-27 12:19:43 --> Session: Class initialized using 'CodeIgniter\Session\Handlers\FileHandler' driver.
CRITICAL - 2026-07-27 12:32:20 --> CodeIgniter\View\Exceptions\ViewException: Invalid file: "admin/sekolah/index.php"
[Method: GET, Route: admin/sekolah]
in SYSTEMPATH\Exceptions\FrameworkException.php on line 39.
 1 SYSTEMPATH\View\View.php(228): CodeIgniter\Exceptions\FrameworkException::forInvalidFile('admin/sekolah/index.php')
 2 SYSTEMPATH\Common.php(1268): CodeIgniter\View\View->render('admin/sekolah/index', [], true)
 3 APPPATH\Controllers\Admin\Sekolah.php(24): view('admin/sekolah/index', [...])
 4 SYSTEMPATH\CodeIgniter.php(974): App\Controllers\Admin\Sekolah->index()
 5 SYSTEMPATH\CodeIgniter.php(520): CodeIgniter\CodeIgniter->runController(Object(App\Controllers\Admin\Sekolah))
 6 SYSTEMPATH\CodeIgniter.php(363): CodeIgniter\CodeIgniter->handleRequest(null, Object(Config\Cache), false)
 7 SYSTEMPATH\Boot.php(417): CodeIgniter\CodeIgniter->run()
 8 SYSTEMPATH\Boot.php(68): CodeIgniter\Boot::runCodeIgniter(Object(CodeIgniter\CodeIgniter))
 9 FCPATH\index.php(59): CodeIgniter\Boot::bootWeb(Object(Config\Paths))
DEBUG - 2026-07-27 12:34:53 --> Session: Class initialized using 'CodeIgniter\Session\Handlers\FileHandler' driver.
CRITICAL - 2026-07-27 12:35:02 --> CodeIgniter\View\Exceptions\ViewException: Invalid file: "admin/sekolah/tambah.php"
[Method: GET, Route: admin/sekolah/tambah]
in SYSTEMPATH\Exceptions\FrameworkException.php on line 39.
 1 SYSTEMPATH\View\View.php(228): CodeIgniter\Exceptions\FrameworkException::forInvalidFile('admin/sekolah/tambah.php')
 2 SYSTEMPATH\Common.php(1268): CodeIgniter\View\View->render('admin/sekolah/tambah', [], true)
 3 APPPATH\Controllers\Admin\Sekolah.php(33): view('admin/sekolah/tambah', [...])
 4 SYSTEMPATH\CodeIgniter.php(974): App\Controllers\Admin\Sekolah->tambah()
 5 SYSTEMPATH\CodeIgniter.php(520): CodeIgniter\CodeIgniter->runController(Object(App\Controllers\Admin\Sekolah))
 6 SYSTEMPATH\CodeIgniter.php(363): CodeIgniter\CodeIgniter->handleRequest(null, Object(Config\Cache), false)
 7 SYSTEMPATH\Boot.php(417): CodeIgniter\CodeIgniter->run()
 8 SYSTEMPATH\Boot.php(68): CodeIgniter\Boot::runCodeIgniter(Object(CodeIgniter\CodeIgniter))
 9 FCPATH\index.php(59): CodeIgniter\Boot::bootWeb(Object(Config\Paths))
DEBUG - 2026-07-27 12:35:05 --> Session: Class initialized using 'CodeIgniter\Session\Handlers\FileHandler' driver.
DEBUG - 2026-07-27 12:37:15 --> Session: Class initialized using 'CodeIgniter\Session\Handlers\FileHandler' driver.
DEBUG - 2026-07-27 12:37:57 --> Session: Class initialized using 'CodeIgniter\Session\Handlers\FileHandler' driver.
DEBUG - 2026-07-27 12:37:57 --> Session: Class initialized using 'CodeIgniter\Session\Handlers\FileHandler' driver.
DEBUG - 2026-07-27 12:38:04 --> Session: Class initialized using 'CodeIgniter\Session\Handlers\FileHandler' driver.
DEBUG - 2026-07-27 12:39:41 --> Session: Class initialized using 'CodeIgniter\Session\Handlers\FileHandler' driver.
DEBUG - 2026-07-27 12:39:45 --> Session: Class initialized using 'CodeIgniter\Session\Handlers\FileHandler' driver.
DEBUG - 2026-07-27 12:40:10 --> Session: Class initialized using 'CodeIgniter\Session\Handlers\FileHandler' driver.
DEBUG - 2026-07-27 12:40:10 --> Session: Class initialized using 'CodeIgniter\Session\Handlers\FileHandler' driver.
DEBUG - 2026-07-27 12:42:06 --> Session: Class initialized using 'CodeIgniter\Session\Handlers\FileHandler' driver.
DEBUG - 2026-07-27 12:42:13 --> Session: Class initialized using 'CodeIgniter\Session\Handlers\FileHandler' driver.
DEBUG - 2026-07-27 12:42:14 --> Session: Class initialized using 'CodeIgniter\Session\Handlers\FileHandler' driver.
DEBUG - 2026-07-27 12:42:40 --> Session: Class initialized using 'CodeIgniter\Session\Handlers\FileHandler' driver.
DEBUG - 2026-07-27 12:46:57 --> Session: Class initialized using 'CodeIgniter\Session\Handlers\FileHandler' driver.
DEBUG - 2026-07-27 12:49:25 --> Session: Class initialized using 'CodeIgniter\Session\Handlers\FileHandler' driver.
DEBUG - 2026-07-27 13:24:38 --> Session: Class initialized using 'CodeIgniter\Session\Handlers\FileHandler' driver.
ERROR - 2026-07-27 13:26:15 --> Unknown column 'urutan' in 'order clause'
in SYSTEMPATH\Database\MySQLi\Connection.php on line 300.
 1 SYSTEMPATH\Database\MySQLi\Connection.php(300): mysqli->query('SELECT *
FROM `organisasi`
ORDER BY `urutan` ASC', 0)
 2 SYSTEMPATH\Database\BaseConnection.php(908): CodeIgniter\Database\MySQLi\Connection->execute('SELECT *
FROM `organisasi`
ORDER BY `urutan` ASC')
 3 SYSTEMPATH\Database\BaseConnection.php(825): CodeIgniter\Database\BaseConnection->simpleQuery('SELECT *
FROM `organisasi`
ORDER BY `urutan` ASC')
 4 SYSTEMPATH\Database\BaseBuilder.php(1655): CodeIgniter\Database\BaseConnection->query('SELECT *
FROM `organisasi`
ORDER BY `urutan` ASC', [], false)
 5 SYSTEMPATH\Model.php(255): CodeIgniter\Database\BaseBuilder->get()
 6 SYSTEMPATH\BaseModel.php(676): CodeIgniter\Model->doFindAll(0, 0)
 7 APPPATH\Controllers\Admin\Organisasi.php(42): CodeIgniter\BaseModel->findAll()
 8 SYSTEMPATH\CodeIgniter.php(974): App\Controllers\Admin\Organisasi->index()
 9 SYSTEMPATH\CodeIgniter.php(520): CodeIgniter\CodeIgniter->runController(Object(App\Controllers\Admin\Organisasi))
10 SYSTEMPATH\CodeIgniter.php(363): CodeIgniter\CodeIgniter->handleRequest(null, Object(Config\Cache), false)
11 SYSTEMPATH\Boot.php(417): CodeIgniter\CodeIgniter->run()
12 SYSTEMPATH\Boot.php(68): CodeIgniter\Boot::runCodeIgniter(Object(CodeIgniter\CodeIgniter))
13 FCPATH\index.php(59): CodeIgniter\Boot::bootWeb(Object(Config\Paths))
CRITICAL - 2026-07-27 13:26:15 --> CodeIgniter\Database\Exceptions\DatabaseException: Unknown column 'urutan' in 'order clause'
[Method: GET, Route: admin/organisasi]
in SYSTEMPATH\Database\BaseConnection.php on line 863.
 1 SYSTEMPATH\Database\BaseBuilder.php(1655): CodeIgniter\Database\BaseConnection->query('SELECT *
FROM `organisasi`
ORDER BY `urutan` ASC', [], false)
 2 SYSTEMPATH\Model.php(255): CodeIgniter\Database\BaseBuilder->get()
 3 SYSTEMPATH\BaseModel.php(676): CodeIgniter\Model->doFindAll(0, 0)
 4 APPPATH\Controllers\Admin\Organisasi.php(42): CodeIgniter\BaseModel->findAll()
 5 SYSTEMPATH\CodeIgniter.php(974): App\Controllers\Admin\Organisasi->index()
 6 SYSTEMPATH\CodeIgniter.php(520): CodeIgniter\CodeIgniter->runController(Object(App\Controllers\Admin\Organisasi))
 7 SYSTEMPATH\CodeIgniter.php(363): CodeIgniter\CodeIgniter->handleRequest(null, Object(Config\Cache), false)
 8 SYSTEMPATH\Boot.php(417): CodeIgniter\CodeIgniter->run()
 9 SYSTEMPATH\Boot.php(68): CodeIgniter\Boot::runCodeIgniter(Object(CodeIgniter\CodeIgniter))
10 FCPATH\index.php(59): CodeIgniter\Boot::bootWeb(Object(Config\Paths))
CRITICAL - 2026-07-27 13:26:15 --> [Caused by] CodeIgniter\Database\Exceptions\DatabaseException: Unknown column 'urutan' in 'order clause'
in SYSTEMPATH\Database\MySQLi\Connection.php on line 310.
 1 SYSTEMPATH\Database\BaseConnection.php(908): CodeIgniter\Database\MySQLi\Connection->execute('SELECT *
FROM `organisasi`
ORDER BY `urutan` ASC')
 2 SYSTEMPATH\Database\BaseConnection.php(825): CodeIgniter\Database\BaseConnection->simpleQuery('SELECT *
FROM `organisasi`
ORDER BY `urutan` ASC')
 3 SYSTEMPATH\Database\BaseBuilder.php(1655): CodeIgniter\Database\BaseConnection->query('SELECT *
FROM `organisasi`
ORDER BY `urutan` ASC', [], false)
 4 SYSTEMPATH\Model.php(255): CodeIgniter\Database\BaseBuilder->get()
 5 SYSTEMPATH\BaseModel.php(676): CodeIgniter\Model->doFindAll(0, 0)
 6 APPPATH\Controllers\Admin\Organisasi.php(42): CodeIgniter\BaseModel->findAll()
 7 SYSTEMPATH\CodeIgniter.php(974): App\Controllers\Admin\Organisasi->index()
 8 SYSTEMPATH\CodeIgniter.php(520): CodeIgniter\CodeIgniter->runController(Object(App\Controllers\Admin\Organisasi))
 9 SYSTEMPATH\CodeIgniter.php(363): CodeIgniter\CodeIgniter->handleRequest(null, Object(Config\Cache), false)
10 SYSTEMPATH\Boot.php(417): CodeIgniter\CodeIgniter->run()
11 SYSTEMPATH\Boot.php(68): CodeIgniter\Boot::runCodeIgniter(Object(CodeIgniter\CodeIgniter))
12 FCPATH\index.php(59): CodeIgniter\Boot::bootWeb(Object(Config\Paths))
CRITICAL - 2026-07-27 13:26:15 --> [Caused by] mysqli_sql_exception: Unknown column 'urutan' in 'order clause'
in SYSTEMPATH\Database\MySQLi\Connection.php on line 300.
 1 SYSTEMPATH\Database\MySQLi\Connection.php(300): mysqli->query('SELECT *
FROM `organisasi`
ORDER BY `urutan` ASC', 0)
 2 SYSTEMPATH\Database\BaseConnection.php(908): CodeIgniter\Database\MySQLi\Connection->execute('SELECT *
FROM `organisasi`
ORDER BY `urutan` ASC')
 3 SYSTEMPATH\Database\BaseConnection.php(825): CodeIgniter\Database\BaseConnection->simpleQuery('SELECT *
FROM `organisasi`
ORDER BY `urutan` ASC')
 4 SYSTEMPATH\Database\BaseBuilder.php(1655): CodeIgniter\Database\BaseConnection->query('SELECT *
FROM `organisasi`
ORDER BY `urutan` ASC', [], false)
 5 SYSTEMPATH\Model.php(255): CodeIgniter\Database\BaseBuilder->get()
 6 SYSTEMPATH\BaseModel.php(676): CodeIgniter\Model->doFindAll(0, 0)
 7 APPPATH\Controllers\Admin\Organisasi.php(42): CodeIgniter\BaseModel->findAll()
 8 SYSTEMPATH\CodeIgniter.php(974): App\Controllers\Admin\Organisasi->index()
 9 SYSTEMPATH\CodeIgniter.php(520): CodeIgniter\CodeIgniter->runController(Object(App\Controllers\Admin\Organisasi))
10 SYSTEMPATH\CodeIgniter.php(363): CodeIgniter\CodeIgniter->handleRequest(null, Object(Config\Cache), false)
11 SYSTEMPATH\Boot.php(417): CodeIgniter\CodeIgniter->run()
12 SYSTEMPATH\Boot.php(68): CodeIgniter\Boot::runCodeIgniter(Object(CodeIgniter\CodeIgniter))
13 FCPATH\index.php(59): CodeIgniter\Boot::bootWeb(Object(Config\Paths))
ERROR - 2026-07-27 13:29:15 --> Unknown column 'urutan' in 'order clause'
in SYSTEMPATH\Database\MySQLi\Connection.php on line 300.
 1 SYSTEMPATH\Database\MySQLi\Connection.php(300): mysqli->query('SELECT *
FROM `organisasi`
ORDER BY `urutan` ASC', 0)
 2 SYSTEMPATH\Database\BaseConnection.php(908): CodeIgniter\Database\MySQLi\Connection->execute('SELECT *
FROM `organisasi`
ORDER BY `urutan` ASC')
 3 SYSTEMPATH\Database\BaseConnection.php(825): CodeIgniter\Database\BaseConnection->simpleQuery('SELECT *
FROM `organisasi`
ORDER BY `urutan` ASC')
 4 SYSTEMPATH\Database\BaseBuilder.php(1655): CodeIgniter\Database\BaseConnection->query('SELECT *
FROM `organisasi`
ORDER BY `urutan` ASC', [], false)
 5 SYSTEMPATH\Model.php(255): CodeIgniter\Database\BaseBuilder->get()
 6 SYSTEMPATH\BaseModel.php(676): CodeIgniter\Model->doFindAll(0, 0)
 7 APPPATH\Controllers\Admin\Organisasi.php(42): CodeIgniter\BaseModel->findAll()
 8 SYSTEMPATH\CodeIgniter.php(974): App\Controllers\Admin\Organisasi->index()
 9 SYSTEMPATH\CodeIgniter.php(520): CodeIgniter\CodeIgniter->runController(Object(App\Controllers\Admin\Organisasi))
10 SYSTEMPATH\CodeIgniter.php(363): CodeIgniter\CodeIgniter->handleRequest(null, Object(Config\Cache), false)
11 SYSTEMPATH\Boot.php(417): CodeIgniter\CodeIgniter->run()
12 SYSTEMPATH\Boot.php(68): CodeIgniter\Boot::runCodeIgniter(Object(CodeIgniter\CodeIgniter))
13 FCPATH\index.php(59): CodeIgniter\Boot::bootWeb(Object(Config\Paths))
CRITICAL - 2026-07-27 13:29:15 --> CodeIgniter\Database\Exceptions\DatabaseException: Unknown column 'urutan' in 'order clause'
[Method: GET, Route: admin/organisasi]
in SYSTEMPATH\Database\BaseConnection.php on line 863.
 1 SYSTEMPATH\Database\BaseBuilder.php(1655): CodeIgniter\Database\BaseConnection->query('SELECT *
FROM `organisasi`
ORDER BY `urutan` ASC', [], false)
 2 SYSTEMPATH\Model.php(255): CodeIgniter\Database\BaseBuilder->get()
 3 SYSTEMPATH\BaseModel.php(676): CodeIgniter\Model->doFindAll(0, 0)
 4 APPPATH\Controllers\Admin\Organisasi.php(42): CodeIgniter\BaseModel->findAll()
 5 SYSTEMPATH\CodeIgniter.php(974): App\Controllers\Admin\Organisasi->index()
 6 SYSTEMPATH\CodeIgniter.php(520): CodeIgniter\CodeIgniter->runController(Object(App\Controllers\Admin\Organisasi))
 7 SYSTEMPATH\CodeIgniter.php(363): CodeIgniter\CodeIgniter->handleRequest(null, Object(Config\Cache), false)
 8 SYSTEMPATH\Boot.php(417): CodeIgniter\CodeIgniter->run()
 9 SYSTEMPATH\Boot.php(68): CodeIgniter\Boot::runCodeIgniter(Object(CodeIgniter\CodeIgniter))
10 FCPATH\index.php(59): CodeIgniter\Boot::bootWeb(Object(Config\Paths))
CRITICAL - 2026-07-27 13:29:15 --> [Caused by] CodeIgniter\Database\Exceptions\DatabaseException: Unknown column 'urutan' in 'order clause'
in SYSTEMPATH\Database\MySQLi\Connection.php on line 310.
 1 SYSTEMPATH\Database\BaseConnection.php(908): CodeIgniter\Database\MySQLi\Connection->execute('SELECT *
FROM `organisasi`
ORDER BY `urutan` ASC')
 2 SYSTEMPATH\Database\BaseConnection.php(825): CodeIgniter\Database\BaseConnection->simpleQuery('SELECT *
FROM `organisasi`
ORDER BY `urutan` ASC')
 3 SYSTEMPATH\Database\BaseBuilder.php(1655): CodeIgniter\Database\BaseConnection->query('SELECT *
FROM `organisasi`
ORDER BY `urutan` ASC', [], false)
 4 SYSTEMPATH\Model.php(255): CodeIgniter\Database\BaseBuilder->get()
 5 SYSTEMPATH\BaseModel.php(676): CodeIgniter\Model->doFindAll(0, 0)
 6 APPPATH\Controllers\Admin\Organisasi.php(42): CodeIgniter\BaseModel->findAll()
 7 SYSTEMPATH\CodeIgniter.php(974): App\Controllers\Admin\Organisasi->index()
 8 SYSTEMPATH\CodeIgniter.php(520): CodeIgniter\CodeIgniter->runController(Object(App\Controllers\Admin\Organisasi))
 9 SYSTEMPATH\CodeIgniter.php(363): CodeIgniter\CodeIgniter->handleRequest(null, Object(Config\Cache), false)
10 SYSTEMPATH\Boot.php(417): CodeIgniter\CodeIgniter->run()
11 SYSTEMPATH\Boot.php(68): CodeIgniter\Boot::runCodeIgniter(Object(CodeIgniter\CodeIgniter))
12 FCPATH\index.php(59): CodeIgniter\Boot::bootWeb(Object(Config\Paths))
CRITICAL - 2026-07-27 13:29:15 --> [Caused by] mysqli_sql_exception: Unknown column 'urutan' in 'order clause'
in SYSTEMPATH\Database\MySQLi\Connection.php on line 300.
 1 SYSTEMPATH\Database\MySQLi\Connection.php(300): mysqli->query('SELECT *
FROM `organisasi`
ORDER BY `urutan` ASC', 0)
 2 SYSTEMPATH\Database\BaseConnection.php(908): CodeIgniter\Database\MySQLi\Connection->execute('SELECT *
FROM `organisasi`
ORDER BY `urutan` ASC')
 3 SYSTEMPATH\Database\BaseConnection.php(825): CodeIgniter\Database\BaseConnection->simpleQuery('SELECT *
FROM `organisasi`
ORDER BY `urutan` ASC')
 4 SYSTEMPATH\Database\BaseBuilder.php(1655): CodeIgniter\Database\BaseConnection->query('SELECT *
FROM `organisasi`
ORDER BY `urutan` ASC', [], false)
 5 SYSTEMPATH\Model.php(255): CodeIgniter\Database\BaseBuilder->get()
 6 SYSTEMPATH\BaseModel.php(676): CodeIgniter\Model->doFindAll(0, 0)
 7 APPPATH\Controllers\Admin\Organisasi.php(42): CodeIgniter\BaseModel->findAll()
 8 SYSTEMPATH\CodeIgniter.php(974): App\Controllers\Admin\Organisasi->index()
 9 SYSTEMPATH\CodeIgniter.php(520): CodeIgniter\CodeIgniter->runController(Object(App\Controllers\Admin\Organisasi))
10 SYSTEMPATH\CodeIgniter.php(363): CodeIgniter\CodeIgniter->handleRequest(null, Object(Config\Cache), false)
11 SYSTEMPATH\Boot.php(417): CodeIgniter\CodeIgniter->run()
12 SYSTEMPATH\Boot.php(68): CodeIgniter\Boot::runCodeIgniter(Object(CodeIgniter\CodeIgniter))
13 FCPATH\index.php(59): CodeIgniter\Boot::bootWeb(Object(Config\Paths))
DEBUG - 2026-07-27 13:30:39 --> Session: Class initialized using 'CodeIgniter\Session\Handlers\FileHandler' driver.
ERROR - 2026-07-27 13:34:55 --> Unknown column 'nama' in 'field list'
in SYSTEMPATH\Database\MySQLi\Connection.php on line 300.
 1 SYSTEMPATH\Database\MySQLi\Connection.php(300): mysqli->query('INSERT INTO `organisasi` (`nama`, `jabatan`, `kategori`, `periode`, `urutan`, `status`, `deskripsi`, `created_at`, `updated_at`) VALUES (\'ffewfe\', \'sfsff\', \'Pimpinan Harian\', \'2022 - 2027\', \'1\', \'Aktif\', \'fddfsddffae\', \'2026-07-27 13:34:55\', \'2026-07-27 13:34:55\')', 0)
 2 SYSTEMPATH\Database\BaseConnection.php(908): CodeIgniter\Database\MySQLi\Connection->execute('INSERT INTO `organisasi` (`nama`, `jabatan`, `kategori`, `periode`, `urutan`, `status`, `deskripsi`, `created_at`, `updated_at`) VALUES (\'ffewfe\', \'sfsff\', \'Pimpinan Harian\', \'2022 - 2027\', \'1\', \'Aktif\', \'fddfsddffae\', \'2026-07-27 13:34:55\', \'2026-07-27 13:34:55\')')
 3 SYSTEMPATH\Database\BaseConnection.php(825): CodeIgniter\Database\BaseConnection->simpleQuery('INSERT INTO `organisasi` (`nama`, `jabatan`, `kategori`, `periode`, `urutan`, `status`, `deskripsi`, `created_at`, `updated_at`) VALUES (\'ffewfe\', \'sfsff\', \'Pimpinan Harian\', \'2022 - 2027\', \'1\', \'Aktif\', \'fddfsddffae\', \'2026-07-27 13:34:55\', \'2026-07-27 13:34:55\')')
 4 SYSTEMPATH\Database\BaseBuilder.php(2351): CodeIgniter\Database\BaseConnection->query('INSERT INTO `organisasi` (`nama`, `jabatan`, `kategori`, `periode`, `urutan`, `status`, `deskripsi`, `created_at`, `updated_at`) VALUES (:nama:, :jabatan:, :kategori:, :periode:, :urutan:, :status:, :deskripsi:, :created_at:, :updated_at:)', [...], false)
 5 SYSTEMPATH\Model.php(357): CodeIgniter\Database\BaseBuilder->insert()
 6 SYSTEMPATH\BaseModel.php(899): CodeIgniter\Model->doInsert([...])
 7 SYSTEMPATH\Model.php(670): CodeIgniter\BaseModel->insert([...], false)
 8 SYSTEMPATH\BaseModel.php(752): CodeIgniter\Model->insert([...], false)
 9 APPPATH\Controllers\Admin\Organisasi.php(69): CodeIgniter\BaseModel->save([...])
10 SYSTEMPATH\CodeIgniter.php(974): App\Controllers\Admin\Organisasi->simpan()
11 SYSTEMPATH\CodeIgniter.php(520): CodeIgniter\CodeIgniter->runController(Object(App\Controllers\Admin\Organisasi))
12 SYSTEMPATH\CodeIgniter.php(363): CodeIgniter\CodeIgniter->handleRequest(null, Object(Config\Cache), false)
13 SYSTEMPATH\Boot.php(417): CodeIgniter\CodeIgniter->run()
14 SYSTEMPATH\Boot.php(68): CodeIgniter\Boot::runCodeIgniter(Object(CodeIgniter\CodeIgniter))
15 FCPATH\index.php(59): CodeIgniter\Boot::bootWeb(Object(Config\Paths))
CRITICAL - 2026-07-27 13:34:55 --> CodeIgniter\Database\Exceptions\DatabaseException: Unknown column 'nama' in 'field list'
[Method: POST, Route: admin/profil/organisasi/simpan]
in SYSTEMPATH\Database\BaseConnection.php on line 863.
 1 SYSTEMPATH\Database\BaseBuilder.php(2351): CodeIgniter\Database\BaseConnection->query('INSERT INTO `organisasi` (`nama`, `jabatan`, `kategori`, `periode`, `urutan`, `status`, `deskripsi`, `created_at`, `updated_at`) VALUES (:nama:, :jabatan:, :kategori:, :periode:, :urutan:, :status:, :deskripsi:, :created_at:, :updated_at:)', [...], false)
 2 SYSTEMPATH\Model.php(357): CodeIgniter\Database\BaseBuilder->insert()
 3 SYSTEMPATH\BaseModel.php(899): CodeIgniter\Model->doInsert([...])
 4 SYSTEMPATH\Model.php(670): CodeIgniter\BaseModel->insert([...], false)
 5 SYSTEMPATH\BaseModel.php(752): CodeIgniter\Model->insert([...], false)
 6 APPPATH\Controllers\Admin\Organisasi.php(69): CodeIgniter\BaseModel->save([...])
 7 SYSTEMPATH\CodeIgniter.php(974): App\Controllers\Admin\Organisasi->simpan()
 8 SYSTEMPATH\CodeIgniter.php(520): CodeIgniter\CodeIgniter->runController(Object(App\Controllers\Admin\Organisasi))
 9 SYSTEMPATH\CodeIgniter.php(363): CodeIgniter\CodeIgniter->handleRequest(null, Object(Config\Cache), false)
10 SYSTEMPATH\Boot.php(417): CodeIgniter\CodeIgniter->run()
11 SYSTEMPATH\Boot.php(68): CodeIgniter\Boot::runCodeIgniter(Object(CodeIgniter\CodeIgniter))
12 FCPATH\index.php(59): CodeIgniter\Boot::bootWeb(Object(Config\Paths))
CRITICAL - 2026-07-27 13:34:55 --> [Caused by] CodeIgniter\Database\Exceptions\DatabaseException: Unknown column 'nama' in 'field list'
in SYSTEMPATH\Database\MySQLi\Connection.php on line 310.
 1 SYSTEMPATH\Database\BaseConnection.php(908): CodeIgniter\Database\MySQLi\Connection->execute('INSERT INTO `organisasi` (`nama`, `jabatan`, `kategori`, `periode`, `urutan`, `status`, `deskripsi`, `created_at`, `updated_at`) VALUES (\'ffewfe\', \'sfsff\', \'Pimpinan Harian\', \'2022 - 2027\', \'1\', \'Aktif\', \'fddfsddffae\', \'2026-07-27 13:34:55\', \'2026-07-27 13:34:55\')')
 2 SYSTEMPATH\Database\BaseConnection.php(825): CodeIgniter\Database\BaseConnection->simpleQuery('INSERT INTO `organisasi` (`nama`, `jabatan`, `kategori`, `periode`, `urutan`, `status`, `deskripsi`, `created_at`, `updated_at`) VALUES (\'ffewfe\', \'sfsff\', \'Pimpinan Harian\', \'2022 - 2027\', \'1\', \'Aktif\', \'fddfsddffae\', \'2026-07-27 13:34:55\', \'2026-07-27 13:34:55\')')
 3 SYSTEMPATH\Database\BaseBuilder.php(2351): CodeIgniter\Database\BaseConnection->query('INSERT INTO `organisasi` (`nama`, `jabatan`, `kategori`, `periode`, `urutan`, `status`, `deskripsi`, `created_at`, `updated_at`) VALUES (:nama:, :jabatan:, :kategori:, :periode:, :urutan:, :status:, :deskripsi:, :created_at:, :updated_at:)', [...], false)
 4 SYSTEMPATH\Model.php(357): CodeIgniter\Database\BaseBuilder->insert()
 5 SYSTEMPATH\BaseModel.php(899): CodeIgniter\Model->doInsert([...])
 6 SYSTEMPATH\Model.php(670): CodeIgniter\BaseModel->insert([...], false)
 7 SYSTEMPATH\BaseModel.php(752): CodeIgniter\Model->insert([...], false)
 8 APPPATH\Controllers\Admin\Organisasi.php(69): CodeIgniter\BaseModel->save([...])
 9 SYSTEMPATH\CodeIgniter.php(974): App\Controllers\Admin\Organisasi->simpan()
10 SYSTEMPATH\CodeIgniter.php(520): CodeIgniter\CodeIgniter->runController(Object(App\Controllers\Admin\Organisasi))
11 SYSTEMPATH\CodeIgniter.php(363): CodeIgniter\CodeIgniter->handleRequest(null, Object(Config\Cache), false)
12 SYSTEMPATH\Boot.php(417): CodeIgniter\CodeIgniter->run()
13 SYSTEMPATH\Boot.php(68): CodeIgniter\Boot::runCodeIgniter(Object(CodeIgniter\CodeIgniter))
14 FCPATH\index.php(59): CodeIgniter\Boot::bootWeb(Object(Config\Paths))
CRITICAL - 2026-07-27 13:34:55 --> [Caused by] mysqli_sql_exception: Unknown column 'nama' in 'field list'
in SYSTEMPATH\Database\MySQLi\Connection.php on line 300.
 1 SYSTEMPATH\Database\MySQLi\Connection.php(300): mysqli->query('INSERT INTO `organisasi` (`nama`, `jabatan`, `kategori`, `periode`, `urutan`, `status`, `deskripsi`, `created_at`, `updated_at`) VALUES (\'ffewfe\', \'sfsff\', \'Pimpinan Harian\', \'2022 - 2027\', \'1\', \'Aktif\', \'fddfsddffae\', \'2026-07-27 13:34:55\', \'2026-07-27 13:34:55\')', 0)
 2 SYSTEMPATH\Database\BaseConnection.php(908): CodeIgniter\Database\MySQLi\Connection->execute('INSERT INTO `organisasi` (`nama`, `jabatan`, `kategori`, `periode`, `urutan`, `status`, `deskripsi`, `created_at`, `updated_at`) VALUES (\'ffewfe\', \'sfsff\', \'Pimpinan Harian\', \'2022 - 2027\', \'1\', \'Aktif\', \'fddfsddffae\', \'2026-07-27 13:34:55\', \'2026-07-27 13:34:55\')')
 3 SYSTEMPATH\Database\BaseConnection.php(825): CodeIgniter\Database\BaseConnection->simpleQuery('INSERT INTO `organisasi` (`nama`, `jabatan`, `kategori`, `periode`, `urutan`, `status`, `deskripsi`, `created_at`, `updated_at`) VALUES (\'ffewfe\', \'sfsff\', \'Pimpinan Harian\', \'2022 - 2027\', \'1\', \'Aktif\', \'fddfsddffae\', \'2026-07-27 13:34:55\', \'2026-07-27 13:34:55\')')
 4 SYSTEMPATH\Database\BaseBuilder.php(2351): CodeIgniter\Database\BaseConnection->query('INSERT INTO `organisasi` (`nama`, `jabatan`, `kategori`, `periode`, `urutan`, `status`, `deskripsi`, `created_at`, `updated_at`) VALUES (:nama:, :jabatan:, :kategori:, :periode:, :urutan:, :status:, :deskripsi:, :created_at:, :updated_at:)', [...], false)
 5 SYSTEMPATH\Model.php(357): CodeIgniter\Database\BaseBuilder->insert()
 6 SYSTEMPATH\BaseModel.php(899): CodeIgniter\Model->doInsert([...])
 7 SYSTEMPATH\Model.php(670): CodeIgniter\BaseModel->insert([...], false)
 8 SYSTEMPATH\BaseModel.php(752): CodeIgniter\Model->insert([...], false)
 9 APPPATH\Controllers\Admin\Organisasi.php(69): CodeIgniter\BaseModel->save([...])
10 SYSTEMPATH\CodeIgniter.php(974): App\Controllers\Admin\Organisasi->simpan()
11 SYSTEMPATH\CodeIgniter.php(520): CodeIgniter\CodeIgniter->runController(Object(App\Controllers\Admin\Organisasi))
12 SYSTEMPATH\CodeIgniter.php(363): CodeIgniter\CodeIgniter->handleRequest(null, Object(Config\Cache), false)
13 SYSTEMPATH\Boot.php(417): CodeIgniter\CodeIgniter->run()
14 SYSTEMPATH\Boot.php(68): CodeIgniter\Boot::runCodeIgniter(Object(CodeIgniter\CodeIgniter))
15 FCPATH\index.php(59): CodeIgniter\Boot::bootWeb(Object(Config\Paths))
DEBUG - 2026-07-27 13:35:38 --> Session: Class initialized using 'CodeIgniter\Session\Handlers\FileHandler' driver.
DEBUG - 2026-07-27 13:39:47 --> Session: Class initialized using 'CodeIgniter\Session\Handlers\FileHandler' driver.
DEBUG - 2026-07-27 13:41:55 --> Session: Class initialized using 'CodeIgniter\Session\Handlers\FileHandler' driver.
DEBUG - 2026-07-27 13:41:55 --> Session: Class initialized using 'CodeIgniter\Session\Handlers\FileHandler' driver.
DEBUG - 2026-07-27 13:43:52 --> Session: Class initialized using 'CodeIgniter\Session\Handlers\FileHandler' driver.
DEBUG - 2026-07-27 13:44:04 --> Session: Class initialized using 'CodeIgniter\Session\Handlers\FileHandler' driver.
DEBUG - 2026-07-27 13:44:04 --> Session: Class initialized using 'CodeIgniter\Session\Handlers\FileHandler' driver.
DEBUG - 2026-07-27 13:48:04 --> Session: Class initialized using 'CodeIgniter\Session\Handlers\FileHandler' driver.
DEBUG - 2026-07-27 13:48:18 --> Session: Class initialized using 'CodeIgniter\Session\Handlers\FileHandler' driver.
DEBUG - 2026-07-27 13:48:18 --> Session: Class initialized using 'CodeIgniter\Session\Handlers\FileHandler' driver.
DEBUG - 2026-07-27 13:48:26 --> Session: Class initialized using 'CodeIgniter\Session\Handlers\FileHandler' driver.
ERROR - 2026-07-27 14:09:54 --> Table 'db_pwmuhammadiyah.majelis' doesn't exist
in SYSTEMPATH\Database\MySQLi\Connection.php on line 300.
 1 SYSTEMPATH\Database\MySQLi\Connection.php(300): mysqli->query('SELECT *
FROM `majelis`', 0)
 2 SYSTEMPATH\Database\BaseConnection.php(908): CodeIgniter\Database\MySQLi\Connection->execute('SELECT *
FROM `majelis`')
 3 SYSTEMPATH\Database\BaseConnection.php(825): CodeIgniter\Database\BaseConnection->simpleQuery('SELECT *
FROM `majelis`')
 4 SYSTEMPATH\Database\BaseBuilder.php(1655): CodeIgniter\Database\BaseConnection->query('SELECT *
FROM `majelis`', [], false)
 5 SYSTEMPATH\Model.php(255): CodeIgniter\Database\BaseBuilder->get()
 6 SYSTEMPATH\BaseModel.php(676): CodeIgniter\Model->doFindAll(0, 0)
 7 APPPATH\Controllers\Admin\Majelis.php(21): CodeIgniter\BaseModel->findAll()
 8 SYSTEMPATH\CodeIgniter.php(974): App\Controllers\Admin\Majelis->index()
 9 SYSTEMPATH\CodeIgniter.php(520): CodeIgniter\CodeIgniter->runController(Object(App\Controllers\Admin\Majelis))
10 SYSTEMPATH\CodeIgniter.php(363): CodeIgniter\CodeIgniter->handleRequest(null, Object(Config\Cache), false)
11 SYSTEMPATH\Boot.php(417): CodeIgniter\CodeIgniter->run()
12 SYSTEMPATH\Boot.php(68): CodeIgniter\Boot::runCodeIgniter(Object(CodeIgniter\CodeIgniter))
13 FCPATH\index.php(59): CodeIgniter\Boot::bootWeb(Object(Config\Paths))
CRITICAL - 2026-07-27 14:09:54 --> CodeIgniter\Database\Exceptions\DatabaseException: Table 'db_pwmuhammadiyah.majelis' doesn't exist
[Method: GET, Route: admin/majelis]
in SYSTEMPATH\Database\BaseConnection.php on line 863.
 1 SYSTEMPATH\Database\BaseBuilder.php(1655): CodeIgniter\Database\BaseConnection->query('SELECT *
FROM `majelis`', [], false)
 2 SYSTEMPATH\Model.php(255): CodeIgniter\Database\BaseBuilder->get()
 3 SYSTEMPATH\BaseModel.php(676): CodeIgniter\Model->doFindAll(0, 0)
 4 APPPATH\Controllers\Admin\Majelis.php(21): CodeIgniter\BaseModel->findAll()
 5 SYSTEMPATH\CodeIgniter.php(974): App\Controllers\Admin\Majelis->index()
 6 SYSTEMPATH\CodeIgniter.php(520): CodeIgniter\CodeIgniter->runController(Object(App\Controllers\Admin\Majelis))
 7 SYSTEMPATH\CodeIgniter.php(363): CodeIgniter\CodeIgniter->handleRequest(null, Object(Config\Cache), false)
 8 SYSTEMPATH\Boot.php(417): CodeIgniter\CodeIgniter->run()
 9 SYSTEMPATH\Boot.php(68): CodeIgniter\Boot::runCodeIgniter(Object(CodeIgniter\CodeIgniter))
10 FCPATH\index.php(59): CodeIgniter\Boot::bootWeb(Object(Config\Paths))
CRITICAL - 2026-07-27 14:09:54 --> [Caused by] CodeIgniter\Database\Exceptions\DatabaseException: Table 'db_pwmuhammadiyah.majelis' doesn't exist
in SYSTEMPATH\Database\MySQLi\Connection.php on line 310.
 1 SYSTEMPATH\Database\BaseConnection.php(908): CodeIgniter\Database\MySQLi\Connection->execute('SELECT *
FROM `majelis`')
 2 SYSTEMPATH\Database\BaseConnection.php(825): CodeIgniter\Database\BaseConnection->simpleQuery('SELECT *
FROM `majelis`')
 3 SYSTEMPATH\Database\BaseBuilder.php(1655): CodeIgniter\Database\BaseConnection->query('SELECT *
FROM `majelis`', [], false)
 4 SYSTEMPATH\Model.php(255): CodeIgniter\Database\BaseBuilder->get()
 5 SYSTEMPATH\BaseModel.php(676): CodeIgniter\Model->doFindAll(0, 0)
 6 APPPATH\Controllers\Admin\Majelis.php(21): CodeIgniter\BaseModel->findAll()
 7 SYSTEMPATH\CodeIgniter.php(974): App\Controllers\Admin\Majelis->index()
 8 SYSTEMPATH\CodeIgniter.php(520): CodeIgniter\CodeIgniter->runController(Object(App\Controllers\Admin\Majelis))
 9 SYSTEMPATH\CodeIgniter.php(363): CodeIgniter\CodeIgniter->handleRequest(null, Object(Config\Cache), false)
10 SYSTEMPATH\Boot.php(417): CodeIgniter\CodeIgniter->run()
11 SYSTEMPATH\Boot.php(68): CodeIgniter\Boot::runCodeIgniter(Object(CodeIgniter\CodeIgniter))
12 FCPATH\index.php(59): CodeIgniter\Boot::bootWeb(Object(Config\Paths))
CRITICAL - 2026-07-27 14:09:54 --> [Caused by] mysqli_sql_exception: Table 'db_pwmuhammadiyah.majelis' doesn't exist
in SYSTEMPATH\Database\MySQLi\Connection.php on line 300.
 1 SYSTEMPATH\Database\MySQLi\Connection.php(300): mysqli->query('SELECT *
FROM `majelis`', 0)
 2 SYSTEMPATH\Database\BaseConnection.php(908): CodeIgniter\Database\MySQLi\Connection->execute('SELECT *
FROM `majelis`')
 3 SYSTEMPATH\Database\BaseConnection.php(825): CodeIgniter\Database\BaseConnection->simpleQuery('SELECT *
FROM `majelis`')
 4 SYSTEMPATH\Database\BaseBuilder.php(1655): CodeIgniter\Database\BaseConnection->query('SELECT *
FROM `majelis`', [], false)
 5 SYSTEMPATH\Model.php(255): CodeIgniter\Database\BaseBuilder->get()
 6 SYSTEMPATH\BaseModel.php(676): CodeIgniter\Model->doFindAll(0, 0)
 7 APPPATH\Controllers\Admin\Majelis.php(21): CodeIgniter\BaseModel->findAll()
 8 SYSTEMPATH\CodeIgniter.php(974): App\Controllers\Admin\Majelis->index()
 9 SYSTEMPATH\CodeIgniter.php(520): CodeIgniter\CodeIgniter->runController(Object(App\Controllers\Admin\Majelis))
10 SYSTEMPATH\CodeIgniter.php(363): CodeIgniter\CodeIgniter->handleRequest(null, Object(Config\Cache), false)
11 SYSTEMPATH\Boot.php(417): CodeIgniter\CodeIgniter->run()
12 SYSTEMPATH\Boot.php(68): CodeIgniter\Boot::runCodeIgniter(Object(CodeIgniter\CodeIgniter))
13 FCPATH\index.php(59): CodeIgniter\Boot::bootWeb(Object(Config\Paths))
DEBUG - 2026-07-27 14:12:00 --> Session: Class initialized using 'CodeIgniter\Session\Handlers\FileHandler' driver.
DEBUG - 2026-07-27 14:12:34 --> Session: Class initialized using 'CodeIgniter\Session\Handlers\FileHandler' driver.
DEBUG - 2026-07-27 14:12:34 --> Session: Class initialized using 'CodeIgniter\Session\Handlers\FileHandler' driver.
DEBUG - 2026-07-27 14:13:45 --> Session: Class initialized using 'CodeIgniter\Session\Handlers\FileHandler' driver.
DEBUG - 2026-07-27 14:14:11 --> Session: Class initialized using 'CodeIgniter\Session\Handlers\FileHandler' driver.
DEBUG - 2026-07-27 14:14:11 --> Session: Class initialized using 'CodeIgniter\Session\Handlers\FileHandler' driver.
DEBUG - 2026-07-27 14:15:38 --> Session: Class initialized using 'CodeIgniter\Session\Handlers\FileHandler' driver.
DEBUG - 2026-07-27 14:16:06 --> Session: Class initialized using 'CodeIgniter\Session\Handlers\FileHandler' driver.
DEBUG - 2026-07-27 14:16:12 --> Session: Class initialized using 'CodeIgniter\Session\Handlers\FileHandler' driver.
DEBUG - 2026-07-27 14:18:08 --> Session: Class initialized using 'CodeIgniter\Session\Handlers\FileHandler' driver.
DEBUG - 2026-07-27 14:18:18 --> Session: Class initialized using 'CodeIgniter\Session\Handlers\FileHandler' driver.
DEBUG - 2026-07-27 14:18:26 --> Session: Class initialized using 'CodeIgniter\Session\Handlers\FileHandler' driver.
DEBUG - 2026-07-27 14:18:27 --> Session: Class initialized using 'CodeIgniter\Session\Handlers\FileHandler' driver.
DEBUG - 2026-07-27 14:19:25 --> Session: Class initialized using 'CodeIgniter\Session\Handlers\FileHandler' driver.
DEBUG - 2026-07-27 14:25:37 --> Session: Class initialized using 'CodeIgniter\Session\Handlers\FileHandler' driver.
DEBUG - 2026-07-27 14:25:41 --> Session: Class initialized using 'CodeIgniter\Session\Handlers\FileHandler' driver.
CRITICAL - 2026-07-27 14:25:41 --> CodeIgniter\View\Exceptions\ViewException: Invalid file: "layout/template.php"
[Method: GET, Route: admin/ortom]
in SYSTEMPATH\Exceptions\FrameworkException.php on line 39.
 1 SYSTEMPATH\View\View.php(228): CodeIgniter\Exceptions\FrameworkException::forInvalidFile('layout/template.php')
 2 SYSTEMPATH\View\View.php(256): CodeIgniter\View\View->render('layout/template', [], true)
 3 SYSTEMPATH\Common.php(1268): CodeIgniter\View\View->render('admin/ortom/index', [], true)
 4 APPPATH\Controllers\Admin\Ortom.php(24): view('admin/ortom/index', [...])
 5 SYSTEMPATH\CodeIgniter.php(974): App\Controllers\Admin\Ortom->index()
 6 SYSTEMPATH\CodeIgniter.php(520): CodeIgniter\CodeIgniter->runController(Object(App\Controllers\Admin\Ortom))
 7 SYSTEMPATH\CodeIgniter.php(363): CodeIgniter\CodeIgniter->handleRequest(null, Object(Config\Cache), false)
 8 SYSTEMPATH\Boot.php(417): CodeIgniter\CodeIgniter->run()
 9 SYSTEMPATH\Boot.php(68): CodeIgniter\Boot::runCodeIgniter(Object(CodeIgniter\CodeIgniter))
10 FCPATH\index.php(59): CodeIgniter\Boot::bootWeb(Object(Config\Paths))
DEBUG - 2026-07-27 14:28:38 --> Session: Class initialized using 'CodeIgniter\Session\Handlers\FileHandler' driver.
DEBUG - 2026-07-27 14:29:05 --> Session: Class initialized using 'CodeIgniter\Session\Handlers\FileHandler' driver.
DEBUG - 2026-07-27 14:29:05 --> Session: Class initialized using 'CodeIgniter\Session\Handlers\FileHandler' driver.
DEBUG - 2026-07-27 14:31:23 --> Session: Class initialized using 'CodeIgniter\Session\Handlers\FileHandler' driver.
DEBUG - 2026-07-27 14:31:42 --> Session: Class initialized using 'CodeIgniter\Session\Handlers\FileHandler' driver.
DEBUG - 2026-07-27 14:31:42 --> Session: Class initialized using 'CodeIgniter\Session\Handlers\FileHandler' driver.
DEBUG - 2026-07-27 14:32:57 --> Session: Class initialized using 'CodeIgniter\Session\Handlers\FileHandler' driver.
DEBUG - 2026-07-27 14:33:11 --> Session: Class initialized using 'CodeIgniter\Session\Handlers\FileHandler' driver.
DEBUG - 2026-07-27 14:33:11 --> Session: Class initialized using 'CodeIgniter\Session\Handlers\FileHandler' driver.
DEBUG - 2026-07-27 14:35:48 --> Session: Class initialized using 'CodeIgniter\Session\Handlers\FileHandler' driver.
DEBUG - 2026-07-27 14:35:53 --> Session: Class initialized using 'CodeIgniter\Session\Handlers\FileHandler' driver.
DEBUG - 2026-07-27 14:43:26 --> Session: Class initialized using 'CodeIgniter\Session\Handlers\FileHandler' driver.
DEBUG - 2026-07-27 14:43:57 --> Session: Class initialized using 'CodeIgniter\Session\Handlers\FileHandler' driver.
DEBUG - 2026-07-27 14:46:05 --> Session: Class initialized using 'CodeIgniter\Session\Handlers\FileHandler' driver.
DEBUG - 2026-07-27 14:46:38 --> Session: Class initialized using 'CodeIgniter\Session\Handlers\FileHandler' driver.
DEBUG - 2026-07-27 14:47:08 --> Session: Class initialized using 'CodeIgniter\Session\Handlers\FileHandler' driver.
DEBUG - 2026-07-27 14:47:21 --> Session: Class initialized using 'CodeIgniter\Session\Handlers\FileHandler' driver.
DEBUG - 2026-07-27 14:50:17 --> Session: Class initialized using 'CodeIgniter\Session\Handlers\FileHandler' driver.
DEBUG - 2026-07-27 14:50:49 --> Session: Class initialized using 'CodeIgniter\Session\Handlers\FileHandler' driver.
DEBUG - 2026-07-27 14:51:15 --> Session: Class initialized using 'CodeIgniter\Session\Handlers\FileHandler' driver.
DEBUG - 2026-07-27 14:51:15 --> Session: Class initialized using 'CodeIgniter\Session\Handlers\FileHandler' driver.
DEBUG - 2026-07-27 14:52:55 --> Session: Class initialized using 'CodeIgniter\Session\Handlers\FileHandler' driver.
DEBUG - 2026-07-27 14:52:58 --> Session: Class initialized using 'CodeIgniter\Session\Handlers\FileHandler' driver.
DEBUG - 2026-07-27 14:54:09 --> Session: Class initialized using 'CodeIgniter\Session\Handlers\FileHandler' driver.
DEBUG - 2026-07-27 14:54:14 --> Session: Class initialized using 'CodeIgniter\Session\Handlers\FileHandler' driver.
DEBUG - 2026-07-27 14:54:30 --> Session: Class initialized using 'CodeIgniter\Session\Handlers\FileHandler' driver.
DEBUG - 2026-07-27 14:54:41 --> Session: Class initialized using 'CodeIgniter\Session\Handlers\FileHandler' driver.
DEBUG - 2026-07-27 14:54:41 --> Session: Class initialized using 'CodeIgniter\Session\Handlers\FileHandler' driver.
DEBUG - 2026-07-27 14:54:49 --> Session: Class initialized using 'CodeIgniter\Session\Handlers\FileHandler' driver.
DEBUG - 2026-07-27 14:54:49 --> Session: Class initialized using 'CodeIgniter\Session\Handlers\FileHandler' driver.
DEBUG - 2026-07-27 15:31:51 --> Session: Class initialized using 'CodeIgniter\Session\Handlers\FileHandler' driver.
DEBUG - 2026-07-27 15:31:56 --> Session: Class initialized using 'CodeIgniter\Session\Handlers\FileHandler' driver.
DEBUG - 2026-07-27 15:33:16 --> Session: Class initialized using 'CodeIgniter\Session\Handlers\FileHandler' driver.
DEBUG - 2026-07-27 15:33:23 --> Session: Class initialized using 'CodeIgniter\Session\Handlers\FileHandler' driver.
DEBUG - 2026-07-27 15:33:44 --> Session: Class initialized using 'CodeIgniter\Session\Handlers\FileHandler' driver.
DEBUG - 2026-07-27 15:34:23 --> Session: Class initialized using 'CodeIgniter\Session\Handlers\FileHandler' driver.
DEBUG - 2026-07-27 15:34:23 --> Session: Class initialized using 'CodeIgniter\Session\Handlers\FileHandler' driver.
DEBUG - 2026-07-27 15:35:49 --> Session: Class initialized using 'CodeIgniter\Session\Handlers\FileHandler' driver.
DEBUG - 2026-07-27 15:36:16 --> Session: Class initialized using 'CodeIgniter\Session\Handlers\FileHandler' driver.
DEBUG - 2026-07-27 15:36:16 --> Session: Class initialized using 'CodeIgniter\Session\Handlers\FileHandler' driver.
DEBUG - 2026-07-27 15:37:37 --> Session: Class initialized using 'CodeIgniter\Session\Handlers\FileHandler' driver.
DEBUG - 2026-07-27 15:38:00 --> Session: Class initialized using 'CodeIgniter\Session\Handlers\FileHandler' driver.
DEBUG - 2026-07-27 15:38:03 --> Session: Class initialized using 'CodeIgniter\Session\Handlers\FileHandler' driver.
DEBUG - 2026-07-27 15:38:16 --> Session: Class initialized using 'CodeIgniter\Session\Handlers\FileHandler' driver.
DEBUG - 2026-07-27 15:38:16 --> Session: Class initialized using 'CodeIgniter\Session\Handlers\FileHandler' driver.
DEBUG - 2026-07-27 15:38:36 --> Session: Class initialized using 'CodeIgniter\Session\Handlers\FileHandler' driver.
DEBUG - 2026-07-27 15:38:36 --> Session: Class initialized using 'CodeIgniter\Session\Handlers\FileHandler' driver.
DEBUG - 2026-07-27 15:38:44 --> Session: Class initialized using 'CodeIgniter\Session\Handlers\FileHandler' driver.
DEBUG - 2026-07-27 15:38:44 --> Session: Class initialized using 'CodeIgniter\Session\Handlers\FileHandler' driver.
DEBUG - 2026-07-27 15:49:01 --> Session: Class initialized using 'CodeIgniter\Session\Handlers\FileHandler' driver.
DEBUG - 2026-07-27 15:49:11 --> Session: Class initialized using 'CodeIgniter\Session\Handlers\FileHandler' driver.
DEBUG - 2026-07-27 15:51:02 --> Session: Class initialized using 'CodeIgniter\Session\Handlers\FileHandler' driver.
DEBUG - 2026-07-27 15:51:36 --> Session: Class initialized using 'CodeIgniter\Session\Handlers\FileHandler' driver.
DEBUG - 2026-07-27 15:51:36 --> Session: Class initialized using 'CodeIgniter\Session\Handlers\FileHandler' driver.
DEBUG - 2026-07-27 15:51:58 --> Session: Class initialized using 'CodeIgniter\Session\Handlers\FileHandler' driver.
DEBUG - 2026-07-27 15:51:58 --> Session: Class initialized using 'CodeIgniter\Session\Handlers\FileHandler' driver.
DEBUG - 2026-07-27 15:59:59 --> Session: Class initialized using 'CodeIgniter\Session\Handlers\FileHandler' driver.
DEBUG - 2026-07-27 16:00:07 --> Session: Class initialized using 'CodeIgniter\Session\Handlers\FileHandler' driver.
DEBUG - 2026-07-27 16:00:22 --> Session: Class initialized using 'CodeIgniter\Session\Handlers\FileHandler' driver.
DEBUG - 2026-07-27 16:00:28 --> Session: Class initialized using 'CodeIgniter\Session\Handlers\FileHandler' driver.
DEBUG - 2026-07-27 16:01:02 --> Session: Class initialized using 'CodeIgniter\Session\Handlers\FileHandler' driver.
DEBUG - 2026-07-27 16:03:18 --> Session: Class initialized using 'CodeIgniter\Session\Handlers\FileHandler' driver.
DEBUG - 2026-07-27 16:03:20 --> Session: Class initialized using 'CodeIgniter\Session\Handlers\FileHandler' driver.
CRITICAL - 2026-07-27 16:03:20 --> CodeIgniter\View\Exceptions\ViewException: Invalid file: "layout/template.php"
[Method: GET, Route: admin/dokumen-arsip]
in SYSTEMPATH\Exceptions\FrameworkException.php on line 39.
 1 SYSTEMPATH\View\View.php(228): CodeIgniter\Exceptions\FrameworkException::forInvalidFile('layout/template.php')
 2 SYSTEMPATH\View\View.php(256): CodeIgniter\View\View->render('layout/template', [], true)
 3 SYSTEMPATH\Common.php(1268): CodeIgniter\View\View->render('admin/dokumen_arsip/index', [], true)
 4 APPPATH\Controllers\Admin\DokumenArsip.php(24): view('admin/dokumen_arsip/index', [...])
 5 SYSTEMPATH\CodeIgniter.php(974): App\Controllers\Admin\DokumenArsip->index()
 6 SYSTEMPATH\CodeIgniter.php(520): CodeIgniter\CodeIgniter->runController(Object(App\Controllers\Admin\DokumenArsip))
 7 SYSTEMPATH\CodeIgniter.php(363): CodeIgniter\CodeIgniter->handleRequest(null, Object(Config\Cache), false)
 8 SYSTEMPATH\Boot.php(417): CodeIgniter\CodeIgniter->run()
 9 SYSTEMPATH\Boot.php(68): CodeIgniter\Boot::runCodeIgniter(Object(CodeIgniter\CodeIgniter))
10 FCPATH\index.php(59): CodeIgniter\Boot::bootWeb(Object(Config\Paths))
DEBUG - 2026-07-27 16:06:47 --> Session: Class initialized using 'CodeIgniter\Session\Handlers\FileHandler' driver.
DEBUG - 2026-07-27 16:07:14 --> Session: Class initialized using 'CodeIgniter\Session\Handlers\FileHandler' driver.
DEBUG - 2026-07-27 16:07:14 --> Session: Class initialized using 'CodeIgniter\Session\Handlers\FileHandler' driver.
DEBUG - 2026-07-27 16:08:19 --> Session: Class initialized using 'CodeIgniter\Session\Handlers\FileHandler' driver.
DEBUG - 2026-07-27 16:09:43 --> Session: Class initialized using 'CodeIgniter\Session\Handlers\FileHandler' driver.
DEBUG - 2026-07-27 16:10:09 --> Session: Class initialized using 'CodeIgniter\Session\Handlers\FileHandler' driver.
DEBUG - 2026-07-27 16:10:09 --> Session: Class initialized using 'CodeIgniter\Session\Handlers\FileHandler' driver.
DEBUG - 2026-07-27 16:10:22 --> Session: Class initialized using 'CodeIgniter\Session\Handlers\FileHandler' driver.
DEBUG - 2026-07-27 16:10:46 --> Session: Class initialized using 'CodeIgniter\Session\Handlers\FileHandler' driver.
DEBUG - 2026-07-27 16:10:49 --> Session: Class initialized using 'CodeIgniter\Session\Handlers\FileHandler' driver.
DEBUG - 2026-07-27 16:11:11 --> Session: Class initialized using 'CodeIgniter\Session\Handlers\FileHandler' driver.
DEBUG - 2026-07-27 16:11:12 --> Session: Class initialized using 'CodeIgniter\Session\Handlers\FileHandler' driver.
CRITICAL - 2026-07-27 16:12:21 --> ErrorException: Cannot redeclare App\Controllers\Admin\DokumenArsip::simpan()
[Method: GET, Route: admin/dokumen-arsip]
in APPPATH\Controllers\Admin\DokumenArsip.php on line 174.
 1 [internal function]: CodeIgniter\Debug\Exceptions->shutdownHandler()
CRITICAL - 2026-07-27 16:12:29 --> ErrorException: Cannot redeclare App\Controllers\Admin\DokumenArsip::simpan()
[Method: GET, Route: admin/dokumen-arsip]
in APPPATH\Controllers\Admin\DokumenArsip.php on line 174.
 1 [internal function]: CodeIgniter\Debug\Exceptions->shutdownHandler()
CRITICAL - 2026-07-27 16:12:30 --> ErrorException: Cannot redeclare App\Controllers\Admin\DokumenArsip::simpan()
[Method: GET, Route: admin/dokumen-arsip]
in APPPATH\Controllers\Admin\DokumenArsip.php on line 174.
 1 [internal function]: CodeIgniter\Debug\Exceptions->shutdownHandler()
CRITICAL - 2026-07-27 16:18:48 --> ErrorException: Cannot redeclare App\Controllers\Admin\DokumenArsip::simpan()
[Method: GET, Route: admin/dokumen-arsip]
in APPPATH\Controllers\Admin\DokumenArsip.php on line 174.
 1 [internal function]: CodeIgniter\Debug\Exceptions->shutdownHandler()
DEBUG - 2026-07-27 16:20:02 --> Session: Class initialized using 'CodeIgniter\Session\Handlers\FileHandler' driver.
DEBUG - 2026-07-27 16:20:25 --> Session: Class initialized using 'CodeIgniter\Session\Handlers\FileHandler' driver.
DEBUG - 2026-07-27 16:20:25 --> Session: Class initialized using 'CodeIgniter\Session\Handlers\FileHandler' driver.
DEBUG - 2026-07-27 16:20:37 --> Session: Class initialized using 'CodeIgniter\Session\Handlers\FileHandler' driver.
DEBUG - 2026-07-27 16:20:38 --> Session: Class initialized using 'CodeIgniter\Session\Handlers\FileHandler' driver.
DEBUG - 2026-07-27 16:21:09 --> Session: Class initialized using 'CodeIgniter\Session\Handlers\FileHandler' driver.
DEBUG - 2026-07-27 16:21:09 --> Session: Class initialized using 'CodeIgniter\Session\Handlers\FileHandler' driver.
DEBUG - 2026-07-27 16:22:22 --> Session: Class initialized using 'CodeIgniter\Session\Handlers\FileHandler' driver.
DEBUG - 2026-07-27 16:22:36 --> Session: Class initialized using 'CodeIgniter\Session\Handlers\FileHandler' driver.
DEBUG - 2026-07-27 16:32:27 --> Session: Class initialized using 'CodeIgniter\Session\Handlers\FileHandler' driver.
DEBUG - 2026-07-27 16:32:49 --> Session: Class initialized using 'CodeIgniter\Session\Handlers\FileHandler' driver.
DEBUG - 2026-07-27 16:32:49 --> Session: Class initialized using 'CodeIgniter\Session\Handlers\FileHandler' driver.
DEBUG - 2026-07-27 16:33:59 --> Session: Class initialized using 'CodeIgniter\Session\Handlers\FileHandler' driver.
DEBUG - 2026-07-27 16:34:01 --> Session: Class initialized using 'CodeIgniter\Session\Handlers\FileHandler' driver.
DEBUG - 2026-07-27 16:34:21 --> Session: Class initialized using 'CodeIgniter\Session\Handlers\FileHandler' driver.
DEBUG - 2026-07-27 16:34:22 --> Session: Class initialized using 'CodeIgniter\Session\Handlers\FileHandler' driver.
DEBUG - 2026-07-27 16:36:44 --> Session: Class initialized using 'CodeIgniter\Session\Handlers\FileHandler' driver.
DEBUG - 2026-07-27 16:37:06 --> Session: Class initialized using 'CodeIgniter\Session\Handlers\FileHandler' driver.
DEBUG - 2026-07-27 16:37:06 --> Session: Class initialized using 'CodeIgniter\Session\Handlers\FileHandler' driver.
DEBUG - 2026-07-27 16:41:38 --> Session: Class initialized using 'CodeIgniter\Session\Handlers\FileHandler' driver.
DEBUG - 2026-07-27 16:42:00 --> Session: Class initialized using 'CodeIgniter\Session\Handlers\FileHandler' driver.
DEBUG - 2026-07-27 16:42:00 --> Session: Class initialized using 'CodeIgniter\Session\Handlers\FileHandler' driver.
ERROR - 2026-07-27 16:43:12 --> Table 'db_pwmuhammadiyah.amal_usaha' doesn't exist
in SYSTEMPATH\Database\MySQLi\Connection.php on line 300.
 1 SYSTEMPATH\Database\MySQLi\Connection.php(300): mysqli->query('SELECT COUNT(*) AS `numrows`
FROM `amal_usaha`', 0)
 2 SYSTEMPATH\Database\BaseConnection.php(908): CodeIgniter\Database\MySQLi\Connection->execute('SELECT COUNT(*) AS `numrows`
FROM `amal_usaha`')
 3 SYSTEMPATH\Database\BaseConnection.php(825): CodeIgniter\Database\BaseConnection->simpleQuery('SELECT COUNT(*) AS `numrows`
FROM `amal_usaha`')
 4 SYSTEMPATH\Database\BaseBuilder.php(1739): CodeIgniter\Database\BaseConnection->query('SELECT COUNT(*) AS `numrows`
FROM `amal_usaha`', [], false)
 5 APPPATH\Controllers\Dashboard.php(22): CodeIgniter\Database\BaseBuilder->countAllResults()
 6 SYSTEMPATH\CodeIgniter.php(974): App\Controllers\Dashboard->index()
 7 SYSTEMPATH\CodeIgniter.php(520): CodeIgniter\CodeIgniter->runController(Object(App\Controllers\Dashboard))
 8 SYSTEMPATH\CodeIgniter.php(363): CodeIgniter\CodeIgniter->handleRequest(null, Object(Config\Cache), false)
 9 SYSTEMPATH\Boot.php(417): CodeIgniter\CodeIgniter->run()
10 SYSTEMPATH\Boot.php(68): CodeIgniter\Boot::runCodeIgniter(Object(CodeIgniter\CodeIgniter))
11 FCPATH\index.php(59): CodeIgniter\Boot::bootWeb(Object(Config\Paths))
CRITICAL - 2026-07-27 16:43:12 --> CodeIgniter\Database\Exceptions\DatabaseException: Table 'db_pwmuhammadiyah.amal_usaha' doesn't exist
[Method: GET, Route: dashboard]
in SYSTEMPATH\Database\BaseConnection.php on line 863.
 1 SYSTEMPATH\Database\BaseBuilder.php(1739): CodeIgniter\Database\BaseConnection->query('SELECT COUNT(*) AS `numrows`
FROM `amal_usaha`', [], false)
 2 APPPATH\Controllers\Dashboard.php(22): CodeIgniter\Database\BaseBuilder->countAllResults()
 3 SYSTEMPATH\CodeIgniter.php(974): App\Controllers\Dashboard->index()
 4 SYSTEMPATH\CodeIgniter.php(520): CodeIgniter\CodeIgniter->runController(Object(App\Controllers\Dashboard))
 5 SYSTEMPATH\CodeIgniter.php(363): CodeIgniter\CodeIgniter->handleRequest(null, Object(Config\Cache), false)
 6 SYSTEMPATH\Boot.php(417): CodeIgniter\CodeIgniter->run()
 7 SYSTEMPATH\Boot.php(68): CodeIgniter\Boot::runCodeIgniter(Object(CodeIgniter\CodeIgniter))
 8 FCPATH\index.php(59): CodeIgniter\Boot::bootWeb(Object(Config\Paths))
CRITICAL - 2026-07-27 16:43:12 --> [Caused by] CodeIgniter\Database\Exceptions\DatabaseException: Table 'db_pwmuhammadiyah.amal_usaha' doesn't exist
in SYSTEMPATH\Database\MySQLi\Connection.php on line 310.
 1 SYSTEMPATH\Database\BaseConnection.php(908): CodeIgniter\Database\MySQLi\Connection->execute('SELECT COUNT(*) AS `numrows`
FROM `amal_usaha`')
 2 SYSTEMPATH\Database\BaseConnection.php(825): CodeIgniter\Database\BaseConnection->simpleQuery('SELECT COUNT(*) AS `numrows`
FROM `amal_usaha`')
 3 SYSTEMPATH\Database\BaseBuilder.php(1739): CodeIgniter\Database\BaseConnection->query('SELECT COUNT(*) AS `numrows`
FROM `amal_usaha`', [], false)
 4 APPPATH\Controllers\Dashboard.php(22): CodeIgniter\Database\BaseBuilder->countAllResults()
 5 SYSTEMPATH\CodeIgniter.php(974): App\Controllers\Dashboard->index()
 6 SYSTEMPATH\CodeIgniter.php(520): CodeIgniter\CodeIgniter->runController(Object(App\Controllers\Dashboard))
 7 SYSTEMPATH\CodeIgniter.php(363): CodeIgniter\CodeIgniter->handleRequest(null, Object(Config\Cache), false)
 8 SYSTEMPATH\Boot.php(417): CodeIgniter\CodeIgniter->run()
 9 SYSTEMPATH\Boot.php(68): CodeIgniter\Boot::runCodeIgniter(Object(CodeIgniter\CodeIgniter))
10 FCPATH\index.php(59): CodeIgniter\Boot::bootWeb(Object(Config\Paths))
CRITICAL - 2026-07-27 16:43:12 --> [Caused by] mysqli_sql_exception: Table 'db_pwmuhammadiyah.amal_usaha' doesn't exist
in SYSTEMPATH\Database\MySQLi\Connection.php on line 300.
 1 SYSTEMPATH\Database\MySQLi\Connection.php(300): mysqli->query('SELECT COUNT(*) AS `numrows`
FROM `amal_usaha`', 0)
 2 SYSTEMPATH\Database\BaseConnection.php(908): CodeIgniter\Database\MySQLi\Connection->execute('SELECT COUNT(*) AS `numrows`
FROM `amal_usaha`')
 3 SYSTEMPATH\Database\BaseConnection.php(825): CodeIgniter\Database\BaseConnection->simpleQuery('SELECT COUNT(*) AS `numrows`
FROM `amal_usaha`')
 4 SYSTEMPATH\Database\BaseBuilder.php(1739): CodeIgniter\Database\BaseConnection->query('SELECT COUNT(*) AS `numrows`
FROM `amal_usaha`', [], false)
 5 APPPATH\Controllers\Dashboard.php(22): CodeIgniter\Database\BaseBuilder->countAllResults()
 6 SYSTEMPATH\CodeIgniter.php(974): App\Controllers\Dashboard->index()
 7 SYSTEMPATH\CodeIgniter.php(520): CodeIgniter\CodeIgniter->runController(Object(App\Controllers\Dashboard))
 8 SYSTEMPATH\CodeIgniter.php(363): CodeIgniter\CodeIgniter->handleRequest(null, Object(Config\Cache), false)
 9 SYSTEMPATH\Boot.php(417): CodeIgniter\CodeIgniter->run()
10 SYSTEMPATH\Boot.php(68): CodeIgniter\Boot::runCodeIgniter(Object(CodeIgniter\CodeIgniter))
11 FCPATH\index.php(59): CodeIgniter\Boot::bootWeb(Object(Config\Paths))
ERROR - 2026-07-27 16:43:26 --> Table 'db_pwmuhammadiyah.amal_usaha' doesn't exist
in SYSTEMPATH\Database\MySQLi\Connection.php on line 300.
 1 SYSTEMPATH\Database\MySQLi\Connection.php(300): mysqli->query('SELECT COUNT(*) AS `numrows`
FROM `amal_usaha`', 0)
 2 SYSTEMPATH\Database\BaseConnection.php(908): CodeIgniter\Database\MySQLi\Connection->execute('SELECT COUNT(*) AS `numrows`
FROM `amal_usaha`')
 3 SYSTEMPATH\Database\BaseConnection.php(825): CodeIgniter\Database\BaseConnection->simpleQuery('SELECT COUNT(*) AS `numrows`
FROM `amal_usaha`')
 4 SYSTEMPATH\Database\BaseBuilder.php(1739): CodeIgniter\Database\BaseConnection->query('SELECT COUNT(*) AS `numrows`
FROM `amal_usaha`', [], false)
 5 APPPATH\Controllers\Dashboard.php(22): CodeIgniter\Database\BaseBuilder->countAllResults()
 6 SYSTEMPATH\CodeIgniter.php(974): App\Controllers\Dashboard->index()
 7 SYSTEMPATH\CodeIgniter.php(520): CodeIgniter\CodeIgniter->runController(Object(App\Controllers\Dashboard))
 8 SYSTEMPATH\CodeIgniter.php(363): CodeIgniter\CodeIgniter->handleRequest(null, Object(Config\Cache), false)
 9 SYSTEMPATH\Boot.php(417): CodeIgniter\CodeIgniter->run()
10 SYSTEMPATH\Boot.php(68): CodeIgniter\Boot::runCodeIgniter(Object(CodeIgniter\CodeIgniter))
11 FCPATH\index.php(59): CodeIgniter\Boot::bootWeb(Object(Config\Paths))
CRITICAL - 2026-07-27 16:43:26 --> CodeIgniter\Database\Exceptions\DatabaseException: Table 'db_pwmuhammadiyah.amal_usaha' doesn't exist
[Method: GET, Route: dashboard]
in SYSTEMPATH\Database\BaseConnection.php on line 863.
 1 SYSTEMPATH\Database\BaseBuilder.php(1739): CodeIgniter\Database\BaseConnection->query('SELECT COUNT(*) AS `numrows`
FROM `amal_usaha`', [], false)
 2 APPPATH\Controllers\Dashboard.php(22): CodeIgniter\Database\BaseBuilder->countAllResults()
 3 SYSTEMPATH\CodeIgniter.php(974): App\Controllers\Dashboard->index()
 4 SYSTEMPATH\CodeIgniter.php(520): CodeIgniter\CodeIgniter->runController(Object(App\Controllers\Dashboard))
 5 SYSTEMPATH\CodeIgniter.php(363): CodeIgniter\CodeIgniter->handleRequest(null, Object(Config\Cache), false)
 6 SYSTEMPATH\Boot.php(417): CodeIgniter\CodeIgniter->run()
 7 SYSTEMPATH\Boot.php(68): CodeIgniter\Boot::runCodeIgniter(Object(CodeIgniter\CodeIgniter))
 8 FCPATH\index.php(59): CodeIgniter\Boot::bootWeb(Object(Config\Paths))
CRITICAL - 2026-07-27 16:43:26 --> [Caused by] CodeIgniter\Database\Exceptions\DatabaseException: Table 'db_pwmuhammadiyah.amal_usaha' doesn't exist
in SYSTEMPATH\Database\MySQLi\Connection.php on line 310.
 1 SYSTEMPATH\Database\BaseConnection.php(908): CodeIgniter\Database\MySQLi\Connection->execute('SELECT COUNT(*) AS `numrows`
FROM `amal_usaha`')
 2 SYSTEMPATH\Database\BaseConnection.php(825): CodeIgniter\Database\BaseConnection->simpleQuery('SELECT COUNT(*) AS `numrows`
FROM `amal_usaha`')
 3 SYSTEMPATH\Database\BaseBuilder.php(1739): CodeIgniter\Database\BaseConnection->query('SELECT COUNT(*) AS `numrows`
FROM `amal_usaha`', [], false)
 4 APPPATH\Controllers\Dashboard.php(22): CodeIgniter\Database\BaseBuilder->countAllResults()
 5 SYSTEMPATH\CodeIgniter.php(974): App\Controllers\Dashboard->index()
 6 SYSTEMPATH\CodeIgniter.php(520): CodeIgniter\CodeIgniter->runController(Object(App\Controllers\Dashboard))
 7 SYSTEMPATH\CodeIgniter.php(363): CodeIgniter\CodeIgniter->handleRequest(null, Object(Config\Cache), false)
 8 SYSTEMPATH\Boot.php(417): CodeIgniter\CodeIgniter->run()
 9 SYSTEMPATH\Boot.php(68): CodeIgniter\Boot::runCodeIgniter(Object(CodeIgniter\CodeIgniter))
10 FCPATH\index.php(59): CodeIgniter\Boot::bootWeb(Object(Config\Paths))
CRITICAL - 2026-07-27 16:43:26 --> [Caused by] mysqli_sql_exception: Table 'db_pwmuhammadiyah.amal_usaha' doesn't exist
in SYSTEMPATH\Database\MySQLi\Connection.php on line 300.
 1 SYSTEMPATH\Database\MySQLi\Connection.php(300): mysqli->query('SELECT COUNT(*) AS `numrows`
FROM `amal_usaha`', 0)
 2 SYSTEMPATH\Database\BaseConnection.php(908): CodeIgniter\Database\MySQLi\Connection->execute('SELECT COUNT(*) AS `numrows`
FROM `amal_usaha`')
 3 SYSTEMPATH\Database\BaseConnection.php(825): CodeIgniter\Database\BaseConnection->simpleQuery('SELECT COUNT(*) AS `numrows`
FROM `amal_usaha`')
 4 SYSTEMPATH\Database\BaseBuilder.php(1739): CodeIgniter\Database\BaseConnection->query('SELECT COUNT(*) AS `numrows`
FROM `amal_usaha`', [], false)
 5 APPPATH\Controllers\Dashboard.php(22): CodeIgniter\Database\BaseBuilder->countAllResults()
 6 SYSTEMPATH\CodeIgniter.php(974): App\Controllers\Dashboard->index()
 7 SYSTEMPATH\CodeIgniter.php(520): CodeIgniter\CodeIgniter->runController(Object(App\Controllers\Dashboard))
 8 SYSTEMPATH\CodeIgniter.php(363): CodeIgniter\CodeIgniter->handleRequest(null, Object(Config\Cache), false)
 9 SYSTEMPATH\Boot.php(417): CodeIgniter\CodeIgniter->run()
10 SYSTEMPATH\Boot.php(68): CodeIgniter\Boot::runCodeIgniter(Object(CodeIgniter\CodeIgniter))
11 FCPATH\index.php(59): CodeIgniter\Boot::bootWeb(Object(Config\Paths))
ERROR - 2026-07-27 16:44:08 --> Table 'db_pwmuhammadiyah.amal_usaha' doesn't exist
in SYSTEMPATH\Database\MySQLi\Connection.php on line 300.
 1 SYSTEMPATH\Database\MySQLi\Connection.php(300): mysqli->query('SELECT COUNT(*) AS `numrows`
FROM `amal_usaha`', 0)
 2 SYSTEMPATH\Database\BaseConnection.php(908): CodeIgniter\Database\MySQLi\Connection->execute('SELECT COUNT(*) AS `numrows`
FROM `amal_usaha`')
 3 SYSTEMPATH\Database\BaseConnection.php(825): CodeIgniter\Database\BaseConnection->simpleQuery('SELECT COUNT(*) AS `numrows`
FROM `amal_usaha`')
 4 SYSTEMPATH\Database\BaseBuilder.php(1739): CodeIgniter\Database\BaseConnection->query('SELECT COUNT(*) AS `numrows`
FROM `amal_usaha`', [], false)
 5 APPPATH\Controllers\Dashboard.php(22): CodeIgniter\Database\BaseBuilder->countAllResults()
 6 SYSTEMPATH\CodeIgniter.php(974): App\Controllers\Dashboard->index()
 7 SYSTEMPATH\CodeIgniter.php(520): CodeIgniter\CodeIgniter->runController(Object(App\Controllers\Dashboard))
 8 SYSTEMPATH\CodeIgniter.php(363): CodeIgniter\CodeIgniter->handleRequest(null, Object(Config\Cache), false)
 9 SYSTEMPATH\Boot.php(417): CodeIgniter\CodeIgniter->run()
10 SYSTEMPATH\Boot.php(68): CodeIgniter\Boot::runCodeIgniter(Object(CodeIgniter\CodeIgniter))
11 FCPATH\index.php(59): CodeIgniter\Boot::bootWeb(Object(Config\Paths))
CRITICAL - 2026-07-27 16:44:08 --> CodeIgniter\Database\Exceptions\DatabaseException: Table 'db_pwmuhammadiyah.amal_usaha' doesn't exist
[Method: GET, Route: dashboard]
in SYSTEMPATH\Database\BaseConnection.php on line 863.
 1 SYSTEMPATH\Database\BaseBuilder.php(1739): CodeIgniter\Database\BaseConnection->query('SELECT COUNT(*) AS `numrows`
FROM `amal_usaha`', [], false)
 2 APPPATH\Controllers\Dashboard.php(22): CodeIgniter\Database\BaseBuilder->countAllResults()
 3 SYSTEMPATH\CodeIgniter.php(974): App\Controllers\Dashboard->index()
 4 SYSTEMPATH\CodeIgniter.php(520): CodeIgniter\CodeIgniter->runController(Object(App\Controllers\Dashboard))
 5 SYSTEMPATH\CodeIgniter.php(363): CodeIgniter\CodeIgniter->handleRequest(null, Object(Config\Cache), false)
 6 SYSTEMPATH\Boot.php(417): CodeIgniter\CodeIgniter->run()
 7 SYSTEMPATH\Boot.php(68): CodeIgniter\Boot::runCodeIgniter(Object(CodeIgniter\CodeIgniter))
 8 FCPATH\index.php(59): CodeIgniter\Boot::bootWeb(Object(Config\Paths))
CRITICAL - 2026-07-27 16:44:08 --> [Caused by] CodeIgniter\Database\Exceptions\DatabaseException: Table 'db_pwmuhammadiyah.amal_usaha' doesn't exist
in SYSTEMPATH\Database\MySQLi\Connection.php on line 310.
 1 SYSTEMPATH\Database\BaseConnection.php(908): CodeIgniter\Database\MySQLi\Connection->execute('SELECT COUNT(*) AS `numrows`
FROM `amal_usaha`')
 2 SYSTEMPATH\Database\BaseConnection.php(825): CodeIgniter\Database\BaseConnection->simpleQuery('SELECT COUNT(*) AS `numrows`
FROM `amal_usaha`')
 3 SYSTEMPATH\Database\BaseBuilder.php(1739): CodeIgniter\Database\BaseConnection->query('SELECT COUNT(*) AS `numrows`
FROM `amal_usaha`', [], false)
 4 APPPATH\Controllers\Dashboard.php(22): CodeIgniter\Database\BaseBuilder->countAllResults()
 5 SYSTEMPATH\CodeIgniter.php(974): App\Controllers\Dashboard->index()
 6 SYSTEMPATH\CodeIgniter.php(520): CodeIgniter\CodeIgniter->runController(Object(App\Controllers\Dashboard))
 7 SYSTEMPATH\CodeIgniter.php(363): CodeIgniter\CodeIgniter->handleRequest(null, Object(Config\Cache), false)
 8 SYSTEMPATH\Boot.php(417): CodeIgniter\CodeIgniter->run()
 9 SYSTEMPATH\Boot.php(68): CodeIgniter\Boot::runCodeIgniter(Object(CodeIgniter\CodeIgniter))
10 FCPATH\index.php(59): CodeIgniter\Boot::bootWeb(Object(Config\Paths))
CRITICAL - 2026-07-27 16:44:08 --> [Caused by] mysqli_sql_exception: Table 'db_pwmuhammadiyah.amal_usaha' doesn't exist
in SYSTEMPATH\Database\MySQLi\Connection.php on line 300.
 1 SYSTEMPATH\Database\MySQLi\Connection.php(300): mysqli->query('SELECT COUNT(*) AS `numrows`
FROM `amal_usaha`', 0)
 2 SYSTEMPATH\Database\BaseConnection.php(908): CodeIgniter\Database\MySQLi\Connection->execute('SELECT COUNT(*) AS `numrows`
FROM `amal_usaha`')
 3 SYSTEMPATH\Database\BaseConnection.php(825): CodeIgniter\Database\BaseConnection->simpleQuery('SELECT COUNT(*) AS `numrows`
FROM `amal_usaha`')
 4 SYSTEMPATH\Database\BaseBuilder.php(1739): CodeIgniter\Database\BaseConnection->query('SELECT COUNT(*) AS `numrows`
FROM `amal_usaha`', [], false)
 5 APPPATH\Controllers\Dashboard.php(22): CodeIgniter\Database\BaseBuilder->countAllResults()
 6 SYSTEMPATH\CodeIgniter.php(974): App\Controllers\Dashboard->index()
 7 SYSTEMPATH\CodeIgniter.php(520): CodeIgniter\CodeIgniter->runController(Object(App\Controllers\Dashboard))
 8 SYSTEMPATH\CodeIgniter.php(363): CodeIgniter\CodeIgniter->handleRequest(null, Object(Config\Cache), false)
 9 SYSTEMPATH\Boot.php(417): CodeIgniter\CodeIgniter->run()
10 SYSTEMPATH\Boot.php(68): CodeIgniter\Boot::runCodeIgniter(Object(CodeIgniter\CodeIgniter))
11 FCPATH\index.php(59): CodeIgniter\Boot::bootWeb(Object(Config\Paths))
DEBUG - 2026-07-27 16:44:22 --> Session: Class initialized using 'CodeIgniter\Session\Handlers\FileHandler' driver.
ERROR - 2026-07-27 16:44:22 --> Table 'db_pwmuhammadiyah.amal_usaha' doesn't exist
in SYSTEMPATH\Database\MySQLi\Connection.php on line 300.
 1 SYSTEMPATH\Database\MySQLi\Connection.php(300): mysqli->query('SELECT COUNT(*) AS `numrows`
FROM `amal_usaha`', 0)
 2 SYSTEMPATH\Database\BaseConnection.php(908): CodeIgniter\Database\MySQLi\Connection->execute('SELECT COUNT(*) AS `numrows`
FROM `amal_usaha`')
 3 SYSTEMPATH\Database\BaseConnection.php(825): CodeIgniter\Database\BaseConnection->simpleQuery('SELECT COUNT(*) AS `numrows`
FROM `amal_usaha`')
 4 SYSTEMPATH\Database\BaseBuilder.php(1739): CodeIgniter\Database\BaseConnection->query('SELECT COUNT(*) AS `numrows`
FROM `amal_usaha`', [], false)
 5 APPPATH\Controllers\Dashboard.php(22): CodeIgniter\Database\BaseBuilder->countAllResults()
 6 SYSTEMPATH\CodeIgniter.php(974): App\Controllers\Dashboard->index()
 7 SYSTEMPATH\CodeIgniter.php(520): CodeIgniter\CodeIgniter->runController(Object(App\Controllers\Dashboard))
 8 SYSTEMPATH\CodeIgniter.php(363): CodeIgniter\CodeIgniter->handleRequest(null, Object(Config\Cache), false)
 9 SYSTEMPATH\Boot.php(417): CodeIgniter\CodeIgniter->run()
10 SYSTEMPATH\Boot.php(68): CodeIgniter\Boot::runCodeIgniter(Object(CodeIgniter\CodeIgniter))
11 FCPATH\index.php(59): CodeIgniter\Boot::bootWeb(Object(Config\Paths))
CRITICAL - 2026-07-27 16:44:22 --> CodeIgniter\Database\Exceptions\DatabaseException: Table 'db_pwmuhammadiyah.amal_usaha' doesn't exist
[Method: GET, Route: dashboard]
in SYSTEMPATH\Database\BaseConnection.php on line 863.
 1 SYSTEMPATH\Database\BaseBuilder.php(1739): CodeIgniter\Database\BaseConnection->query('SELECT COUNT(*) AS `numrows`
FROM `amal_usaha`', [], false)
 2 APPPATH\Controllers\Dashboard.php(22): CodeIgniter\Database\BaseBuilder->countAllResults()
 3 SYSTEMPATH\CodeIgniter.php(974): App\Controllers\Dashboard->index()
 4 SYSTEMPATH\CodeIgniter.php(520): CodeIgniter\CodeIgniter->runController(Object(App\Controllers\Dashboard))
 5 SYSTEMPATH\CodeIgniter.php(363): CodeIgniter\CodeIgniter->handleRequest(null, Object(Config\Cache), false)
 6 SYSTEMPATH\Boot.php(417): CodeIgniter\CodeIgniter->run()
 7 SYSTEMPATH\Boot.php(68): CodeIgniter\Boot::runCodeIgniter(Object(CodeIgniter\CodeIgniter))
 8 FCPATH\index.php(59): CodeIgniter\Boot::bootWeb(Object(Config\Paths))
CRITICAL - 2026-07-27 16:44:22 --> [Caused by] CodeIgniter\Database\Exceptions\DatabaseException: Table 'db_pwmuhammadiyah.amal_usaha' doesn't exist
in SYSTEMPATH\Database\MySQLi\Connection.php on line 310.
 1 SYSTEMPATH\Database\BaseConnection.php(908): CodeIgniter\Database\MySQLi\Connection->execute('SELECT COUNT(*) AS `numrows`
FROM `amal_usaha`')
 2 SYSTEMPATH\Database\BaseConnection.php(825): CodeIgniter\Database\BaseConnection->simpleQuery('SELECT COUNT(*) AS `numrows`
FROM `amal_usaha`')
 3 SYSTEMPATH\Database\BaseBuilder.php(1739): CodeIgniter\Database\BaseConnection->query('SELECT COUNT(*) AS `numrows`
FROM `amal_usaha`', [], false)
 4 APPPATH\Controllers\Dashboard.php(22): CodeIgniter\Database\BaseBuilder->countAllResults()
 5 SYSTEMPATH\CodeIgniter.php(974): App\Controllers\Dashboard->index()
 6 SYSTEMPATH\CodeIgniter.php(520): CodeIgniter\CodeIgniter->runController(Object(App\Controllers\Dashboard))
 7 SYSTEMPATH\CodeIgniter.php(363): CodeIgniter\CodeIgniter->handleRequest(null, Object(Config\Cache), false)
 8 SYSTEMPATH\Boot.php(417): CodeIgniter\CodeIgniter->run()
 9 SYSTEMPATH\Boot.php(68): CodeIgniter\Boot::runCodeIgniter(Object(CodeIgniter\CodeIgniter))
10 FCPATH\index.php(59): CodeIgniter\Boot::bootWeb(Object(Config\Paths))
CRITICAL - 2026-07-27 16:44:22 --> [Caused by] mysqli_sql_exception: Table 'db_pwmuhammadiyah.amal_usaha' doesn't exist
in SYSTEMPATH\Database\MySQLi\Connection.php on line 300.
 1 SYSTEMPATH\Database\MySQLi\Connection.php(300): mysqli->query('SELECT COUNT(*) AS `numrows`
FROM `amal_usaha`', 0)
 2 SYSTEMPATH\Database\BaseConnection.php(908): CodeIgniter\Database\MySQLi\Connection->execute('SELECT COUNT(*) AS `numrows`
FROM `amal_usaha`')
 3 SYSTEMPATH\Database\BaseConnection.php(825): CodeIgniter\Database\BaseConnection->simpleQuery('SELECT COUNT(*) AS `numrows`
FROM `amal_usaha`')
 4 SYSTEMPATH\Database\BaseBuilder.php(1739): CodeIgniter\Database\BaseConnection->query('SELECT COUNT(*) AS `numrows`
FROM `amal_usaha`', [], false)
 5 APPPATH\Controllers\Dashboard.php(22): CodeIgniter\Database\BaseBuilder->countAllResults()
 6 SYSTEMPATH\CodeIgniter.php(974): App\Controllers\Dashboard->index()
 7 SYSTEMPATH\CodeIgniter.php(520): CodeIgniter\CodeIgniter->runController(Object(App\Controllers\Dashboard))
 8 SYSTEMPATH\CodeIgniter.php(363): CodeIgniter\CodeIgniter->handleRequest(null, Object(Config\Cache), false)
 9 SYSTEMPATH\Boot.php(417): CodeIgniter\CodeIgniter->run()
10 SYSTEMPATH\Boot.php(68): CodeIgniter\Boot::runCodeIgniter(Object(CodeIgniter\CodeIgniter))
11 FCPATH\index.php(59): CodeIgniter\Boot::bootWeb(Object(Config\Paths))
DEBUG - 2026-07-27 16:46:20 --> Session: Class initialized using 'CodeIgniter\Session\Handlers\FileHandler' driver.
DEBUG - 2026-07-27 16:46:20 --> Session: Class initialized using 'CodeIgniter\Session\Handlers\FileHandler' driver.
ERROR - 2026-07-27 16:46:20 --> Table 'db_pwmuhammadiyah.amal_usaha' doesn't exist
in SYSTEMPATH\Database\MySQLi\Connection.php on line 300.
 1 SYSTEMPATH\Database\MySQLi\Connection.php(300): mysqli->query('SELECT COUNT(*) AS `numrows`
FROM `amal_usaha`', 0)
 2 SYSTEMPATH\Database\BaseConnection.php(908): CodeIgniter\Database\MySQLi\Connection->execute('SELECT COUNT(*) AS `numrows`
FROM `amal_usaha`')
 3 SYSTEMPATH\Database\BaseConnection.php(825): CodeIgniter\Database\BaseConnection->simpleQuery('SELECT COUNT(*) AS `numrows`
FROM `amal_usaha`')
 4 SYSTEMPATH\Database\BaseBuilder.php(1739): CodeIgniter\Database\BaseConnection->query('SELECT COUNT(*) AS `numrows`
FROM `amal_usaha`', [], false)
 5 APPPATH\Controllers\Dashboard.php(22): CodeIgniter\Database\BaseBuilder->countAllResults()
 6 SYSTEMPATH\CodeIgniter.php(974): App\Controllers\Dashboard->index()
 7 SYSTEMPATH\CodeIgniter.php(520): CodeIgniter\CodeIgniter->runController(Object(App\Controllers\Dashboard))
 8 SYSTEMPATH\CodeIgniter.php(363): CodeIgniter\CodeIgniter->handleRequest(null, Object(Config\Cache), false)
 9 SYSTEMPATH\Boot.php(417): CodeIgniter\CodeIgniter->run()
10 SYSTEMPATH\Boot.php(68): CodeIgniter\Boot::runCodeIgniter(Object(CodeIgniter\CodeIgniter))
11 FCPATH\index.php(59): CodeIgniter\Boot::bootWeb(Object(Config\Paths))
CRITICAL - 2026-07-27 16:46:20 --> CodeIgniter\Database\Exceptions\DatabaseException: Table 'db_pwmuhammadiyah.amal_usaha' doesn't exist
[Method: GET, Route: dashboard]
in SYSTEMPATH\Database\BaseConnection.php on line 863.
 1 SYSTEMPATH\Database\BaseBuilder.php(1739): CodeIgniter\Database\BaseConnection->query('SELECT COUNT(*) AS `numrows`
FROM `amal_usaha`', [], false)
 2 APPPATH\Controllers\Dashboard.php(22): CodeIgniter\Database\BaseBuilder->countAllResults()
 3 SYSTEMPATH\CodeIgniter.php(974): App\Controllers\Dashboard->index()
 4 SYSTEMPATH\CodeIgniter.php(520): CodeIgniter\CodeIgniter->runController(Object(App\Controllers\Dashboard))
 5 SYSTEMPATH\CodeIgniter.php(363): CodeIgniter\CodeIgniter->handleRequest(null, Object(Config\Cache), false)
 6 SYSTEMPATH\Boot.php(417): CodeIgniter\CodeIgniter->run()
 7 SYSTEMPATH\Boot.php(68): CodeIgniter\Boot::runCodeIgniter(Object(CodeIgniter\CodeIgniter))
 8 FCPATH\index.php(59): CodeIgniter\Boot::bootWeb(Object(Config\Paths))
CRITICAL - 2026-07-27 16:46:20 --> [Caused by] CodeIgniter\Database\Exceptions\DatabaseException: Table 'db_pwmuhammadiyah.amal_usaha' doesn't exist
in SYSTEMPATH\Database\MySQLi\Connection.php on line 310.
 1 SYSTEMPATH\Database\BaseConnection.php(908): CodeIgniter\Database\MySQLi\Connection->execute('SELECT COUNT(*) AS `numrows`
FROM `amal_usaha`')
 2 SYSTEMPATH\Database\BaseConnection.php(825): CodeIgniter\Database\BaseConnection->simpleQuery('SELECT COUNT(*) AS `numrows`
FROM `amal_usaha`')
 3 SYSTEMPATH\Database\BaseBuilder.php(1739): CodeIgniter\Database\BaseConnection->query('SELECT COUNT(*) AS `numrows`
FROM `amal_usaha`', [], false)
 4 APPPATH\Controllers\Dashboard.php(22): CodeIgniter\Database\BaseBuilder->countAllResults()
 5 SYSTEMPATH\CodeIgniter.php(974): App\Controllers\Dashboard->index()
 6 SYSTEMPATH\CodeIgniter.php(520): CodeIgniter\CodeIgniter->runController(Object(App\Controllers\Dashboard))
 7 SYSTEMPATH\CodeIgniter.php(363): CodeIgniter\CodeIgniter->handleRequest(null, Object(Config\Cache), false)
 8 SYSTEMPATH\Boot.php(417): CodeIgniter\CodeIgniter->run()
 9 SYSTEMPATH\Boot.php(68): CodeIgniter\Boot::runCodeIgniter(Object(CodeIgniter\CodeIgniter))
10 FCPATH\index.php(59): CodeIgniter\Boot::bootWeb(Object(Config\Paths))
CRITICAL - 2026-07-27 16:46:20 --> [Caused by] mysqli_sql_exception: Table 'db_pwmuhammadiyah.amal_usaha' doesn't exist
in SYSTEMPATH\Database\MySQLi\Connection.php on line 300.
 1 SYSTEMPATH\Database\MySQLi\Connection.php(300): mysqli->query('SELECT COUNT(*) AS `numrows`
FROM `amal_usaha`', 0)
 2 SYSTEMPATH\Database\BaseConnection.php(908): CodeIgniter\Database\MySQLi\Connection->execute('SELECT COUNT(*) AS `numrows`
FROM `amal_usaha`')
 3 SYSTEMPATH\Database\BaseConnection.php(825): CodeIgniter\Database\BaseConnection->simpleQuery('SELECT COUNT(*) AS `numrows`
FROM `amal_usaha`')
 4 SYSTEMPATH\Database\BaseBuilder.php(1739): CodeIgniter\Database\BaseConnection->query('SELECT COUNT(*) AS `numrows`
FROM `amal_usaha`', [], false)
 5 APPPATH\Controllers\Dashboard.php(22): CodeIgniter\Database\BaseBuilder->countAllResults()
 6 SYSTEMPATH\CodeIgniter.php(974): App\Controllers\Dashboard->index()
 7 SYSTEMPATH\CodeIgniter.php(520): CodeIgniter\CodeIgniter->runController(Object(App\Controllers\Dashboard))
 8 SYSTEMPATH\CodeIgniter.php(363): CodeIgniter\CodeIgniter->handleRequest(null, Object(Config\Cache), false)
 9 SYSTEMPATH\Boot.php(417): CodeIgniter\CodeIgniter->run()
10 SYSTEMPATH\Boot.php(68): CodeIgniter\Boot::runCodeIgniter(Object(CodeIgniter\CodeIgniter))
11 FCPATH\index.php(59): CodeIgniter\Boot::bootWeb(Object(Config\Paths))
DEBUG - 2026-07-27 16:46:21 --> Session: Class initialized using 'CodeIgniter\Session\Handlers\FileHandler' driver.
DEBUG - 2026-07-27 16:46:25 --> Session: Class initialized using 'CodeIgniter\Session\Handlers\FileHandler' driver.
DEBUG - 2026-07-27 16:46:38 --> Session: Class initialized using 'CodeIgniter\Session\Handlers\FileHandler' driver.
DEBUG - 2026-07-27 16:46:39 --> Session: Class initialized using 'CodeIgniter\Session\Handlers\FileHandler' driver.
DEBUG - 2026-07-27 16:47:11 --> Session: Class initialized using 'CodeIgniter\Session\Handlers\FileHandler' driver.
DEBUG - 2026-07-27 16:47:12 --> Session: Class initialized using 'CodeIgniter\Session\Handlers\FileHandler' driver.
ERROR - 2026-07-27 16:47:12 --> Table 'db_pwmuhammadiyah.amal_usaha' doesn't exist
in SYSTEMPATH\Database\MySQLi\Connection.php on line 300.
 1 SYSTEMPATH\Database\MySQLi\Connection.php(300): mysqli->query('SELECT COUNT(*) AS `numrows`
FROM `amal_usaha`', 0)
 2 SYSTEMPATH\Database\BaseConnection.php(908): CodeIgniter\Database\MySQLi\Connection->execute('SELECT COUNT(*) AS `numrows`
FROM `amal_usaha`')
 3 SYSTEMPATH\Database\BaseConnection.php(825): CodeIgniter\Database\BaseConnection->simpleQuery('SELECT COUNT(*) AS `numrows`
FROM `amal_usaha`')
 4 SYSTEMPATH\Database\BaseBuilder.php(1739): CodeIgniter\Database\BaseConnection->query('SELECT COUNT(*) AS `numrows`
FROM `amal_usaha`', [], false)
 5 APPPATH\Controllers\Dashboard.php(22): CodeIgniter\Database\BaseBuilder->countAllResults()
 6 SYSTEMPATH\CodeIgniter.php(974): App\Controllers\Dashboard->index()
 7 SYSTEMPATH\CodeIgniter.php(520): CodeIgniter\CodeIgniter->runController(Object(App\Controllers\Dashboard))
 8 SYSTEMPATH\CodeIgniter.php(363): CodeIgniter\CodeIgniter->handleRequest(null, Object(Config\Cache), false)
 9 SYSTEMPATH\Boot.php(417): CodeIgniter\CodeIgniter->run()
10 SYSTEMPATH\Boot.php(68): CodeIgniter\Boot::runCodeIgniter(Object(CodeIgniter\CodeIgniter))
11 FCPATH\index.php(59): CodeIgniter\Boot::bootWeb(Object(Config\Paths))
CRITICAL - 2026-07-27 16:47:12 --> CodeIgniter\Database\Exceptions\DatabaseException: Table 'db_pwmuhammadiyah.amal_usaha' doesn't exist
[Method: GET, Route: dashboard]
in SYSTEMPATH\Database\BaseConnection.php on line 863.
 1 SYSTEMPATH\Database\BaseBuilder.php(1739): CodeIgniter\Database\BaseConnection->query('SELECT COUNT(*) AS `numrows`
FROM `amal_usaha`', [], false)
 2 APPPATH\Controllers\Dashboard.php(22): CodeIgniter\Database\BaseBuilder->countAllResults()
 3 SYSTEMPATH\CodeIgniter.php(974): App\Controllers\Dashboard->index()
 4 SYSTEMPATH\CodeIgniter.php(520): CodeIgniter\CodeIgniter->runController(Object(App\Controllers\Dashboard))
 5 SYSTEMPATH\CodeIgniter.php(363): CodeIgniter\CodeIgniter->handleRequest(null, Object(Config\Cache), false)
 6 SYSTEMPATH\Boot.php(417): CodeIgniter\CodeIgniter->run()
 7 SYSTEMPATH\Boot.php(68): CodeIgniter\Boot::runCodeIgniter(Object(CodeIgniter\CodeIgniter))
 8 FCPATH\index.php(59): CodeIgniter\Boot::bootWeb(Object(Config\Paths))
CRITICAL - 2026-07-27 16:47:12 --> [Caused by] CodeIgniter\Database\Exceptions\DatabaseException: Table 'db_pwmuhammadiyah.amal_usaha' doesn't exist
in SYSTEMPATH\Database\MySQLi\Connection.php on line 310.
 1 SYSTEMPATH\Database\BaseConnection.php(908): CodeIgniter\Database\MySQLi\Connection->execute('SELECT COUNT(*) AS `numrows`
FROM `amal_usaha`')
 2 SYSTEMPATH\Database\BaseConnection.php(825): CodeIgniter\Database\BaseConnection->simpleQuery('SELECT COUNT(*) AS `numrows`
FROM `amal_usaha`')
 3 SYSTEMPATH\Database\BaseBuilder.php(1739): CodeIgniter\Database\BaseConnection->query('SELECT COUNT(*) AS `numrows`
FROM `amal_usaha`', [], false)
 4 APPPATH\Controllers\Dashboard.php(22): CodeIgniter\Database\BaseBuilder->countAllResults()
 5 SYSTEMPATH\CodeIgniter.php(974): App\Controllers\Dashboard->index()
 6 SYSTEMPATH\CodeIgniter.php(520): CodeIgniter\CodeIgniter->runController(Object(App\Controllers\Dashboard))
 7 SYSTEMPATH\CodeIgniter.php(363): CodeIgniter\CodeIgniter->handleRequest(null, Object(Config\Cache), false)
 8 SYSTEMPATH\Boot.php(417): CodeIgniter\CodeIgniter->run()
 9 SYSTEMPATH\Boot.php(68): CodeIgniter\Boot::runCodeIgniter(Object(CodeIgniter\CodeIgniter))
10 FCPATH\index.php(59): CodeIgniter\Boot::bootWeb(Object(Config\Paths))
CRITICAL - 2026-07-27 16:47:12 --> [Caused by] mysqli_sql_exception: Table 'db_pwmuhammadiyah.amal_usaha' doesn't exist
in SYSTEMPATH\Database\MySQLi\Connection.php on line 300.
 1 SYSTEMPATH\Database\MySQLi\Connection.php(300): mysqli->query('SELECT COUNT(*) AS `numrows`
FROM `amal_usaha`', 0)
 2 SYSTEMPATH\Database\BaseConnection.php(908): CodeIgniter\Database\MySQLi\Connection->execute('SELECT COUNT(*) AS `numrows`
FROM `amal_usaha`')
 3 SYSTEMPATH\Database\BaseConnection.php(825): CodeIgniter\Database\BaseConnection->simpleQuery('SELECT COUNT(*) AS `numrows`
FROM `amal_usaha`')
 4 SYSTEMPATH\Database\BaseBuilder.php(1739): CodeIgniter\Database\BaseConnection->query('SELECT COUNT(*) AS `numrows`
FROM `amal_usaha`', [], false)
 5 APPPATH\Controllers\Dashboard.php(22): CodeIgniter\Database\BaseBuilder->countAllResults()
 6 SYSTEMPATH\CodeIgniter.php(974): App\Controllers\Dashboard->index()
 7 SYSTEMPATH\CodeIgniter.php(520): CodeIgniter\CodeIgniter->runController(Object(App\Controllers\Dashboard))
 8 SYSTEMPATH\CodeIgniter.php(363): CodeIgniter\CodeIgniter->handleRequest(null, Object(Config\Cache), false)
 9 SYSTEMPATH\Boot.php(417): CodeIgniter\CodeIgniter->run()
10 SYSTEMPATH\Boot.php(68): CodeIgniter\Boot::runCodeIgniter(Object(CodeIgniter\CodeIgniter))
11 FCPATH\index.php(59): CodeIgniter\Boot::bootWeb(Object(Config\Paths))
DEBUG - 2026-07-27 16:52:55 --> Session: Class initialized using 'CodeIgniter\Session\Handlers\FileHandler' driver.
DEBUG - 2026-07-27 16:53:05 --> Session: Class initialized using 'CodeIgniter\Session\Handlers\FileHandler' driver.
DEBUG - 2026-07-27 16:53:23 --> Session: Class initialized using 'CodeIgniter\Session\Handlers\FileHandler' driver.
DEBUG - 2026-07-27 16:53:23 --> Session: Class initialized using 'CodeIgniter\Session\Handlers\FileHandler' driver.
DEBUG - 2026-07-27 16:53:33 --> Session: Class initialized using 'CodeIgniter\Session\Handlers\FileHandler' driver.
DEBUG - 2026-07-27 16:53:33 --> Session: Class initialized using 'CodeIgniter\Session\Handlers\FileHandler' driver.
